npcStationID,systemID,regionID,securityStatus,npcStationName
60000004,30002780,10000033,0.708087,Muvolailen X - Moon 3 - CBD Corporation Storage
60000007,30002779,10000033,0.794424,Ono V - Moon 9 - CBD Corporation Storage
60000010,30002776,10000033,0.80747,Annaro I - CBD Corporation Storage
60000013,30002779,10000033,0.794424,Ono V - Moon 2 - CBD Corporation Storage
60000016,30002778,10000033,0.830855,Tasabeshi VIII - Moon 13 - CBD Corporation Storage
60000019,30002778,10000033,0.830855,Tasabeshi VI - Moon 1 - CBD Corporation Storage
60000022,30002650,10000032,0.456755,Ney X - Moon 15 - CBD Corporation Storage
60000025,30002648,10000032,0.55178,Ardene VIII - Moon 5 - CBD Corporation Storage
60000028,30002654,10000032,0.4481,Schoorasana VI - Moon 1 - CBD Corporation Storage
60000031,30002654,10000032,0.4481,Schoorasana VI - Moon 6 - CBD Corporation Storage
60000034,30002648,10000032,0.55178,Ardene VI - Moon 12 - CBD Corporation Storage
60000037,30002650,10000032,0.456755,Ney X - Moon 12 - CBD Corporation Storage
60000040,30003393,10000042,0.779535,Eiluvodi VI - Moon 14 - CBD Corporation Storage
60000043,30003393,10000042,0.779535,Eiluvodi VIII - Moon 2 - CBD Corporation Storage
60000046,30003399,10000042,0.604578,Vorsk IV - Moon 1 - CBD Corporation Storage
60000049,30003397,10000042,0.911898,Bongveber IX - Moon 10 - CBD Corporation Storage
60000052,30003395,10000042,0.9051,Roleinn X - Moon 13 - CBD Corporation Storage
60000055,30003394,10000042,0.826576,Freatlidur IX - Moon 15 - CBD Corporation Storage
60000058,30003082,10000038,0.57282,Hatori X - Moon 12 - CBD Corporation Storage
60000061,30003084,10000038,0.474424,Malpara II - CBD Corporation Storage
60000064,30003082,10000038,0.57282,Hatori X - Moon 10 - CBD Corporation Storage
60000067,30003081,10000038,0.724134,Ronne I - Moon 1 - CBD Corporation Storage
60000070,30003082,10000038,0.57282,Hatori IX - Moon 8 - CBD Corporation Storage
60000073,30003083,10000038,0.809591,Junsen V - Moon 20 - CBD Corporation Storage
60000076,30002414,10000028,0.302147,Klingt VII - Moon 2 - CBD Corporation Storage
60000079,30002415,10000028,0.302036,Weld IV - Moon 14 - CBD Corporation Storage
60000082,30002414,10000028,0.302147,Klingt IV - Moon 1 - CBD Corporation Storage
60000085,30002420,10000028,0.034555,Egbinger XI - Moon 3 - CBD Corporation Storage
60000088,30002414,10000028,0.302147,Klingt V - CBD Corporation Storage
60000091,30002414,10000028,0.302147,Klingt IX - Moon 3 - CBD Corporation Storage
60000094,30003429,10000042,0.709046,Geffur VIII - Moon 10 - CBD Corporation Storage
60000097,30003432,10000042,0.58107,Lumegen V - Moon 2 - CBD Corporation Storage
60000100,30003430,10000042,0.671349,Oppold IX - Moon 6 - CBD Corporation Storage
60000103,30003432,10000042,0.58107,Lumegen I - CBD Corporation Storage
60000106,30003430,10000042,0.671349,Oppold IV - Moon 1 - CBD Corporation Storage
60000109,30003429,10000042,0.709046,Geffur VII - Moon 3 - CBD Corporation Storage
60000112,30005001,10000064,0.8,Arnon VIII - Moon 2 - CBD Corporation Storage
60000115,30005003,10000064,0.423686,Adirain V - Moon 4 - CBD Corporation Storage
60000118,30005004,10000064,0.669496,Attyn V - Moon 2 - CBD Corporation Storage
60000121,30005007,10000064,0.373263,Lisbaetanne I - CBD Corporation Storage
60000124,30005001,10000064,0.8,Arnon XII - CBD Corporation Storage
60000127,30005001,10000064,0.8,Arnon X - Moon 8 - CBD Corporation Storage
60000130,30004250,10000054,0.478673,Chibi VI - Moon 13 - CBD Corporation Storage
60000133,30004253,10000054,0.751878,Pahineh VII - Moon 9 - CBD Corporation Storage
60000136,30004249,10000054,0.68935,Avada II - CBD Corporation Storage
60000139,30004248,10000054,0.498555,Haimeh IX - Moon 4 - CBD Corporation Storage
60000142,30004250,10000054,0.478673,Chibi VIII - Moon 21 - CBD Corporation Storage
60000145,30004248,10000054,0.498555,Haimeh II - CBD Corporation Storage
60000148,30002513,10000030,0.478756,Dammalin VI - CBD Corporation Storage
60000151,30002517,10000030,0.376794,Gulmorogod VI - Moon 4 - CBD Corporation Storage
60000154,30002515,10000030,0.438684,Olfeim V - Moon 3 - CBD Corporation Storage
60000157,30002517,10000030,0.376794,Gulmorogod VIII - Moon 25 - CBD Corporation Storage
60000160,30002512,10000030,0.558836,Alakgur VIII - Moon 2 - CBD Corporation Storage
60000163,30002512,10000030,0.558836,Alakgur IX - Moon 9 - CBD Corporation Storage
60000166,30004295,10000054,0.472105,Keba II - CBD Corporation Storage
60000169,30004293,10000054,0.383267,Pserz VIII - Moon 3 - CBD Corporation Storage
60000172,30004292,10000054,0.2755,Soza XII - Moon 14 - CBD Corporation Storage
60000175,30004293,10000054,0.383267,Pserz XII - Moon 4 - CBD Corporation Storage
60000178,30004289,10000054,0.228142,Vaini III - CBD Corporation Storage
60000181,30004295,10000054,0.472105,Keba IX - Moon 1 - CBD Corporation Storage
60000184,30001673,10000020,0.939664,Shesha III - CBD Corporation Storage
60000187,30001674,10000020,0.891444,Hilaban VI - Moon 1 - CBD Corporation Storage
60000190,30001674,10000020,0.891444,Hilaban IV - Moon 5 - CBD Corporation Storage
60000193,30001674,10000020,0.891444,Hilaban III - Moon 3 - CBD Corporation Storage
60000196,30001669,10000020,0.684396,Pimebeka VIII - Moon 9 - CBD Corporation Storage
60000199,30001674,10000020,0.891444,Hilaban VIII - Moon 1 - CBD Corporation Storage
60000202,30005032,10000065,0.340894,Khabara VII - Moon 15 - CBD Corporation Storage
60000205,30005031,10000065,0.351497,Nebian II - CBD Corporation Storage
60000208,30005035,10000065,0.438171,Ami V - Moon 1 - CBD Corporation Storage
60000211,30005035,10000065,0.438171,Ami VI - CBD Corporation Storage
60000214,30005030,10000065,0.396833,Fensi VI - Moon 10 - CBD Corporation Storage
60000217,30005035,10000065,0.438171,Ami VII - Moon 1 - CBD Corporation Storage
60000220,30001729,10000020,0.729366,Sinid VI - CBD Corporation Storage
60000223,30001732,10000020,0.867339,Zith IX - Moon 2 - CBD Corporation Storage
60000226,30001731,10000020,0.833348,Ilas V - Moon 1 - CBD Corporation Storage
60000229,30001733,10000020,0.949794,Tew IX - Moon 9 - CBD Corporation Storage
60000232,30001729,10000020,0.729366,Sinid VI - Moon 2 - CBD Corporation Storage
60000235,30001731,10000020,0.833348,Ilas VII - Moon 10 - CBD Corporation Storage
60000238,30004102,10000052,0.909281,Inis-Ilix V - CBD Corporation Storage
60000241,30004099,10000052,0.773736,Sonama VI - Moon 12 - CBD Corporation Storage
60000244,30004102,10000052,0.909281,Inis-Ilix IV - Moon 1 - CBD Corporation Storage
60000247,30004099,10000052,0.773736,Sonama VII - Moon 5 - CBD Corporation Storage
60000250,30004103,10000052,0.647333,Kothe X - Moon 6 - CBD Corporation Storage
60000253,30004101,10000052,0.869107,Suner VII - Moon 16 - CBD Corporation Storage
60000256,30001399,10000016,0.665783,Elonaya X - Moon 22 - CBD Corporation Storage
60000259,30001401,10000016,0.508041,Nonni VI - CBD Corporation Storage
60000262,30001401,10000016,0.508041,Nonni IV - CBD Corporation Storage
60000265,30001403,10000016,0.741152,Piak II - Moon 3 - CBD Corporation Storage
60000268,30001401,10000016,0.508041,Nonni III - CBD Corporation Storage
60000271,30001399,10000016,0.665783,Elonaya X - Moon 11 - CBD Corporation Storage
60000274,30000149,10000002,0.699187,Gekutami V - Moon 1 - Prompt Delivery Storage
60000277,30000148,10000002,0.743252,Jakanerva III - Moon 15 - Prompt Delivery Storage
60000280,30000149,10000002,0.699187,Gekutami VII - Moon 3 - Prompt Delivery Storage
60000283,30000120,10000002,0.633706,Mitsolen IV - Moon 9 - Prompt Delivery Storage
60000286,30000121,10000002,0.637428,Jatate III - Moon 10 - Prompt Delivery Storage
60000289,30000121,10000002,0.637428,Jatate IV - Moon 17 - Prompt Delivery Storage
60000292,30000126,10000002,0.650146,Geras IX - Moon 7 - Prompt Delivery Storage
60000295,30000130,10000002,0.874585,Shihuken VII - Moon 10 - Prompt Delivery Storage
60000298,30000129,10000002,0.945965,Unpas VIII - Moon 11 - Prompt Delivery Storage
60000301,30000188,10000002,0.566958,Hentogaira III - Moon 6 - Prompt Delivery Storage
60000304,30000188,10000002,0.566958,Hentogaira IV - Prompt Delivery Storage
60000307,30000189,10000002,0.528522,Kiainti IX - Moon 8 - Prompt Delivery Storage
60000310,30001399,10000016,0.665783,Elonaya X - Moon 21 - Ytiri Storage
60000313,30001403,10000016,0.741152,Piak IV - Moon 22 - Ytiri Storage
60000316,30001403,10000016,0.741152,Piak III - Moon 19 - Ytiri Storage
60000319,30001398,10000016,0.44779,Aunenen VII - Moon 1 - Ytiri Storage
60000322,30002744,10000033,0.819648,Auviken V - Moon 6 - Ytiri Storage
60000325,30002746,10000033,0.816639,Oijamon III - Moon 12 - Ytiri Storage
60000328,30002748,10000033,0.57134,Jeras VII - Moon 15 - Ytiri Storage
60000331,30002748,10000033,0.57134,Jeras VII - Moon 1 - Ytiri Storage
60000334,30001386,10000016,0.549477,Saatuban IX - Moon 1 - Ytiri Storage
60000337,30001387,10000016,0.677701,Isikano VIII - Moon 7 - Ytiri Storage
60000340,30001391,10000016,0.50597,Piekura VII - Moon 1 - Ytiri Storage
60000343,30001387,10000016,0.677701,Isikano VII - Moon 5 - Ytiri Storage
60000346,30001370,10000016,0.693806,Ouranienen IV - Ytiri Storage
60000349,30001373,10000016,0.453233,Raussinen X - Moon 3 - Ytiri Storage
60000352,30001368,10000016,0.605931,Uemisaisen VIII - Moon 10 - Ytiri Storage
60000355,30001372,10000070,-1.0,Kino VII - Moon 13 - Perun Clade Porevitium Vault
60000358,30000144,10000002,0.949,Perimeter VI - Ytiri Storage
60000361,30000142,10000002,0.945913,Jita IV - Moon 6 - Ytiri Storage
60000364,30000142,10000002,0.945913,Jita V - Moon 14 - Ytiri Storage
60000367,30000139,10000002,0.949,Urlen VII - Moon 8 - Ytiri Storage
60000370,30001379,10000016,0.885312,Tunttaras IX - Moon 11 - Ytiri Storage
60000373,30001374,10000016,0.843816,Iidoken VI - Moon 8 - Ytiri Storage
60000376,30001376,10000016,0.816557,Nourvukaiken VII - Moon 18 - Ytiri Storage
60000379,30001375,10000016,0.769323,Tsuguwa IV - Moon 15 - Ytiri Storage
60000382,30000192,10000070,-1.0,Otanuomi IV - Moon 5 - Perun Clade Bioadaptation Chambers
60000385,30000193,10000002,0.500279,Vouskiaho IV - Moon 1 - Ytiri Storage
60000388,30000193,10000002,0.500279,Vouskiaho VI - Moon 14 - Ytiri Storage
60000391,30000192,10000070,-1.0,Otanuomi VI - Moon 9 - The Convocation of Triglav Proving Complex
60000394,30000138,10000002,0.949,Ikuchi VI - Moon 15 - Ytiri Storage
60000397,30000136,10000002,0.663811,Ohmahailen IV - Moon 2 - Ytiri Storage
60000400,30000133,10000002,0.949,Hirtamon VI - Moon 6 - Ytiri Storage
60000403,30000138,10000002,0.949,Ikuchi VI - Moon 6 - Ytiri Storage
60000406,30002766,10000033,0.737108,Iivinen X - Moon 2 - Ytiri Storage
60000409,30002764,10000033,0.941061,Hatakani VIII - Moon 17 - Ytiri Storage
60000412,30002764,10000033,0.941061,Hatakani VIII - Moon 11 - Ytiri Storage
60000415,30002766,10000033,0.737108,Iivinen VIII - Moon 8 - Ytiri Storage
60000418,30002818,10000033,0.847664,Oichiya VII - Moon 6 - Ytiri Storage
60000421,30002816,10000033,0.893457,Saila VII - Moon 15 - Ytiri Storage
60000424,30002817,10000033,0.489789,Aramachi II - Moon 2 - Ytiri Storage
60000427,30002815,10000033,0.803999,Isenairos VII - Moon 4 - Ytiri Storage
60000430,30002801,10000033,0.729161,Suroken VII - Moon 2 - Hyasyoda Corporation Mineral Reserve
60000433,30002802,10000033,0.8473,Kusomonmon VI - Moon 4 - Hyasyoda Corporation Mining Outpost
60000436,30002802,10000033,0.8473,Kusomonmon IV - Moon 4 - Hyasyoda Corporation Mining Outpost
60000439,30002804,10000033,0.670042,Isikesu IV - Moon 14 - Hyasyoda Corporation Mining Outpost
60000442,30002804,10000033,0.670042,Isikesu IV - Moon 7 - Hyasyoda Corporation Mineral Reserve
60000445,30002802,10000033,0.8473,Kusomonmon VI - Moon 24 - Hyasyoda Corporation Mining Outpost
60000448,30000139,10000002,0.949,Urlen VII - Moon 6 - Hyasyoda Corporation Refinery
60000451,30000142,10000002,0.945913,Jita IV - Moon 6 - Hyasyoda Corporation Refinery
60000454,30000143,10000002,0.949,Niyabainen VIII - Moon 16 - Hyasyoda Corporation Mineral Reserve
60000457,30000143,10000002,0.949,Niyabainen IX - Moon 21 - Hyasyoda Corporation Mining Outpost
60000460,30000143,10000002,0.949,Niyabainen IX - Moon 8 - Hyasyoda Corporation Mineral Reserve
60000463,30000142,10000002,0.945913,Jita VI - Hyasyoda Corporation Refinery
60000466,30001409,10000016,0.561301,Umokka X - Moon 21 - Hyasyoda Corporation Mining Outpost
60000469,30001409,10000016,0.561301,Umokka VI - Moon 2 - Hyasyoda Corporation Mining Outpost
60000472,30001408,10000016,0.780765,Ruvas VI - Moon 10 - Hyasyoda Corporation Refinery
60000475,30001404,10000016,0.851633,Airkio IX - Moon 14 - Hyasyoda Corporation Mineral Reserve
60000478,30001409,10000016,0.561301,Umokka VII - Moon 9 - Hyasyoda Corporation Mining Outpost
60000481,30001404,10000016,0.851633,Airkio IX - Moon 1 - Hyasyoda Corporation Mineral Reserve
60000484,30000204,10000002,0.384887,Ohkunen V - Moon 19 - Hyasyoda Corporation Mining Outpost
60000487,30000206,10000070,-1.0,Wirashoda VII - Moon 5 - Veles Clade Mutaplasmid Farm
60000490,30000206,10000070,-1.0,Wirashoda V - Veles Clade Extractive Terminus
60000493,30000203,10000002,0.417261,Eruka V - Moon 5 - Hyasyoda Corporation Mining Outpost
60000496,30000201,10000002,0.474179,Uchoshi XI - Moon 12 - Hyasyoda Corporation Mineral Reserve
60000499,30000203,10000002,0.417261,Eruka VIII - Moon 18 - Hyasyoda Corporation Mining Outpost
60000502,30000147,10000002,0.625298,Abagawa IV - Moon 2 - Hyasyoda Corporation Mineral Reserve
60000505,30000148,10000002,0.743252,Jakanerva IV - Moon 4 - Hyasyoda Corporation Refinery
60000508,30000149,10000002,0.699187,Gekutami III - Hyasyoda Corporation Refinery
60000511,30000149,10000002,0.699187,Gekutami V - Hyasyoda Corporation Mineral Reserve
60000514,30000152,10000002,0.541327,Hampinen V - Moon 1 - Hyasyoda Corporation Mineral Reserve
60000517,30000148,10000002,0.743252,Jakanerva II - Moon 13 - Hyasyoda Corporation Refinery
60000520,30000184,10000002,0.483909,Uminas IV - Moon 1 - Hyasyoda Corporation Mining Outpost
60000523,30000183,10000002,0.761306,Nuken VII - Moon 20 - Hyasyoda Corporation Mining Outpost
60000526,30000187,10000002,0.561774,Wuos V - Moon 1 - Hyasyoda Corporation Mining Outpost
60000529,30000185,10000002,0.503992,Airaken VI - Moon 3 - Hyasyoda Corporation Mineral Reserve
60000532,30000184,10000002,0.483909,Uminas VI - Moon 6 - Hyasyoda Corporation Mining Outpost
60000535,30000180,10000002,0.680264,Osmon IV - Moon 4 - Hyasyoda Corporation Mineral Reserve
60000538,30002764,10000033,0.941061,Hatakani VI - Moon 5 - Hyasyoda Corporation Refinery
60000541,30002764,10000033,0.941061,Hatakani VI - Moon 4 - Hyasyoda Corporation Refinery
60000544,30002766,10000033,0.737108,Iivinen X - Moon 10 - Hyasyoda Corporation Mineral Reserve
60000547,30002763,10000033,0.91903,Tennen VIII - Moon 4 - Hyasyoda Corporation Refinery
60000550,30002763,10000033,0.91903,Tennen VIII - Moon 13 - Hyasyoda Corporation Mineral Reserve
60000553,30002766,10000033,0.737108,Iivinen X - Moon 5 - Hyasyoda Corporation Mining Outpost
60000556,30002797,10000070,-1.0,Kaunokka IV - Veles Clade Semiosis Theater
60000559,30002797,10000070,-1.0,Kaunokka II - Moon 1 - Veles Clade Mutaplasmid Farm
60000562,30002799,10000033,0.533575,Oisio III - Moon 1 - Hyasyoda Corporation Refinery
60000565,30002798,10000033,0.611822,Venilen VIII - Moon 3 - Hyasyoda Corporation Mining Outpost
60000568,30002798,10000033,0.611822,Venilen VIII - Moon 8 - Hyasyoda Corporation Mining Outpost
60000571,30002798,10000033,0.611822,Venilen XI - Moon 14 - Hyasyoda Corporation Mining Outpost
60000574,30000193,10000002,0.500279,Vouskiaho III - Hyasyoda Corporation Mineral Reserve
60000577,30000189,10000002,0.528522,Kiainti VI - Moon 1 - Hyasyoda Corporation Refinery
60000580,30000193,10000002,0.500279,Vouskiaho VI - Moon 15 - Hyasyoda Corporation Mineral Reserve
60000583,30000192,10000070,-1.0,Otanuomi VI - Moon 7 - Perun Clade Extractive Terminus
60000586,30000192,10000070,-1.0,Otanuomi V - Moon 16 - Perun Clade Mutaplasmid Farm
60000589,30000193,10000002,0.500279,Vouskiaho VIII - Moon 17 - Hyasyoda Corporation Refinery
60000592,30001356,10000016,0.398268,Dantumi IV - Moon 19 - Hyasyoda Corporation Mineral Reserve
60000595,30001360,10000016,0.51856,Kiskoken I - Hyasyoda Corporation Mining Outpost
60000598,30001358,10000016,0.530137,Ossa VII - Moon 5 - Hyasyoda Corporation Mineral Reserve
60000601,30001356,10000016,0.398268,Dantumi III - Hyasyoda Corporation Refinery
60000604,30001360,10000016,0.51856,Kiskoken VII - Moon 2 - Hyasyoda Corporation Mining Outpost
60000607,30001357,10000016,0.560299,Antiainen I - Hyasyoda Corporation Refinery
60000610,30002775,10000033,0.778535,Paara I - Deep Core Mining Inc. Mining Outpost
60000613,30002779,10000033,0.794424,Ono V - Moon 2 - Deep Core Mining Inc. Mining Outpost
60000616,30002779,10000033,0.794424,Ono VI - Moon 6 - Deep Core Mining Inc. Mining Outpost
60000619,30002802,10000033,0.8473,Kusomonmon V - Moon 14 - Deep Core Mining Inc. Mining Outpost
60000622,30002800,10000033,0.609266,Haatomo VI - Moon 16 - Deep Core Mining Inc. Refinery
60000625,30002802,10000033,0.8473,Kusomonmon V - Moon 20 - Deep Core Mining Inc. Mining Outpost
60000628,30002797,10000070,-1.0,Kaunokka VI - Moon 1 - Veles Clade Extractive Terminus
60000631,30002794,10000033,0.50122,Yria II - Moon 11 - Deep Core Mining Inc. Refinery
60000634,30002797,10000070,-1.0,Kaunokka III - Moon 1 - Veles Clade Extractive Terminus
60000637,30002773,10000033,0.557445,Hogimo V - Moon 11 - Deep Core Mining Inc. Mining Outpost
60000640,30002773,10000033,0.557445,Hogimo IV - Deep Core Mining Inc. Mining Outpost
60000643,30002773,10000033,0.557445,Hogimo V - Moon 16 - Deep Core Mining Inc. Mining Outpost
60000646,30000152,10000002,0.541327,Hampinen V - Poksu Mineral Group Mining Outpost
60000649,30000146,10000002,0.65244,Saisio VIII - Moon 16 - Poksu Mineral Group Mineral Reserve
60000652,30000149,10000002,0.699187,Gekutami VI - Poksu Mineral Group Mineral Reserve
60000655,30000152,10000002,0.541327,Hampinen VII - Moon 11 - Poksu Mineral Group Refinery
60000658,30002786,10000033,0.602213,Ikao VIII - Moon 1 - Poksu Mineral Group Mineral Reserve
60000661,30002787,10000033,0.534684,Waira VIII - Moon 17 - Poksu Mineral Group Mineral Reserve
60000664,30002784,10000033,0.813315,Tintoh VI - Moon 1 - Poksu Mineral Group Mining Outpost
60000667,30002786,10000033,0.602213,Ikao VIII - Poksu Mineral Group Mineral Reserve
60000670,30002802,10000033,0.8473,Kusomonmon VI - Moon 20 - Poksu Mineral Group Mining Outpost
60000673,30002805,10000033,0.712756,Anttiri III - Poksu Mineral Group Mineral Reserve
60000676,30002805,10000033,0.712756,Anttiri V - Moon 18 - Poksu Mineral Group Mineral Reserve
60000679,30002801,10000033,0.729161,Suroken X - Moon 1 - Poksu Mineral Group Refinery
60000682,30000145,10000002,0.949,New Caldari Prime - Moon 1 - Poksu Mineral Group Mineral Reserve
60000685,30000144,10000002,0.949,Perimeter VII - Poksu Mineral Group Mineral Reserve
60000688,30000145,10000002,0.949,New Caldari I (Matigu) - Poksu Mineral Group Mineral Reserve
60000691,30000143,10000002,0.949,Niyabainen VII - Moon 2 - Poksu Mineral Group Mineral Reserve
60000694,30002812,10000033,0.303626,Tannolen VIII - Moon 14 - Poksu Mineral Group Mining Outpost
60000697,30002808,10000033,0.39809,Oto VIII - Moon 6 - Poksu Mineral Group Mining Outpost
60000700,30002810,10000033,0.324033,Eranakko III - Moon 6 - Poksu Mineral Group Mineral Reserve
60000703,30002806,10000033,0.335829,Hasmijaala X - Moon 1 - Poksu Mineral Group Refinery
60000706,30001372,10000070,-1.0,Kino V - Moon 3 - Perun Clade Semiosis Theater
60000709,30001369,10000016,0.51257,Sotrentaira VI - Moon 11 - Poksu Mineral Group Mineral Reserve
60000712,30001372,10000070,-1.0,Kino IV - Moon 12 - Perun Clade Extractive Terminus
60000715,30001373,10000016,0.453233,Raussinen IX - Moon 13 - Poksu Mineral Group Mining Outpost
60000718,30002815,10000033,0.803999,Isenairos VI - Poksu Mineral Group Mineral Reserve
60000721,30002819,10000033,0.872794,Motsu VI - Moon 13 - Poksu Mineral Group Mining Outpost
60000724,30002817,10000033,0.489789,Aramachi VII - Moon 8 - Poksu Mineral Group Mining Outpost
60000727,30002817,10000033,0.489789,Aramachi VI - Moon 6 - Poksu Mineral Group Mining Outpost
60000730,30001401,10000016,0.508041,Nonni III - Poksu Mineral Group Refinery
60000733,30001400,10000016,0.489405,Litiura VII - Moon 4 - Poksu Mineral Group Mineral Reserve
60000736,30001403,10000016,0.741152,Piak III - Moon 6 - Poksu Mineral Group Mineral Reserve
60000739,30001403,10000016,0.741152,Piak II - Poksu Mineral Group Refinery
60000742,30002773,10000033,0.557445,Hogimo V - Moon 7 - Poksu Mineral Group Mining Outpost
60000745,30002773,10000033,0.557445,Hogimo V - Moon 9 - Poksu Mineral Group Mining Outpost
60000748,30002774,10000033,0.572713,Huttaken VI - Moon 2 - Poksu Mineral Group Mineral Reserve
60000751,30002769,10000033,0.448785,Enderailen V - Poksu Mineral Group Refinery
60000754,30001362,10000016,0.842495,Veisto V - Moon 4 - Poksu Mineral Group Refinery
60000757,30001362,10000016,0.842495,Veisto V - Moon 5 - Poksu Mineral Group Refinery
60000760,30001364,10000016,0.858976,Funtanainen V - Poksu Mineral Group Mineral Reserve
60000763,30001363,10000016,0.841025,Sobaseki XIII - Moon 3 - Poksu Mineral Group Mineral Reserve
60000766,30001394,10000016,0.770922,Korama VI - Moon 10 - Minedrill Mining Outpost
60000769,30001397,10000016,0.560588,Isseras IV - Moon 1 - Minedrill Mineral Reserve
60000772,30001396,10000016,0.66223,Aakari I - Minedrill Refinery
60000775,30001418,10000016,0.645797,Aikantoh III - Minedrill Mining Outpost
60000778,30001418,10000016,0.645797,Aikantoh III - Moon 2 - Minedrill Mining Outpost
60000781,30001418,10000016,0.645797,Aikantoh VI - Moon 2 - Minedrill Mining Outpost
60000784,30000188,10000002,0.566958,Hentogaira I - Moon 13 - Minedrill Mineral Reserve
60000787,30000190,10000002,0.493712,Vasala VI - Moon 10 - Minedrill Refinery
60000790,30000188,10000002,0.566958,Hentogaira II - Moon 6 - Minedrill Refinery
60000793,30002802,10000033,0.8473,Kusomonmon IV - Moon 2 - Minedrill Mining Outpost
60000796,30002802,10000033,0.8473,Kusomonmon IV - Moon 6 - Minedrill Mining Outpost
60000799,30002803,10000033,0.621322,Juunigaishi XI - Moon 3 - Minedrill Refinery
60000802,30001432,10000016,0.523532,Uesuro II - Moon 1 - Minedrill Refinery
60000805,30001436,10000016,0.357089,Isie V - Minedrill Mining Outpost
60000808,30001433,10000016,0.450911,Oishami VII - Moon 12 - Minedrill Mining Outpost
60000811,30001404,10000016,0.851633,Airkio IX - Minedrill Refinery
60000814,30001404,10000016,0.851633,Airkio III - Moon 1 - Minedrill Mineral Reserve
60000817,30001409,10000016,0.561301,Umokka X - Moon 12 - Minedrill Mining Outpost
60000820,30001448,10000016,0.296379,Hakonen IX - Moon 16 - Minedrill Refinery
60000823,30001443,10000016,0.528345,Vuorrassi IV - Moon 2 - Minedrill Mineral Reserve
60000826,30001447,10000016,0.328332,Taisy III - Minedrill Refinery
60000829,30002819,10000033,0.872794,Motsu III - Minedrill Mineral Reserve
60000832,30002817,10000033,0.489789,Aramachi V - Moon 1 - Minedrill Mining Outpost
60000835,30002817,10000033,0.489789,Aramachi VI - Moon 4 - Minedrill Mining Outpost
60000838,30001367,10000016,0.604188,Hageken X - Moon 9 - Minedrill Mineral Reserve
60000841,30001365,10000016,0.780999,Isikemi IV - Moon 3 - Minedrill Mineral Reserve
60000844,30001363,10000016,0.841025,Sobaseki VI - Minedrill Mineral Reserve
60000847,30002808,10000033,0.39809,Oto VIII - Moon 4 - Minedrill Mining Outpost
60000850,30002806,10000033,0.335829,Hasmijaala VIII - Moon 4 - Minedrill Mineral Reserve
60000853,30002812,10000033,0.303626,Tannolen VI - Moon 7 - Minedrill Mining Outpost
60000856,30002800,10000033,0.609266,Haatomo VI - Moon 1 - Caldari Provisions Warehouse
60000859,30002802,10000033,0.8473,Kusomonmon VI - Moon 6 - Caldari Provisions Plantation
60000862,30002801,10000033,0.729161,Suroken XI - Caldari Provisions Plantation
60000865,30002803,10000033,0.621322,Juunigaishi X - Moon 3 - Caldari Provisions Food Packaging
60000868,30000184,10000002,0.483909,Uminas V - Moon 3 - Caldari Provisions Plantation
60000871,30000184,10000002,0.483909,Uminas VI - Moon 7 - Caldari Provisions Plantation
60000874,30000181,10000002,0.643166,Korsiki IV - Moon 16 - Caldari Provisions Food Packaging
60000877,30000183,10000002,0.761306,Nuken VI - Moon 12 - Caldari Provisions Plantation
60000880,30002781,10000033,0.658938,Halaima VII - Moon 6 - Caldari Provisions Warehouse
60000883,30002783,10000033,0.668238,Sankkasen VII - Moon 4 - Caldari Provisions Plantation
60000886,30002787,10000033,0.534684,Waira VIII - Moon 15 - Caldari Provisions Food Packaging
60000889,30002787,10000033,0.534684,Waira V - Moon 1 - Caldari Provisions Food Packaging
60000892,30001363,10000016,0.841025,Sobaseki X - Moon 15 - Caldari Provisions Warehouse
60000895,30001363,10000016,0.841025,Sobaseki IX - Moon 9 - Caldari Provisions Food Packaging
60000898,30001367,10000016,0.604188,Hageken X - Moon 20 - Caldari Provisions Warehouse
60000901,30001364,10000016,0.858976,Funtanainen II - Caldari Provisions Warehouse
60000904,30000177,10000002,0.64512,Ukkalen VII - Moon 1 - Caldari Provisions Plantation
60000907,30000175,10000002,0.634221,Soshin VII - Moon 4 - Caldari Provisions Plantation
60000910,30000177,10000002,0.64512,Ukkalen IV - Moon 1 - Caldari Provisions Plantation
60000913,30000174,10000002,0.740427,Onuse VII - Moon 21 - Caldari Provisions Plantation
60000916,30000162,10000002,0.440715,Maila VI - Moon 2 - Caldari Provisions Plantation
60000919,30000159,10000002,0.532008,Ikami VI - Moon 13 - Caldari Provisions Food Packaging
60000922,30000163,10000002,0.324625,Akora IX - Moon 12 - Caldari Provisions Plantation
60000925,30000162,10000002,0.440715,Maila IV - Caldari Provisions Warehouse
60000928,30002792,10000033,0.520267,Irjunen VI - Caldari Provisions Food Packaging
60000931,30002789,10000033,0.779169,Kaaputenen III - Moon 7 - Caldari Provisions Plantation
60000934,30002793,10000033,0.462497,Inari IX - Moon 7 - Caldari Provisions Plantation
60000937,30002789,10000033,0.779169,Kaaputenen V - Moon 16 - Caldari Provisions Plantation
60000940,30001424,10000016,0.801226,Haajinen XII - Moon 9 - Caldari Provisions Food Packaging
60000943,30001424,10000016,0.801226,Haajinen XII - Moon 19 - Caldari Provisions Food Packaging
60000946,30001429,10000016,0.519668,Torrinos V - Moon 10 - Caldari Provisions Food Packaging
60000949,30001426,10000016,0.725113,Isinokka VI - Moon 7 - Caldari Provisions Warehouse
60000952,30001372,10000070,-1.0,Kino VII - Moon 17 - The Convocation of Triglav Bioadaptation Chambers
60000955,30001369,10000016,0.51257,Sotrentaira VI - Moon 3 - Caldari Provisions Warehouse
60000958,30001369,10000016,0.51257,Sotrentaira VI - Moon 5 - Caldari Provisions Plantation
60000961,30001372,10000070,-1.0,Kino VII - Moon 10 - Perun Clade Bioadaptation Chambers
60000964,30000205,10000002,0.346931,Obe VI - Caldari Provisions Plantation
60000967,30000207,10000002,0.329199,Osaa IV - Moon 11 - Caldari Provisions Plantation
60000970,30000206,10000070,-1.0,Wirashoda VIII - Moon 5 - Veles Clade Bioadaptation Chambers
60000973,30000201,10000002,0.474179,Uchoshi XI - Moon 4 - Caldari Provisions Food Packaging
60000976,30001401,10000016,0.508041,Nonni III - Moon 1 - Kaalakiota Corporation Factory
60000979,30001403,10000016,0.741152,Piak IV - Moon 14 - Kaalakiota Corporation Warehouse
60000982,30001401,10000016,0.508041,Nonni I - Kaalakiota Corporation Factory
60000985,30001401,10000016,0.508041,Nonni VI - Kaalakiota Corporation Factory
60000988,30001401,10000016,0.508041,Nonni IV - Kaalakiota Corporation Factory
60000991,30001401,10000016,0.508041,Nonni VI - Moon 1 - Kaalakiota Corporation Factory
60000994,30004157,10000052,0.828088,Ithar XI - Kaalakiota Corporation Warehouse
60000997,30004156,10000052,0.83976,Asrios VII - Moon 1 - Kaalakiota Corporation Factory
60001000,30004157,10000052,0.828088,Ithar VI - Moon 10 - Kaalakiota Corporation Factory
60001003,30004157,10000052,0.828088,Ithar VIII - Moon 16 - Kaalakiota Corporation Warehouse
60001006,30004155,10000052,0.837563,Shemah VII - Moon 10 - Kaalakiota Corporation Factory
60001009,30004156,10000052,0.83976,Asrios III - Kaalakiota Corporation Factory
60001012,30002203,10000043,0.629562,Ziona VII - Moon 1 - Kaalakiota Corporation Factory
60001015,30002203,10000043,0.629562,Ziona VII - Moon 3 - Kaalakiota Corporation Warehouse
60001018,30002203,10000043,0.629562,Ziona V - Moon 1 - Kaalakiota Corporation Warehouse
60001021,30002203,10000043,0.629562,Ziona VI - Moon 6 - Kaalakiota Corporation Factory
60001024,30002200,10000043,0.602218,Sukirah IX - Moon 7 - Kaalakiota Corporation Research Center
60001027,30002203,10000043,0.629562,Ziona III - Moon 1 - Kaalakiota Corporation Warehouse
60001030,30003470,10000042,0.3078,Odebeinn V - Moon 5 - Kaalakiota Corporation Factory
60001033,30003467,10000042,0.434329,Frulegur IX - Moon 4 - Kaalakiota Corporation Warehouse
60001036,30003467,10000042,0.434329,Frulegur X - Moon 3 - Kaalakiota Corporation Factory
60001039,30003471,10000042,0.413524,Konora VI - Kaalakiota Corporation Factory
60001042,30003467,10000042,0.434329,Frulegur VIII - Moon 4 - Kaalakiota Corporation Warehouse
60001045,30003469,10000042,0.596073,Hodrold VIII - Moon 2 - Kaalakiota Corporation Factory
60001048,30005294,10000067,0.478834,Bania VI - Moon 11 - Kaalakiota Corporation Warehouse
60001051,30005292,10000067,0.53587,Agal I - Kaalakiota Corporation Factory
60001054,30005291,10000067,0.491687,Ebasez VIII - Moon 4 - Kaalakiota Corporation Factory
60001057,30005289,10000067,0.525594,Nasreri III - Moon 1 - Kaalakiota Corporation Factory
60001060,30005290,10000067,0.537723,Heorah VII - Moon 2 - Kaalakiota Corporation Factory
60001063,30005290,10000067,0.537723,Heorah VII - Kaalakiota Corporation Factory
60001066,30001646,10000020,0.597392,Goram V - Moon 3 - Kaalakiota Corporation Factory
60001069,30001645,10000020,0.589687,Tendhyes VIII - Kaalakiota Corporation Factory
60001072,30001649,10000020,0.576563,Ahrosseas VI - Moon 10 - Kaalakiota Corporation Factory
60001075,30001646,10000020,0.597392,Goram VIII - Moon 4 - Kaalakiota Corporation Factory
60001078,30001644,10000020,0.572842,Tividu IV - Moon 3 - Kaalakiota Corporation Factory
60001081,30001644,10000020,0.572842,Tividu III - Kaalakiota Corporation Factory
60001084,30001669,10000020,0.684396,Pimebeka X - Kaalakiota Corporation Factory
60001087,30001670,10000020,0.804102,Baviasi X - Moon 2 - Kaalakiota Corporation Factory
60001090,30001670,10000020,0.804102,Baviasi VI - Moon 3 - Kaalakiota Corporation Factory
60001093,30001674,10000020,0.891444,Hilaban III - Moon 3 - Kaalakiota Corporation Factory
60001096,30001671,10000020,0.832134,Tash-Murkon Prime II - Moon 1 - Kaalakiota Corporation Factory
60001099,30001670,10000020,0.804102,Baviasi II - Kaalakiota Corporation Factory
60001102,30002532,10000030,0.583069,Tongofur VII - Kaalakiota Corporation Factory
60001105,30002532,10000030,0.583069,Tongofur VIII - Kaalakiota Corporation Warehouse
60001108,30002531,10000030,0.732252,Gerek IV - Moon 8 - Kaalakiota Corporation Factory
60001111,30002535,10000030,0.774382,Ebasgerdur V - Moon 11 - Kaalakiota Corporation Factory
60001114,30002536,10000030,0.444632,Ebodold X - Moon 17 - Kaalakiota Corporation Research Center
60001117,30002534,10000030,0.618089,Rokofur IX - Kaalakiota Corporation Factory
60001120,30004283,10000054,0.162919,Shafrak VIII - Moon 13 - Kaalakiota Corporation Factory
60001123,30004280,10000054,0.28601,Nalnifan II - Moon 8 - Kaalakiota Corporation Factory
60001126,30004282,10000054,0.317565,Getrenjesa IX - Moon 1 - Kaalakiota Corporation Factory
60001129,30004280,10000054,0.28601,Nalnifan VI - Moon 20 - Kaalakiota Corporation Factory
60001132,30004281,10000054,0.344131,Jerhesh VI - Moon 11 - Kaalakiota Corporation Factory
60001135,30004284,10000054,0.103369,Defsunun IX - Moon 18 - Kaalakiota Corporation Factory
60001138,30002067,10000042,0.154826,Brin VI - Moon 14 - Kaalakiota Corporation Warehouse
60001141,30002060,10000042,0.247392,Evati X - Moon 2 - Kaalakiota Corporation Factory
60001144,30002065,10000042,0.237848,Lasleinur IV - Moon 11 - Kaalakiota Corporation Factory
60001147,30002060,10000042,0.247392,Evati VII - Moon 1 - Kaalakiota Corporation Warehouse
60001150,30002060,10000042,0.247392,Evati IX - Moon 4 - Kaalakiota Corporation Warehouse
60001153,30002065,10000042,0.237848,Lasleinur VI - Moon 15 - Kaalakiota Corporation Factory
60001156,30004092,10000052,0.595698,Murini II - Moon 6 - Kaalakiota Corporation Warehouse
60001159,30004096,10000052,0.599686,Khafis X - Moon 2 - Kaalakiota Corporation Factory
60001162,30004093,10000052,0.667457,Askonak IV - Moon 15 - Kaalakiota Corporation Factory
60001165,30004097,10000052,0.658974,Dantan VI - Moon 3 - Kaalakiota Corporation Warehouse
60001168,30004095,10000052,0.618488,Kador Prime IX - Moon 2 - Kaalakiota Corporation Factory
60001171,30004096,10000052,0.599686,Khafis IX - Moon 7 - Kaalakiota Corporation Warehouse
60001174,30002973,10000036,0.759169,Lisudeh VI - Moon 2 - Kaalakiota Corporation Factory
60001177,30002973,10000036,0.759169,Lisudeh V - Moon 16 - Kaalakiota Corporation Warehouse
60001180,30002970,10000036,0.573907,Ohide VIII - Moon 6 - Kaalakiota Corporation Factory
60001183,30002973,10000036,0.759169,Lisudeh V - Moon 10 - Kaalakiota Corporation Factory
60001186,30002970,10000036,0.573907,Ohide VI - Moon 2 - Kaalakiota Corporation Warehouse
60001189,30002969,10000036,0.701652,Eredan I - Kaalakiota Corporation Research Center
60001192,30002790,10000033,0.685588,Waskisen IX - Moon 11 - Kaalakiota Corporation Warehouse
60001195,30002791,10000033,0.883227,Sirppala I - Moon 1 - Kaalakiota Corporation Warehouse
60001198,30002792,10000033,0.520267,Irjunen IV - Kaalakiota Corporation Warehouse
60001201,30002791,10000033,0.883227,Sirppala IV - Moon 16 - Kaalakiota Corporation Warehouse
60001204,30002791,10000033,0.883227,Sirppala II - Moon 3 - Kaalakiota Corporation Factory
60001207,30002790,10000033,0.685588,Waskisen I - Moon 2 - Kaalakiota Corporation Factory
60001210,30002673,10000032,0.766312,Estene VI - Moon 17 - Kaalakiota Corporation Factory
60001213,30002671,10000032,0.787308,Nausschie IX - Kaalakiota Corporation Warehouse
60001216,30002670,10000032,0.65415,Dunraelare VIII - Moon 14 - Kaalakiota Corporation Factory
60001219,30002672,10000032,0.715756,Inghenges IV - Moon 5 - Kaalakiota Corporation Factory
60001222,30002670,10000032,0.65415,Dunraelare VIII - Moon 15 - Kaalakiota Corporation Factory
60001225,30002671,10000032,0.787308,Nausschie VI - Kaalakiota Corporation Factory
60001228,30004104,10000052,0.420356,Ansasos VII - Moon 4 - Kaalakiota Corporation Factory
60001231,30004106,10000052,0.411153,Bordan VIII - Moon 3 - Kaalakiota Corporation Factory
60001234,30004104,10000052,0.420356,Ansasos IX - Moon 1 - Kaalakiota Corporation Factory
60001237,30004106,10000052,0.411153,Bordan V - Moon 2 - Kaalakiota Corporation Factory
60001240,30004104,10000052,0.420356,Ansasos III - Kaalakiota Corporation Factory
60001243,30004106,10000052,0.411153,Bordan IV - Moon 1 - Kaalakiota Corporation Factory
60001246,30001356,10000016,0.398268,Dantumi IV - Moon 14 - Wiyrkomi Corporation Factory
60001249,30001357,10000016,0.560299,Antiainen III - Moon 1 - Wiyrkomi Corporation Factory
60001252,30001356,10000016,0.398268,Dantumi VI - Moon 3 - Wiyrkomi Corporation Factory
60001255,30001356,10000016,0.398268,Dantumi IV - Moon 12 - Wiyrkomi Corporation Factory
60001258,30002680,10000032,0.539811,Augnais X - Moon 1 - Wiyrkomi Corporation Factory
60001261,30002677,10000032,0.56165,Fluekele IV - Moon 10 - Wiyrkomi Corporation Factory
60001264,30002676,10000032,0.9,Parchanier VI - Moon 16 - Wiyrkomi Corporation Factory
60001267,30002679,10000032,0.507774,Jolia VII - Moon 12 - Wiyrkomi Corporation Factory
60001270,30003428,10000042,0.78964,Hilfhurmur X - Wiyrkomi Corporation Factory
60001273,30003430,10000042,0.671349,Oppold VI - Moon 11 - Wiyrkomi Corporation Factory
60001276,30003430,10000042,0.671349,Oppold V - Wiyrkomi Corporation Factory
60001279,30003429,10000042,0.709046,Geffur VIII - Moon 13 - Wiyrkomi Corporation Factory
60001282,30003092,10000038,0.556722,Komaa VII - Moon 1 - Wiyrkomi Corporation Factory
60001285,30003094,10000038,0.488355,Imata VII - Wiyrkomi Corporation Warehouse
60001288,30003092,10000038,0.556722,Komaa III - Moon 1 - Wiyrkomi Corporation Factory
60001291,30003092,10000038,0.556722,Komaa VII - Moon 6 - Wiyrkomi Corporation Factory
60001294,30004254,10000054,0.105135,Fihrneh VI - Moon 8 - Wiyrkomi Corporation Factory
60001297,30004254,10000054,0.105135,Fihrneh V - Moon 4 - Wiyrkomi Corporation Factory
60001300,30004254,10000054,0.105135,Fihrneh VI - Moon 14 - Wiyrkomi Corporation Warehouse
60001303,30004254,10000054,0.105135,Fihrneh IV - Moon 8 - Wiyrkomi Corporation Factory
60001306,30002780,10000033,0.708087,Muvolailen X - Moon 7 - Wiyrkomi Corporation Factory
60001309,30002776,10000033,0.80747,Annaro VI - Moon 2 - Wiyrkomi Corporation Factory
60001312,30002776,10000033,0.80747,Annaro VIII - Wiyrkomi Corporation Factory
60001315,30002776,10000033,0.80747,Annaro IV - Wiyrkomi Corporation Factory
60001318,30002670,10000032,0.65415,Dunraelare VIII - Moon 7 - Wiyrkomi Corporation Warehouse
60001321,30002671,10000032,0.787308,Nausschie IX - Moon 2 - Wiyrkomi Corporation Factory
60001324,30002672,10000032,0.715756,Inghenges IV - Moon 17 - Wiyrkomi Corporation Factory
60001327,30002671,10000032,0.787308,Nausschie XI - Moon 10 - Wiyrkomi Corporation Factory
60001330,30005244,10000067,0.582956,Gergish IX - Moon 10 - Wiyrkomi Corporation Factory
60001333,30005247,10000067,0.540642,Kobam VIII - Moon 2 - Wiyrkomi Corporation Factory
60001336,30005245,10000067,0.561845,Tahli III - Moon 5 - Wiyrkomi Corporation Factory
60001339,30005248,10000067,0.492196,Hirizan VIII - Wiyrkomi Corporation Factory
60001342,30002818,10000033,0.847664,Oichiya I - Wiyrkomi Corporation Factory
60001345,30002816,10000033,0.893457,Saila VII - Moon 5 - Wiyrkomi Corporation Factory
60001348,30002815,10000033,0.803999,Isenairos VII - Moon 5 - Wiyrkomi Corporation Factory
60001351,30002815,10000033,0.803999,Isenairos VI - Moon 9 - Wiyrkomi Corporation Factory
60001354,30003394,10000042,0.826576,Freatlidur V - Moon 11 - Wiyrkomi Corporation Factory
60001357,30003396,10000042,0.755888,Maturat VI - Moon 11 - Wiyrkomi Corporation Factory
60001360,30003397,10000042,0.911898,Bongveber VII - Moon 5 - Wiyrkomi Corporation Factory
60001363,30003394,10000042,0.826576,Freatlidur IX - Moon 19 - Wiyrkomi Corporation Factory
60001366,30003057,10000037,0.268258,Groothese X - Moon 18 - Wiyrkomi Corporation Factory
60001369,30003058,10000037,0.7416,Olide V - Moon 10 - Wiyrkomi Corporation Factory
60001372,30003057,10000037,0.268258,Groothese X - Moon 11 - Wiyrkomi Corporation Factory
60001375,30003060,10000037,0.285023,Mannar VII - Moon 18 - Wiyrkomi Corporation Factory
60001378,30004249,10000054,0.68935,Avada VI - Moon 20 - Wiyrkomi Corporation Factory
60001381,30004249,10000054,0.68935,Avada VII - Moon 6 - Wiyrkomi Corporation Factory
60001384,30004249,10000054,0.68935,Avada VI - Moon 1 - Wiyrkomi Corporation Factory
60001387,30004248,10000054,0.498555,Haimeh VII - Wiyrkomi Corporation Factory
60001390,30003836,10000048,0.289309,Vlillirier V - Moon 2 - Wiyrkomi Corporation Factory
60001393,30003836,10000048,0.289309,Vlillirier IV - Moon 13 - Wiyrkomi Corporation Warehouse
60001396,30003836,10000048,0.289309,Vlillirier III - Moon 2 - Wiyrkomi Corporation Factory
60001399,30003836,10000048,0.289309,Vlillirier IV - Moon 11 - Wiyrkomi Corporation Factory
60001402,30004976,10000064,0.55492,Charmerout IX - Wiyrkomi Corporation Factory
60001405,30004978,10000064,0.450192,Pemene VI - Moon 10 - Wiyrkomi Corporation Factory
60001408,30004973,10000064,0.578162,Caslemon VI - Moon 4 - Wiyrkomi Corporation Warehouse
60001411,30004978,10000064,0.450192,Pemene VI - Moon 2 - Wiyrkomi Corporation Factory
60001414,30004104,10000052,0.420356,Ansasos IX - Moon 2 - Wiyrkomi Corporation Factory
60001417,30004106,10000052,0.411153,Bordan VII - Moon 11 - Wiyrkomi Corporation Factory
60001420,30004104,10000052,0.420356,Ansasos IX - Wiyrkomi Corporation Factory
60001423,30004104,10000052,0.420356,Ansasos VII - Moon 2 - Wiyrkomi Corporation Factory
60001426,30001409,10000016,0.561301,Umokka X - Moon 6 - Top Down Factory
60001429,30001404,10000016,0.851633,Airkio VII - Top Down Factory
60001432,30001404,10000016,0.851633,Airkio VII - Moon 3 - Top Down Factory
60001435,30002775,10000033,0.778535,Paara II - Rapid Assembly Factory
60001438,30002780,10000033,0.708087,Muvolailen VIII - Rapid Assembly Factory
60001441,30002775,10000033,0.778535,Paara IV - Rapid Assembly Factory
60001444,30002816,10000033,0.893457,Saila VII - Moon 11 - Rapid Assembly Factory
60001447,30002815,10000033,0.803999,Isenairos VI - Moon 13 - Rapid Assembly Warehouse
60001450,30002819,10000033,0.872794,Motsu VIII - Moon 1 - Rapid Assembly Warehouse
60001453,30002800,10000033,0.609266,Haatomo VII - Moon 6 - Rapid Assembly Factory
60001456,30002805,10000033,0.712756,Anttiri IV - Moon 1 - Rapid Assembly Factory
60001459,30002804,10000033,0.670042,Isikesu IV - Moon 13 - Rapid Assembly Warehouse
60001462,30001389,10000016,0.635016,Isanamo XIV - Moon 19 - Rapid Assembly Factory
60001465,30001391,10000016,0.50597,Piekura VIII - Moon 15 - Rapid Assembly Factory
60001468,30001389,10000016,0.635016,Isanamo XIV - Moon 21 - Rapid Assembly Factory
60001471,30002770,10000070,-1.0,Tunudan VII - Moon 4 - Svarog Clade Semiosis Theater
60001474,30002767,10000033,0.416024,Kubinen VIII - Moon 2 - Rapid Assembly Factory
60001477,30002772,10000033,0.62936,Rairomon VI - Rapid Assembly Factory
60001480,30000120,10000002,0.633706,Mitsolen IV - Rapid Assembly Factory
60001483,30000119,10000002,0.671738,Itamo VII - Moon 3 - Rapid Assembly Factory
60001486,30000119,10000002,0.671738,Itamo VIII - Rapid Assembly Factory
60001489,30002766,10000033,0.737108,Iivinen VI - Moon 10 - Rapid Assembly Factory
60001492,30002764,10000033,0.941061,Hatakani VII - Moon 20 - Rapid Assembly Factory
60001495,30002766,10000033,0.737108,Iivinen IV - Moon 8 - Rapid Assembly Factory
60001498,30001443,10000016,0.528345,Vuorrassi IV - Moon 10 - Rapid Assembly Factory
60001501,30001444,10000016,0.463883,Oimmo V - Moon 4 - Rapid Assembly Factory
60001504,30001443,10000016,0.528345,Vuorrassi IV - Moon 1 - Rapid Assembly Factory
60001507,30002791,10000033,0.883227,Sirppala IV - Moon 4 - Rapid Assembly Factory
60001510,30002792,10000033,0.520267,Irjunen I - Rapid Assembly Warehouse
60001513,30002791,10000033,0.883227,Sirppala II - Moon 3 - Rapid Assembly Factory
60001516,30001401,10000016,0.508041,Nonni IV - Rapid Assembly Factory
60001519,30001401,10000016,0.508041,Nonni V - Rapid Assembly Factory
60001522,30001403,10000016,0.741152,Piak III - Moon 2 - Rapid Assembly Warehouse
60001525,30002805,10000033,0.712756,Anttiri V - Moon 20 - Perkone Factory
60001528,30002803,10000033,0.621322,Juunigaishi VII - Perkone Factory
60001531,30002804,10000033,0.670042,Isikesu I - Moon 1 - Perkone Factory
60001534,30002805,10000033,0.712756,Anttiri V - Moon 8 - Perkone Factory
60001537,30000119,10000002,0.671738,Itamo VI - Moon 7 - Perkone Factory
60001540,30000119,10000002,0.671738,Itamo IV - Moon 1 - Perkone Factory
60001543,30000119,10000002,0.671738,Itamo III - Perkone Factory
60001546,30000119,10000002,0.671738,Itamo VI - Perkone Factory
60001549,30001410,10000016,0.821743,Kirras VII - Moon 10 - Perkone Factory
60001552,30001412,10000016,0.732158,Tsukuras VII - Moon 9 - Perkone Factory
60001555,30001414,10000016,0.633785,Ajanen VIII - Moon 2 - Perkone Factory
60001558,30001410,10000016,0.821743,Kirras II - Perkone Factory
60001561,30002739,10000033,0.720814,Isaziwa XIII - Moon 8 - Perkone Factory
60001564,30002739,10000033,0.720814,Isaziwa X - Perkone Warehouse
60001567,30002739,10000033,0.720814,Isaziwa VII - Perkone Factory
60001570,30002739,10000033,0.720814,Isaziwa III - Perkone Warehouse
60001573,30001397,10000016,0.560588,Isseras VII - Moon 13 - Perkone Factory
60001576,30001394,10000016,0.770922,Korama II - Moon 7 - Perkone Warehouse
60001579,30001397,10000016,0.560588,Isseras VII - Moon 6 - Perkone Factory
60001582,30001394,10000016,0.770922,Korama IV - Moon 17 - Perkone Warehouse
60001585,30000190,10000002,0.493712,Vasala V - Moon 3 - Perkone Factory
60001588,30000193,10000002,0.500279,Vouskiaho V - Moon 9 - Perkone Factory
60001591,30000188,10000002,0.566958,Hentogaira I - Moon 16 - Perkone Factory
60001594,30000188,10000002,0.566958,Hentogaira II - Perkone Factory
60001597,30002755,10000033,0.543759,Usi IV - Moon 9 - Perkone Factory
60001600,30002756,10000033,0.374638,Ishomilken VIII - Moon 2 - Perkone Factory
60001603,30002756,10000033,0.374638,Ishomilken IX - Moon 14 - Perkone Factory
60001606,30002755,10000033,0.543759,Usi IV - Moon 11 - Perkone Factory
60001609,30002772,10000033,0.62936,Rairomon VIII - Moon 7 - Perkone Warehouse
60001612,30002771,10000033,0.475369,Kulelen V - Moon 12 - Perkone Factory
60001615,30002771,10000033,0.475369,Kulelen VI - Perkone Factory
60001618,30002770,10000070,-1.0,Tunudan IX - Svarog Clade Porevitium Vault
60001621,30000195,10000002,0.282291,Tasti IX - Moon 10 - Perkone Factory
60001624,30000197,10000002,0.197447,Uemon VIII - Moon 3 - Perkone Factory
60001627,30000195,10000002,0.282291,Tasti VI - Moon 16 - Perkone Factory
60001630,30000195,10000002,0.282291,Tasti VI - Moon 2 - Perkone Factory
60001633,30000151,10000002,0.69878,Uoyonen IX - Perkone Warehouse
60001636,30000150,10000002,0.585978,Hurtoken IV - Moon 7 - Perkone Warehouse
60001639,30000150,10000002,0.585978,Hurtoken III - Moon 1 - Perkone Warehouse
60001642,30000146,10000002,0.65244,Saisio VIII - Moon 4 - Perkone Factory
60001645,30000147,10000002,0.625298,Abagawa IX - Moon 1 - Caldari Steel Factory
60001648,30000148,10000002,0.743252,Jakanerva II - Moon 4 - Caldari Steel Factory
60001651,30000148,10000002,0.743252,Jakanerva V - Moon 15 - Caldari Steel Factory
60001654,30000148,10000002,0.743252,Jakanerva IV - Moon 17 - Caldari Steel Factory
60001657,30001375,10000016,0.769323,Tsuguwa III - Moon 10 - Caldari Steel Factory
60001660,30001376,10000016,0.816557,Nourvukaiken IV - Moon 2 - Caldari Steel Factory
60001663,30001374,10000016,0.843816,Iidoken VIII - Caldari Steel Factory
60001666,30001377,10000016,0.936502,Sarekuwa III - Moon 6 - Caldari Steel Warehouse
60001669,30001438,10000016,0.389715,Nannaras VIII - Moon 1 - Caldari Steel Factory
60001672,30001437,10000016,0.338287,Tamo VI - Moon 15 - Caldari Steel Factory
60001675,30001439,10000016,0.358628,Anin IX - Moon 16 - Caldari Steel Factory
60001678,30001439,10000016,0.358628,Anin IX - Moon 12 - Caldari Steel Factory
60001681,30002775,10000033,0.778535,Paara IV - Caldari Steel Factory
60001684,30002780,10000033,0.708087,Muvolailen XI - Moon 3 - Caldari Steel Factory
60001687,30002775,10000033,0.778535,Paara II - Caldari Steel Warehouse
60001690,30002777,10000033,0.834518,Isutaka I - Caldari Steel Warehouse
60001693,30002774,10000033,0.572713,Huttaken I - Moon 1 - Caldari Steel Factory
60001696,30002768,10000033,0.50544,Uedama III - Moon 1 - Caldari Steel Warehouse
60001699,30002772,10000033,0.62936,Rairomon VIII - Moon 7 - Caldari Steel Warehouse
60001702,30002767,10000033,0.416024,Kubinen VI - Moon 6 - Caldari Steel Factory
60001705,30001384,10000016,0.468632,Autaris VII - Moon 2 - Caldari Steel Factory
60001708,30001383,10000016,0.462064,Vaajaita III - Caldari Steel Factory
60001711,30001380,10000016,0.581139,Vellaine VI - Moon 8 - Caldari Steel Warehouse
60001714,30001385,10000016,0.416954,Jan IV - Caldari Steel Warehouse
60001717,30001362,10000016,0.842495,Veisto V - Caldari Steel Factory
60001720,30001362,10000016,0.842495,Veisto V - Moon 15 - Caldari Steel Factory
60001723,30001367,10000016,0.604188,Hageken IV - Caldari Steel Factory
60001726,30001367,10000016,0.604188,Hageken VII - Moon 5 - Caldari Steel Factory
60001729,30001423,10000016,0.582824,Jotenen II - Caldari Steel Warehouse
60001732,30001422,10000016,0.305869,Iitanmadan VIII - Moon 1 - Caldari Steel Factory
60001735,30001423,10000016,0.582824,Jotenen IV - Caldari Steel Warehouse
60001738,30001421,10000016,0.513441,Otalieto VII - Moon 2 - Caldari Steel Warehouse
60001741,30002791,10000033,0.883227,Sirppala II - Caldari Steel Factory
60001744,30002788,10000033,0.836978,Inaro XI - Moon 3 - Caldari Steel Factory
60001747,30002792,10000033,0.520267,Irjunen II - Caldari Steel Warehouse
60001750,30002788,10000033,0.836978,Inaro X - Moon 12 - Caldari Steel Factory
60001753,30002751,10000033,0.686052,Kaimon II - Moon 6 - Caldari Steel Factory
60001756,30002749,10000033,0.740705,Kausaaja IX - Moon 9 - Caldari Steel Factory
60001759,30002751,10000033,0.686052,Kaimon III - Moon 18 - Caldari Steel Factory
60001762,30002753,10000033,0.771435,Aikoro IV - Moon 1 - Caldari Steel Factory
60001765,30001397,10000016,0.560588,Isseras IV - Zainou Biotech Production
60001768,30001395,10000016,0.832837,Ylandoki II - Zainou Biotech Production
60001771,30002816,10000033,0.893457,Saila VIII - Moon 16 - Zainou Biotech Production
60001774,30002815,10000033,0.803999,Isenairos V - Moon 7 - Zainou Biotech Production
60001777,30001361,10000016,0.37554,Aurohunen III - Zainou Biotech Production
60001780,30001359,10000016,0.590755,Semiki IV - Zainou Biohazard Containment Facility
60001783,30000181,10000002,0.643166,Korsiki III - Moon 15 - Zainou Biotech Production
60001786,30000187,10000002,0.561774,Wuos VI - Zainou Biotech Research Center
60001789,30002800,10000033,0.609266,Haatomo VII - Moon 7 - Zainou Biotech Production
60001792,30002800,10000033,0.609266,Haatomo VI - Moon 6 - Zainou Biotech Production
60001795,30000197,10000002,0.197447,Uemon VIII - Moon 10 - Zainou Biotech Production
60001798,30000196,10000002,0.238157,Otosela V - Moon 13 - Zainou Biotech Production
60001801,30000162,10000002,0.440715,Maila IV - Zainou Biotech Production
60001804,30000162,10000002,0.440715,Maila VI - Moon 1 - Zainou Biotech Production
60001807,30000133,10000002,0.949,Hirtamon VII - Moon 5 - Zainou Biotech Production
60001810,30000133,10000002,0.949,Hirtamon VII - Moon 6 - Zainou Biotech Production
60001813,30001391,10000016,0.50597,Piekura VIII - Moon 15 - Zainou Biotech Production
60001816,30001390,10000016,0.42091,Pakkonen IV - Moon 11 - Zainou Biotech Research Center
60001819,30002769,10000033,0.448785,Enderailen IV - Zainou Biotech Production
60001822,30002771,10000033,0.475369,Kulelen V - Moon 8 - Zainou Biotech Production
60001825,30000156,10000002,0.577656,Josameto VIII - Nugoeihuvi Corporation Publisher
60001828,30000156,10000002,0.577656,Josameto IV - Moon 1 - Nugoeihuvi Corporation Development Studio
60001831,30000153,10000002,0.558053,Poinen IV - Moon 13 - Nugoeihuvi Corporation Development Studio
60001834,30000156,10000002,0.577656,Josameto VIII - Moon 1 - Nugoeihuvi Corporation Development Studio
60001837,30002566,10000030,0.756942,Klir VI - Moon 4 - Nugoeihuvi Corporation Development Studio
60001840,30002562,10000030,0.712665,Trer VII - Moon 9 - Nugoeihuvi Corporation Development Studio
60001843,30002562,10000030,0.712665,Trer VIII - Moon 11 - Nugoeihuvi Corporation Development Studio
60001846,30002562,10000030,0.712665,Trer VIII - Moon 7 - Nugoeihuvi Corporation Development Studio
60001849,30003799,10000048,0.205721,Uphallant III - Moon 4 - Nugoeihuvi Corporation Development Studio
60001852,30003796,10000048,0.349445,Iges VII - Nugoeihuvi Corporation Development Studio
60001855,30003799,10000048,0.205721,Uphallant IV - Moon 1 - Nugoeihuvi Corporation Development Studio
60001858,30003796,10000048,0.349445,Iges IV - Nugoeihuvi Corporation Development Studio
60001861,30002660,10000032,0.824164,Eglennaert I - Moon 17 - Nugoeihuvi Corporation Development Studio
60001864,30002659,10000032,0.868407,Dodixie IX - Moon 9 - Nugoeihuvi Corporation Development Studio
60001867,30002659,10000032,0.868407,Dodixie VIII - Moon 3 - Nugoeihuvi Corporation Development Studio
60001870,30002660,10000032,0.824164,Eglennaert I - Moon 11 - Nugoeihuvi Corporation Development Studio
60001873,30000165,10000002,0.650832,Ishisomo IV - Nugoeihuvi Corporation Development Studio
60001876,30000169,10000002,0.380809,Ihakana VIII - Moon 6 - Nugoeihuvi Corporation Development Studio
60001879,30000167,10000002,0.594889,Sakkikainen VI - Moon 1 - Nugoeihuvi Corporation Publisher
60001882,30000168,10000002,0.509153,Friggi VIII - Moon 20 - Nugoeihuvi Corporation Publisher
60001885,30003342,10000041,-0.009272,Y-W6GF I - Nugoeihuvi Corporation Development Studio
60001888,30003343,10000041,-0.012945,KFR-ZE V - Nugoeihuvi Corporation Publisher
60001891,30003342,10000041,-0.009272,Y-W6GF X - Moon 1 - Nugoeihuvi Corporation Development Studio
60001894,30003342,10000041,-0.009272,Y-W6GF X - Nugoeihuvi Corporation Development Studio
60001897,30001705,10000020,0.803226,Azhgabid III - Moon 5 - Nugoeihuvi Corporation Development Studio
60001900,30001703,10000020,0.750378,Taru X - Moon 7 - Nugoeihuvi Corporation Development Studio
60001903,30001703,10000020,0.750378,Taru IX - Moon 17 - Nugoeihuvi Corporation Publisher
60001906,30001703,10000020,0.750378,Taru VI - Moon 1 - Nugoeihuvi Corporation Development Studio
60001909,30005050,10000065,0.572365,Kulu X - Moon 9 - Nugoeihuvi Corporation Development Studio
60001912,30005050,10000065,0.572365,Kulu IX - Moon 2 - Nugoeihuvi Corporation Development Studio
60001915,30005051,10000065,0.581821,Choga II - Moon 1 - Nugoeihuvi Corporation Development Studio
60001918,30005050,10000065,0.572365,Kulu I - Nugoeihuvi Corporation Development Studio
60001921,30005310,10000068,0.537429,Scheenins III - Moon 7 - Nugoeihuvi Corporation Development Studio
60001924,30005310,10000068,0.537429,Scheenins III - Moon 3 - Nugoeihuvi Corporation Development Studio
60001927,30005313,10000068,0.861044,Ellmay IX - Moon 2 - Nugoeihuvi Corporation Development Studio
60001930,30005309,10000068,0.620712,Ansalle V - Moon 2 - Nugoeihuvi Corporation Development Studio
60001933,30003436,10000042,0.791879,Tollus VIII - Moon 3 - Nugoeihuvi Corporation Development Studio
60001936,30003436,10000042,0.791879,Tollus X - Moon 5 - Nugoeihuvi Corporation Development Studio
60001939,30003434,10000042,0.836097,Polstodur VI - Nugoeihuvi Corporation Development Studio
60001942,30003436,10000042,0.791879,Tollus VIII - Nugoeihuvi Corporation Publisher
60001945,30005324,10000068,0.718714,Claulenne IV - Moon 14 - Nugoeihuvi Corporation Publisher
60001948,30005328,10000068,0.398014,Reblier VIII - Moon 10 - Nugoeihuvi Corporation Development Studio
60001951,30005322,10000068,0.822736,Scolluzer XI - Moon 4 - Nugoeihuvi Corporation Development Studio
60001954,30005322,10000068,0.822736,Scolluzer VIII - Moon 10 - Nugoeihuvi Corporation Publisher
60001957,30005078,10000065,0.453541,Keproh VI - Moon 5 - Nugoeihuvi Corporation Publisher
60001960,30005080,10000065,0.398826,Rannoze V - Moon 16 - Nugoeihuvi Corporation Development Studio
60001963,30005078,10000065,0.453541,Keproh VIII - Moon 4 - Nugoeihuvi Corporation Development Studio
60001966,30005076,10000065,0.499439,Shokal VIII - Nugoeihuvi Corporation Development Studio
60001969,30005072,10000065,0.391041,Gademam VI - Moon 5 - Nugoeihuvi Corporation Development Studio
60001972,30005070,10000065,0.452806,Tadadan V - Moon 1 - Nugoeihuvi Corporation Development Studio
60001975,30005069,10000065,0.554274,Nahol VII - Moon 8 - Nugoeihuvi Corporation Development Studio
60001978,30005070,10000065,0.452806,Tadadan VI - Nugoeihuvi Corporation Development Studio
60001981,30005026,10000064,0.677354,Cat VI - Moon 12 - Nugoeihuvi Corporation Development Studio
60001984,30005025,10000064,0.818801,Derririntel V - Moon 15 - Nugoeihuvi Corporation Publisher
60001987,30005026,10000064,0.677354,Cat VII - Moon 3 - Nugoeihuvi Corporation Development Studio
60001990,30005026,10000064,0.677354,Cat VI - Moon 4 - Nugoeihuvi Corporation Development Studio
60001993,30002080,10000042,0.092769,Arifsdald III - Moon 10 - Nugoeihuvi Corporation Development Studio
60001996,30002077,10000042,0.211785,Hakisalki VIII - Moon 1 - Nugoeihuvi Corporation Development Studio
60001999,30002077,10000042,0.211785,Hakisalki VIII - Moon 14 - Nugoeihuvi Corporation Development Studio
60002002,30002079,10000070,-1.0,Krirald IX - Moon 1 - Perun Clade Semiosis Theater
60002005,30001402,10000016,0.440062,Passari VI - Echelon Entertainment Development Studio
60002008,30001398,10000016,0.44779,Aunenen II - Echelon Entertainment Development Studio
60002011,30001366,10000016,0.694322,Uosusuokko III - Moon 1 - Echelon Entertainment Publisher
60002014,30001365,10000016,0.780999,Isikemi IV - Moon 2 - Echelon Entertainment Development Studio
60002017,30001411,10000016,0.775104,Autama V - Moon 5 - Echelon Entertainment Development Studio
60002020,30001412,10000016,0.732158,Tsukuras II - Echelon Entertainment Development Studio
60002023,30002754,10000033,0.711293,Alikara VI - Moon 14 - Echelon Entertainment Development Studio
60002026,30002751,10000033,0.686052,Kaimon II - Moon 6 - Echelon Entertainment Development Studio
60002029,30002755,10000033,0.543759,Usi VI - Moon 21 - Echelon Entertainment Publisher
60002032,30002755,10000033,0.543759,Usi IV - Moon 13 - Echelon Entertainment Development Studio
60002035,30001384,10000016,0.468632,Autaris VIII - Moon 12 - Echelon Entertainment Development Studio
60002038,30001380,10000016,0.581139,Vellaine V - Moon 4 - Echelon Entertainment Development Studio
60002041,30002815,10000033,0.803999,Isenairos VI - Moon 7 - Echelon Entertainment Development Studio
60002044,30002816,10000033,0.893457,Saila VII - Moon 15 - Echelon Entertainment Development Studio
60002047,30000133,10000002,0.949,Hirtamon VII - Moon 2 - Echelon Entertainment Development Studio
60002050,30000133,10000002,0.949,Hirtamon IV - Moon 1 - Echelon Entertainment Development Studio
60002053,30001430,10000016,0.573492,Endatoh V - Echelon Entertainment Development Studio
60002056,30001432,10000016,0.523532,Uesuro II - Echelon Entertainment Development Studio
60002059,30000148,10000002,0.743252,Jakanerva V - Moon 1 - Echelon Entertainment Development Studio
60002062,30000148,10000002,0.743252,Jakanerva V - Moon 10 - Echelon Entertainment Development Studio
60002065,30001393,10000016,0.948175,Malkalen V - Moon 1 - Ishukone Corporation Factory
60002068,30001394,10000016,0.770922,Korama III - Moon 10 - Ishukone Corporation Factory
60002071,30001394,10000016,0.770922,Korama V - Moon 20 - Ishukone Corporation Factory
60002074,30001394,10000016,0.770922,Korama III - Moon 8 - Ishukone Corporation Factory
60002077,30001696,10000020,0.563121,Iro IX - Moon 6 - Ishukone Corporation Warehouse
60002080,30001698,10000020,0.614769,Gaknem IV - Moon 5 - Ishukone Corporation Factory
60002083,30001695,10000020,0.614642,Nehkiah IV - Moon 12 - Ishukone Corporation Factory
60002086,30001696,10000020,0.563121,Iro XI - Moon 11 - Ishukone Corporation Factory
60002089,30002672,10000032,0.715756,Inghenges VI - Moon 13 - Ishukone Corporation Factory
60002092,30002672,10000032,0.715756,Inghenges V - Moon 2 - Ishukone Corporation Factory
60002095,30002670,10000032,0.65415,Dunraelare II - Ishukone Corporation Warehouse
60002098,30002672,10000032,0.715756,Inghenges V - Moon 13 - Ishukone Corporation Factory
60002101,30003368,10000041,-0.445749,S-U8A4 VI - Moon 1 - Ishukone Corporation Factory
60002104,30003368,10000041,-0.445749,S-U8A4 V - Moon 1 - Ishukone Corporation Factory
60002107,30003371,10000041,-0.351464,CY-ZLP IX - Moon 1 - Ishukone Corporation Factory
60002110,30003373,10000041,-0.390363,98Q-8O V - Moon 4 - Ishukone Corporation Factory
60002113,30003486,10000043,0.359864,Kheram V - Moon 6 - Ishukone Corporation Factory
60002116,30003482,10000043,0.53738,Mista V - Moon 4 - Ishukone Corporation Factory
60002119,30003486,10000043,0.359864,Kheram III - Moon 6 - Ishukone Corporation Factory
60002122,30003485,10000043,0.607272,Andabiar I - Ishukone Corporation Factory
60002125,30002090,10000042,0.306094,Frerstorn III - Ishukone Corporation Factory
60002128,30002093,10000042,0.263332,Gebuladi IX - Moon 9 - Ishukone Corporation Factory
60002131,30002095,10000042,0.212796,Eszur IV - Ishukone Corporation Factory
60002134,30002090,10000042,0.306094,Frerstorn VII - Moon 1 - Ishukone Corporation Factory
60002137,30003389,10000042,0.768874,Altrinur XII - Moon 15 - Ishukone Corporation Factory
60002140,30003389,10000042,0.768874,Altrinur XIII - Moon 3 - Ishukone Corporation Factory
60002143,30003390,10000042,0.847065,Vilur VI - Moon 2 - Ishukone Corporation Factory
60002146,30003392,10000042,0.697443,Eygfe VII - Moon 9 - Ishukone Corporation Factory
60002149,30003801,10000048,0.182975,Aunsou I - Ishukone Corporation Factory
60002152,30003800,10000048,0.231146,Alperaute VII - Moon 4 - Ishukone Corporation Factory
60002155,30003805,10000048,0.134029,Gare V - Moon 10 - Ishukone Corporation Factory
60002158,30003801,10000048,0.182975,Aunsou III - Moon 4 - Ishukone Corporation Factory
60002161,30001448,10000016,0.296379,Hakonen VII - Moon 7 - Ishukone Corporation Factory
60002164,30001443,10000016,0.528345,Vuorrassi V - Moon 13 - Ishukone Corporation Factory
60002167,30001444,10000016,0.463883,Oimmo VII - Moon 10 - Ishukone Corporation Factory
60002170,30001443,10000016,0.528345,Vuorrassi V - Moon 6 - Ishukone Corporation Factory
60002173,30003488,10000043,0.858322,Penirgman V - Moon 3 - Ishukone Corporation Factory
60002176,30003488,10000043,0.858322,Penirgman VII - Ishukone Corporation Factory
60002179,30003488,10000043,0.858322,Penirgman IX - Moon 11 - Ishukone Corporation Factory
60002182,30003488,10000043,0.858322,Penirgman IX - Moon 2 - Ishukone Corporation Factory
60002185,30001670,10000020,0.804102,Baviasi IX - Moon 2 - Ishukone Corporation Factory
60002188,30001670,10000020,0.804102,Baviasi XI - Ishukone Corporation Factory
60002191,30001670,10000020,0.804102,Baviasi X - Ishukone Corporation Factory
60002194,30001673,10000020,0.939664,Shesha V - Ishukone Corporation Factory
60002197,30003066,10000038,0.567863,Kuomi VIII - Moon 22 - Ishukone Corporation Factory
60002200,30003068,10000038,0.36348,Kourmonen V - Ishukone Corporation Factory
60002203,30003067,10000038,0.370249,Huola X - Moon 2 - Ishukone Corporation Factory
60002206,30003068,10000038,0.36348,Kourmonen IV - Moon 18 - Ishukone Corporation Factory
60002209,30005038,10000065,0.913908,Kor-Azor Prime V - Moon 1 - Ishukone Corporation Factory
60002212,30005038,10000065,0.913908,Kor-Azor Prime IV (Eclipticum) - Moon Griklaeum - Ishukone Corporation Factory
60002215,30005037,10000065,0.932524,Mora VI - Moon 4 - Ishukone Corporation Factory
60002218,30005041,10000065,0.695141,Masanuh V - Moon 8 - Ishukone Corporation Factory
60002221,30005012,10000064,0.436471,Haine V - Moon 11 - Ishukone Corporation Factory
60002224,30005010,10000064,0.404096,Atlulle VII - Moon 1 - Ishukone Corporation Factory
60002227,30005009,10000064,0.460556,Allebin VII - Moon 7 - Ishukone Corporation Factory
60002230,30005009,10000064,0.460556,Allebin IX - Moon 4 - Ishukone Corporation Factory
60002233,30000190,10000002,0.493712,Vasala V - Moon 15 - Ishukone Corporation Factory
60002236,30000188,10000002,0.566958,Hentogaira I - Moon 10 - Ishukone Corporation Warehouse
60002239,30000194,10000002,0.3844,Otsela VI - Moon 13 - Ishukone Corporation Factory
60002242,30000192,10000070,-1.0,Otanuomi IV - Moon 4 - Perun Clade Proving Complex
60002245,30001404,10000016,0.851633,Airkio VII - Moon 3 - Lai Dai Corporation Factory
60002248,30001405,10000016,0.949,Kakakela VI - Moon 5 - Lai Dai Corporation Factory
60002251,30001406,10000016,0.687696,Kamokor V - Moon 19 - Lai Dai Corporation Factory
60002254,30001406,10000016,0.687696,Kamokor V - Moon 4 - Lai Dai Corporation Factory
60002257,30002792,10000033,0.520267,Irjunen VII - Moon 2 - Lai Dai Corporation Factory
60002260,30002790,10000033,0.685588,Waskisen VII - Moon 7 - Lai Dai Corporation Factory
60002263,30002788,10000033,0.836978,Inaro VII - Moon 4 - Lai Dai Corporation Factory
60002266,30002788,10000033,0.836978,Inaro X - Moon 4 - Lai Dai Corporation Factory
60002269,30000178,10000002,0.689046,Akkilen V - Moon 3 - Lai Dai Corporation Factory
60002272,30000176,10000002,0.721319,Keikaken V - Moon 1 - Lai Dai Corporation Warehouse
60002275,30000179,10000002,0.522203,Silen III - Moon 9 - Lai Dai Corporation Research Center
60002278,30000175,10000002,0.634221,Soshin VII - Moon 1 - Lai Dai Corporation Factory
60002281,30000168,10000002,0.509153,Friggi VII - Moon 12 - Lai Dai Corporation Factory
60002284,30000167,10000002,0.594889,Sakkikainen VI - Moon 1 - Lai Dai Corporation Factory
60002287,30000168,10000002,0.509153,Friggi VIII - Moon 22 - Lai Dai Corporation Factory
60002290,30000171,10000002,0.481667,Otitoh IV - Moon 1 - Lai Dai Corporation Factory
60002293,30002737,10000070,-1.0,Konola V - Moon 12 - Perun Clade Extractive Terminus
60002296,30002738,10000033,0.570857,Inoue IV - Moon 4 - Lai Dai Corporation Warehouse
60002299,30002739,10000033,0.720814,Isaziwa X - Moon 3 - Lai Dai Corporation Factory
60002302,30002741,10000033,0.438425,Horkkisen I - Lai Dai Corporation Research Center
60002305,30001399,10000016,0.665783,Elonaya X - Moon 4 - Lai Dai Corporation Factory
60002308,30001401,10000016,0.508041,Nonni I - Lai Dai Corporation Factory
60002311,30001401,10000016,0.508041,Nonni V - Lai Dai Corporation Factory
60002314,30001402,10000016,0.440062,Passari V - Moon 8 - Lai Dai Corporation Factory
60002317,30001424,10000016,0.801226,Haajinen XI - Lai Dai Corporation Factory
60002320,30001425,10000016,0.759068,Oipo II - Moon 21 - Lai Dai Corporation Factory
60002323,30001424,10000016,0.801226,Haajinen XI - Moon 9 - Lai Dai Corporation Warehouse
60002326,30001429,10000016,0.519668,Torrinos V - Moon 5 - Lai Dai Corporation Factory
60002329,30002771,10000033,0.475369,Kulelen V - Moon 16 - Lai Dai Corporation Factory
60002332,30002768,10000033,0.50544,Uedama VII - Lai Dai Corporation Factory
60002335,30002773,10000033,0.557445,Hogimo VI - Moon 17 - Lai Dai Corporation Research Center
60002338,30002767,10000033,0.416024,Kubinen VI - Moon 2 - Lai Dai Corporation Factory
60002341,30001437,10000016,0.338287,Tamo V - Moon 5 - Lai Dai Corporation Factory
60002344,30001437,10000016,0.338287,Tamo VIII - Moon 2 - Lai Dai Corporation Factory
60002347,30001437,10000016,0.338287,Tamo V - Moon 9 - Lai Dai Corporation Factory
60002350,30001438,10000016,0.389715,Nannaras VII - Moon 1 - Lai Dai Corporation Factory
60002353,30000181,10000002,0.643166,Korsiki III - Moon 5 - Lai Dai Corporation Factory
60002356,30000183,10000002,0.761306,Nuken VIII - Moon 7 - Lai Dai Corporation Research Center
60002359,30000180,10000002,0.680264,Osmon VI - Moon 6 - Lai Dai Corporation Factory
60002362,30000185,10000002,0.503992,Airaken IV - Moon 1 - Lai Dai Corporation Warehouse
60002365,30001398,10000016,0.44779,Aunenen VI - Moon 5 - Zero-G Research Firm Factory
60002368,30001358,10000016,0.530137,Ossa VII - Moon 7 - Propel Dynamics Factory
60002371,30001361,10000016,0.37554,Aurohunen V - Moon 10 - Propel Dynamics Factory
60002374,30000203,10000002,0.417261,Eruka II - Propel Dynamics Warehouse
60002377,30000202,10000002,0.456966,Mastakomon VI - Propel Dynamics Factory
60002380,30002745,10000033,0.871223,Saikanen III - Propel Dynamics Warehouse
60002383,30002744,10000033,0.819648,Auviken VII - Moon 18 - Propel Dynamics Factory
60002386,30001386,10000016,0.549477,Saatuban VI - Moon 2 - Propel Dynamics Warehouse
60002389,30001386,10000016,0.549477,Saatuban III - Propel Dynamics Warehouse
60002392,30001397,10000016,0.560588,Isseras VI - Moon 6 - Propel Dynamics Factory
60002395,30001397,10000016,0.560588,Isseras VII - Propel Dynamics Warehouse
60002398,30001437,10000016,0.338287,Tamo VI - Moon 18 - Propel Dynamics Factory
60002401,30001437,10000016,0.338287,Tamo VI - Moon 12 - Propel Dynamics Warehouse
60002404,30001382,10000016,0.49451,Akonoinen IV - Moon 1 - Propel Dynamics Factory
60002407,30001380,10000016,0.581139,Vellaine VI - Moon 9 - Propel Dynamics Factory
60002410,30002801,10000033,0.729161,Suroken VIII - Moon 7 - Propel Dynamics Factory
60002413,30002800,10000033,0.609266,Haatomo III - Moon 1 - Propel Dynamics Factory
60002416,30001362,10000016,0.842495,Veisto V - Moon 4 - Propel Dynamics Factory
60002419,30001363,10000016,0.841025,Sobaseki X - Moon 12 - Propel Dynamics Factory
60002422,30000165,10000002,0.650832,Ishisomo VII - Moon 14 - Propel Dynamics Factory
60002425,30000165,10000002,0.650832,Ishisomo VIII - Propel Dynamics Factory
60002428,30000154,10000002,0.600608,Liekuri VII - Moon 22 - Expert Distribution Warehouse
60002431,30000156,10000002,0.577656,Josameto III - Expert Distribution Retail Center
60002434,30000157,10000070,-1.0,Otela IV - Moon 9 - Perun Clade Mutaplasmid Farm
60002437,30000153,10000002,0.558053,Poinen IV - Moon 6 - Expert Distribution Retail Center
60002440,30000153,10000002,0.558053,Poinen II - Moon 3 - Expert Distribution Retail Center
60002443,30000158,10000002,0.676041,Olo II - Expert Distribution Retail Center
60002446,30001729,10000020,0.729366,Sinid VI - Moon 12 - Expert Distribution Warehouse
60002449,30001733,10000020,0.949794,Tew IX - Moon 14 - Expert Distribution Retail Center
60002452,30001729,10000020,0.729366,Sinid VI - Moon 9 - Expert Distribution Warehouse
60002455,30001730,10000020,0.818921,Alra VIII - Moon 8 - Expert Distribution Retail Center
60002458,30001732,10000020,0.867339,Zith VIII - Moon 2 - Expert Distribution Retail Center
60002461,30001732,10000020,0.867339,Zith IX - Moon 4 - Expert Distribution Retail Center
60002464,30002733,10000032,0.826737,Pucherie IV - Moon 1 - Expert Distribution Warehouse
60002467,30002735,10000032,0.823123,Caretyn VI - Moon 3 - Expert Distribution Warehouse
60002470,30002733,10000032,0.826737,Pucherie VI - Moon 8 - Expert Distribution Warehouse
60002473,30002733,10000032,0.826737,Pucherie V - Moon 2 - Expert Distribution Warehouse
60002476,30002731,10000032,0.90355,Vittenyn IV - Moon 6 - Expert Distribution Warehouse
60002479,30002732,10000032,0.779691,Mirilene VII - Moon 3 - Expert Distribution Warehouse
60002482,30001674,10000020,0.891444,Hilaban III - Moon 1 - Expert Distribution Warehouse
60002485,30001671,10000020,0.832134,Tash-Murkon Prime III - Moon 1 - Expert Distribution Retail Center
60002488,30001674,10000020,0.891444,Hilaban IV - Moon 19 - Expert Distribution Retail Center
60002491,30001671,10000020,0.832134,Tash-Murkon Prime V - Moon 7 - Expert Distribution Retail Center
60002494,30001673,10000020,0.939664,Shesha I - Expert Distribution Retail Center
60002497,30001671,10000020,0.832134,Tash-Murkon Prime V - Moon 5 - Expert Distribution Warehouse
60002500,30002995,10000036,0.581827,Naeel VI - Moon 15 - Expert Distribution Retail Center
60002503,30002995,10000036,0.581827,Naeel III - Moon 1 - Expert Distribution Retail Center
60002506,30003000,10000036,0.352545,Thakala IV - Moon 17 - Expert Distribution Warehouse
60002509,30002996,10000036,0.600679,Lower Debyl VII - Moon 13 - Expert Distribution Retail Center
60002512,30003000,10000036,0.352545,Thakala I - Expert Distribution Warehouse
60002515,30003000,10000036,0.352545,Thakala IV - Moon 11 - Expert Distribution Warehouse
60002518,30003368,10000041,-0.445749,S-U8A4 IV - Moon 1 - Expert Distribution Warehouse
60002521,30003372,10000041,-0.376966,U4-Q2V IV - Expert Distribution Warehouse
60002524,30003371,10000041,-0.351464,CY-ZLP III - Moon 1 - Expert Distribution Warehouse
60002527,30003370,10000041,-0.413223,2G38-I VIII - Moon 9 - Expert Distribution Warehouse
60002530,30003370,10000041,-0.413223,2G38-I VI - Expert Distribution Warehouse
60002533,30003369,10000041,-0.416184,ZV-72W VII - Moon 8 - Expert Distribution Retail Center
60002536,30002051,10000042,0.464528,Anher VII - Moon 3 - Expert Distribution Retail Center
60002539,30002051,10000042,0.464528,Anher III - Expert Distribution Retail Center
60002542,30002052,10000042,0.389339,Ragnarg III - Moon 1 - Expert Distribution Warehouse
60002545,30002049,10000042,0.50443,Uttindar V - Moon 5 - Expert Distribution Retail Center
60002548,30002051,10000042,0.464528,Anher VI - Moon 5 - Expert Distribution Warehouse
60002551,30002052,10000042,0.389339,Ragnarg IV - Moon 2 - Expert Distribution Warehouse
60002554,30002190,10000043,0.940368,Mabnen V - Moon 5 - Expert Distribution Warehouse
60002557,30002188,10000043,0.893772,Boranai VII - Moon 17 - Expert Distribution Retail Center
60002560,30002195,10000043,0.856067,Simbeloud VI - Expert Distribution Warehouse
60002563,30002188,10000043,0.893772,Boranai VIII - Expert Distribution Warehouse
60002566,30002195,10000043,0.856067,Simbeloud IX - Moon 1 - Expert Distribution Warehouse
60002569,30002187,10000043,0.949,Amarr VIII (Oris) - Moon 4 - Expert Distribution Retail Center
60002572,30005053,10000065,0.573442,Imih III - Moon 7 - Expert Distribution Warehouse
60002575,30005054,10000065,0.648393,Nare VII - Moon 19 - Expert Distribution Retail Center
60002578,30005053,10000065,0.573442,Imih III - Moon 10 - Expert Distribution Warehouse
60002581,30005053,10000065,0.573442,Imih III - Moon 9 - Expert Distribution Warehouse
60002584,30005050,10000065,0.572365,Kulu VIII - Moon 3 - Expert Distribution Warehouse
60002587,30005051,10000065,0.581821,Choga VII - Expert Distribution Retail Center
60002590,30002537,10000030,0.438761,Amamake VI - Moon 1 - Expert Distribution Warehouse
60002593,30002539,10000030,0.338351,Siseide VII - Expert Distribution Retail Center
60002596,30002537,10000030,0.438761,Amamake VI - Moon 3 - Expert Distribution Warehouse
60002599,30002537,10000030,0.438761,Amamake II - Expert Distribution Warehouse
60002602,30002539,10000030,0.338351,Siseide VIII - Expert Distribution Warehouse
60002605,30002540,10000030,0.339486,Lantorn VI - Moon 4 - Expert Distribution Warehouse
60002608,30002796,10000033,0.397183,Hysera V - Moon 14 - Expert Distribution Warehouse
60002611,30002796,10000033,0.397183,Hysera II - Moon 7 - Expert Distribution Warehouse
60002614,30002794,10000033,0.50122,Yria III - Moon 1 - Expert Distribution Retail Center
60002617,30002798,10000033,0.611822,Venilen VIII - Expert Distribution Warehouse
60002620,30002798,10000033,0.611822,Venilen IX - Moon 2 - Expert Distribution Warehouse
60002623,30002798,10000033,0.611822,Venilen IX - Moon 10 - Expert Distribution Warehouse
60002626,30002686,10000032,0.434761,Olettiers VII - Moon 20 - Expert Distribution Retail Center
60002629,30002686,10000032,0.434761,Olettiers VI - Moon 3 - Expert Distribution Warehouse
60002632,30002686,10000032,0.434761,Olettiers VII - Moon 2 - Expert Distribution Retail Center
60002635,30002686,10000032,0.434761,Olettiers II - Moon 1 - Expert Distribution Warehouse
60002638,30002689,10000032,0.617462,Sileperer IV - Moon 9 - Expert Distribution Warehouse
60002641,30002687,10000032,0.497267,Artisine VIII - Moon 18 - Expert Distribution Retail Center
60002644,30003042,10000037,0.342365,Alachene VIII - Moon 3 - Expert Distribution Retail Center
60002647,30003041,10000037,0.851225,Colcer IX - Moon 7 - Expert Distribution Warehouse
60002650,30003038,10000037,0.629053,Atlanins VII - Moon 1 - Expert Distribution Retail Center
60002653,30003041,10000037,0.851225,Colcer I - Expert Distribution Warehouse
60002656,30003042,10000037,0.342365,Alachene VII - Moon 1 - Expert Distribution Warehouse
60002659,30003040,10000037,0.515858,Bille I - Expert Distribution Retail Center
60002662,30002282,10000043,0.949,Bhizheba VIII - Moon 5 - Expert Distribution Warehouse
60002665,30002281,10000043,0.911785,Eba VIII - Moon 4 - Expert Distribution Retail Center
60002668,30002277,10000043,0.716798,Ebtesham VI - Moon 15 - Expert Distribution Warehouse
60002671,30002278,10000043,0.752386,Artoun IX - Moon 1 - Expert Distribution Warehouse
60002674,30002281,10000043,0.911785,Eba II - Expert Distribution Warehouse
60002677,30002281,10000043,0.911785,Eba VII - Moon 4 - Expert Distribution Retail Center
60002680,30002397,10000028,0.619042,Horaka IV - Moon 9 - Expert Distribution Warehouse
60002683,30002399,10000028,0.804725,Orien IV - Expert Distribution Warehouse
60002686,30002396,10000028,0.28234,Illamur III - Expert Distribution Retail Center
60002689,30002397,10000028,0.619042,Horaka VII - Moon 1 - Expert Distribution Retail Center
60002692,30002399,10000028,0.804725,Orien III - Moon 3 - Expert Distribution Retail Center
60002695,30002399,10000028,0.804725,Orien II - Expert Distribution Retail Center
60002698,30002778,10000033,0.830855,Tasabeshi IV - Moon 10 - CBD Sell Division Retail Center
60002701,30002776,10000033,0.80747,Annaro II - CBD Sell Division Retail Center
60002704,30002778,10000033,0.830855,Tasabeshi II - CBD Sell Division Warehouse
60002707,30002789,10000033,0.779169,Kaaputenen III - Moon 1 - CBD Sell Division Warehouse
60002710,30002788,10000033,0.836978,Inaro X - Moon 2 - CBD Sell Division Retail Center
60002713,30002792,10000033,0.520267,Irjunen V - CBD Sell Division Retail Center
60002716,30002764,10000033,0.941061,Hatakani VII - Moon 5 - CBD Sell Division Retail Center
60002719,30002764,10000033,0.941061,Hatakani VI - Moon 13 - CBD Sell Division Retail Center
60002722,30002766,10000033,0.737108,Iivinen VI - Moon 15 - CBD Sell Division Warehouse
60002725,30002804,10000033,0.670042,Isikesu IV - Moon 6 - CBD Sell Division Warehouse
60002728,30002804,10000033,0.670042,Isikesu I - Moon 3 - CBD Sell Division Warehouse
60002731,30002802,10000033,0.8473,Kusomonmon VI - Moon 21 - CBD Sell Division Warehouse
60002734,30000146,10000002,0.65244,Saisio VIII - Moon 20 - Sukuuvestaa Corporation Warehouse
60002737,30000148,10000002,0.743252,Jakanerva II - Moon 5 - Sukuuvestaa Corporation Production Plant
60002740,30000149,10000002,0.699187,Gekutami VI - Moon 2 - Sukuuvestaa Corporation Foundry
60002743,30000148,10000002,0.743252,Jakanerva II - Moon 1 - Sukuuvestaa Corporation Production Plant
60002746,30000147,10000002,0.625298,Abagawa VII - Moon 14 - Sukuuvestaa Corporation Factory
60002749,30000148,10000002,0.743252,Jakanerva II - Moon 13 - Sukuuvestaa Corporation Factory
60002752,30002775,10000033,0.778535,Paara II - Sukuuvestaa Corporation Warehouse
60002755,30002779,10000033,0.794424,Ono V - Moon 15 - Sukuuvestaa Corporation Production Plant
60002758,30002776,10000033,0.80747,Annaro VIII - Moon 4 - Sukuuvestaa Corporation Production Plant
60002761,30002779,10000033,0.794424,Ono VII - Moon 21 - Sukuuvestaa Corporation Foundry
60002764,30002776,10000033,0.80747,Annaro IX - Sukuuvestaa Corporation Factory
60002767,30002780,10000033,0.708087,Muvolailen X - Moon 16 - Sukuuvestaa Corporation Warehouse
60002770,30002786,10000033,0.602213,Ikao VII - Moon 1 - Sukuuvestaa Corporation Production Plant
60002773,30002782,10000033,0.741149,Kamio VI - Moon 7 - Sukuuvestaa Corporation Production Plant
60002776,30002784,10000033,0.813315,Tintoh V - Moon 5 - Sukuuvestaa Corporation Warehouse
60002779,30002786,10000033,0.602213,Ikao VIII - Moon 3 - Sukuuvestaa Corporation Warehouse
60002782,30002784,10000033,0.813315,Tintoh VI - Moon 2 - Sukuuvestaa Corporation Factory
60002785,30002786,10000033,0.602213,Ikao VII - Moon 19 - Sukuuvestaa Corporation Factory
60002788,30001408,10000016,0.780765,Ruvas II - Sukuuvestaa Corporation Production Plant
60002791,30001409,10000016,0.561301,Umokka X - Moon 15 - Sukuuvestaa Corporation Foundry
60002794,30001409,10000016,0.561301,Umokka VI - Moon 2 - Sukuuvestaa Corporation Foundry
60002797,30001405,10000016,0.949,Kakakela V - Moon 2 - Sukuuvestaa Corporation Production Plant
60002800,30001406,10000016,0.687696,Kamokor V - Moon 15 - Sukuuvestaa Corporation Factory
60002803,30001404,10000016,0.851633,Airkio II - Sukuuvestaa Corporation Factory
60002806,30000153,10000002,0.558053,Poinen V - Moon 16 - Sukuuvestaa Corporation Warehouse
60002809,30000153,10000002,0.558053,Poinen VI - Moon 5 - Sukuuvestaa Corporation Production Plant
60002812,30000154,10000002,0.600608,Liekuri VI - Moon 4 - Sukuuvestaa Corporation Production Plant
60002815,30000158,10000002,0.676041,Olo III - Moon 1 - Sukuuvestaa Corporation Warehouse
60002818,30000153,10000002,0.558053,Poinen IV - Moon 8 - Sukuuvestaa Corporation Factory
60002821,30000156,10000002,0.577656,Josameto III - Moon 1 - Sukuuvestaa Corporation Factory
60002824,30002802,10000033,0.8473,Kusomonmon VI - Moon 23 - Sukuuvestaa Corporation Foundry
60002827,30002801,10000033,0.729161,Suroken V - Moon 2 - Sukuuvestaa Corporation Production Plant
60002830,30002804,10000033,0.670042,Isikesu IV - Moon 10 - Sukuuvestaa Corporation Warehouse
60002833,30002802,10000033,0.8473,Kusomonmon II - Moon 12 - Sukuuvestaa Corporation Production Plant
60002836,30002800,10000033,0.609266,Haatomo VI - Moon 2 - Sukuuvestaa Corporation Factory
60002839,30002804,10000033,0.670042,Isikesu IV - Moon 9 - Sukuuvestaa Corporation Warehouse
60002842,30000177,10000002,0.64512,Ukkalen IX - Moon 15 - Sukuuvestaa Corporation Foundry
60002845,30000176,10000002,0.721319,Keikaken I - Sukuuvestaa Corporation Production Plant
60002848,30000177,10000002,0.64512,Ukkalen IX - Moon 16 - Sukuuvestaa Corporation Foundry
60002851,30000179,10000002,0.522203,Silen III - Moon 15 - Sukuuvestaa Corporation Production Plant
60002854,30000175,10000002,0.634221,Soshin V - Moon 2 - Sukuuvestaa Corporation Factory
60002857,30000175,10000002,0.634221,Soshin VIII - Sukuuvestaa Corporation Factory
60002860,30002765,10000033,0.550532,Sivala VIII - Sukuuvestaa Corporation Warehouse
60002863,30002766,10000033,0.737108,Iivinen VIII - Moon 13 - Sukuuvestaa Corporation Warehouse
60002866,30002762,10000033,0.949,Yashunen V - Moon 1 - Sukuuvestaa Corporation Warehouse
60002869,30002764,10000033,0.941061,Hatakani VII - Moon 18 - Sukuuvestaa Corporation Production Plant
60002872,30002762,10000033,0.949,Yashunen VII - Sukuuvestaa Corporation Warehouse
60002875,30002762,10000033,0.949,Yashunen III - Sukuuvestaa Corporation Warehouse
60002878,30001383,10000016,0.462064,Vaajaita VI - Sukuuvestaa Corporation Warehouse
60002881,30001384,10000016,0.468632,Autaris VIII - Moon 4 - Sukuuvestaa Corporation Production Plant
60002884,30001381,10000070,-1.0,Arvasaras II - Moon 1 - Veles Clade Extractive Terminus
60002887,30001384,10000016,0.468632,Autaris V - Sukuuvestaa Corporation Production Plant
60002890,30001383,10000016,0.462064,Vaajaita I - Sukuuvestaa Corporation Warehouse
60002893,30001382,10000016,0.49451,Akonoinen I - Sukuuvestaa Corporation Factory
60002896,30001364,10000016,0.858976,Funtanainen IV - Sukuuvestaa Corporation Production Plant
60002899,30001367,10000016,0.604188,Hageken VII - Moon 6 - Sukuuvestaa Corporation Warehouse
60002902,30001365,10000016,0.780999,Isikemi VI - Moon 3 - Sukuuvestaa Corporation Warehouse
60002905,30001365,10000016,0.780999,Isikemi VII - Moon 2 - Sukuuvestaa Corporation Warehouse
60002908,30001364,10000016,0.858976,Funtanainen III - Sukuuvestaa Corporation Factory
60002911,30001362,10000016,0.842495,Veisto V - Moon 15 - Sukuuvestaa Corporation Factory
60002914,30001403,10000016,0.741152,Piak III - Moon 5 - Caldari Constructions Production Plant
60002917,30001401,10000016,0.508041,Nonni I - Caldari Constructions Production Plant
60002920,30001400,10000016,0.489405,Litiura VIII - Caldari Constructions Production Plant
60002923,30001400,10000016,0.489405,Litiura I - Caldari Constructions Production Plant
60002926,30001390,10000016,0.42091,Pakkonen V - Moon 4 - Caldari Constructions Foundry
60002929,30001390,10000016,0.42091,Pakkonen II - Moon 1 - Caldari Constructions Foundry
60002932,30001390,10000016,0.42091,Pakkonen IV - Moon 18 - Caldari Constructions Foundry
60002935,30001390,10000016,0.42091,Pakkonen IV - Moon 19 - Caldari Constructions Production Plant
60002938,30001441,10000016,0.119319,Tartoken VII - Moon 17 - Caldari Constructions Production Plant
60002941,30001439,10000016,0.358628,Anin IX - Moon 13 - Caldari Constructions Production Plant
60002944,30001441,10000016,0.119319,Tartoken V - Moon 8 - Caldari Constructions Production Plant
60002947,30001441,10000016,0.119319,Tartoken VI - Caldari Constructions Production Plant
60002950,30000143,10000002,0.949,Niyabainen IX - Moon 9 - Caldari Constructions Warehouse
60002953,30000142,10000002,0.945913,Jita V - Moon 17 - Caldari Constructions Production Plant
60002956,30000144,10000002,0.949,Perimeter IX - Caldari Constructions Production Plant
60002959,30000142,10000002,0.945913,Jita IV - Moon 10 - Caldari Constructions Production Plant
60002962,30001376,10000016,0.816557,Nourvukaiken VII - Moon 4 - Caldari Constructions Production Plant
60002965,30001375,10000016,0.769323,Tsuguwa IV - Moon 13 - Caldari Constructions Warehouse
60002968,30001378,10000016,0.876417,Ekura VII - Moon 14 - Caldari Constructions Warehouse
60002971,30001374,10000016,0.843816,Iidoken III - Caldari Constructions Warehouse
60002974,30001358,10000016,0.530137,Ossa IX - Moon 2 - Caldari Constructions Foundry
60002977,30001356,10000016,0.398268,Dantumi V - Moon 1 - Caldari Constructions Warehouse
60002980,30001357,10000016,0.560299,Antiainen IV - Caldari Constructions Production Plant
60002983,30001360,10000016,0.51856,Kiskoken VII - Moon 4 - Caldari Constructions Foundry
60002986,30002815,10000033,0.803999,Isenairos VI - Caldari Constructions Warehouse
60002989,30002819,10000033,0.872794,Motsu VII - Moon 5 - Caldari Constructions Foundry
60002992,30002817,10000033,0.489789,Aramachi VI - Moon 11 - Caldari Constructions Foundry
60002995,30002818,10000033,0.847664,Oichiya VI - Moon 1 - Caldari Constructions Production Plant
60002998,30000132,10000002,0.912017,Ansila VIII - Moon 14 - Caldari Constructions Production Plant
60003001,30000132,10000002,0.912017,Ansila VIII - Moon 16 - Caldari Constructions Production Plant
60003004,30000137,10000002,0.625294,Eskunen XI - Moon 1 - Caldari Constructions Production Plant
60003007,30000137,10000002,0.625294,Eskunen VI - Caldari Constructions Warehouse
60003010,30001419,10000016,0.481114,Atai II - Moon 2 - Caldari Constructions Production Plant
60003013,30001418,10000016,0.645797,Aikantoh III - Moon 1 - Caldari Constructions Production Plant
60003016,30001419,10000016,0.481114,Atai II - Moon 7 - Caldari Constructions Production Plant
60003019,30001418,10000016,0.645797,Aikantoh I - Caldari Constructions Foundry
60003022,30002802,10000033,0.8473,Kusomonmon II - Moon 8 - Caldari Constructions Production Plant
60003025,30002802,10000033,0.8473,Kusomonmon IV - Moon 13 - Caldari Constructions Foundry
60003028,30002804,10000033,0.670042,Isikesu IV - Moon 5 - Caldari Constructions Production Plant
60003031,30002800,10000033,0.609266,Haatomo VII - Moon 3 - Caldari Constructions Warehouse
60003034,30000157,10000070,-1.0,Otela V - Moon 1 - The Convocation of Triglav Semiosis Theater
60003037,30000157,10000070,-1.0,Otela II - Perun Clade Bioadaptation Chambers
60003040,30000158,10000002,0.676041,Olo I - Moon 1 - Expert Housing Warehouse
60003043,30000163,10000002,0.324625,Akora VI - Moon 7 - Expert Housing Production Plant
60003046,30000162,10000002,0.440715,Maila VII - Expert Housing Warehouse
60003049,30000161,10000002,0.520527,Purjola VII - Expert Housing Production Plant
60003052,30000143,10000002,0.949,Niyabainen IX - Moon 4 - Expert Housing Production Plant
60003055,30000142,10000002,0.945913,Jita IV - Moon 11 - Expert Housing Production Plant
60003058,30000143,10000002,0.949,Niyabainen VIII - Moon 6 - Expert Housing Production Plant
60003061,30000120,10000002,0.633706,Mitsolen I - Moon 1 - Expert Housing Warehouse
60003064,30000123,10000002,0.64717,Vaankalen I - Moon 3 - Expert Housing Production Plant
60003067,30000119,10000002,0.671738,Itamo VII - Moon 5 - Expert Housing Warehouse
60003070,30000181,10000002,0.643166,Korsiki III - Moon 18 - Expert Housing Production Plant
60003073,30000180,10000002,0.680264,Osmon VI - Moon 1 - Expert Housing Production Plant
60003076,30000185,10000002,0.503992,Airaken VIII - Expert Housing Production Plant
60003079,30000131,10000002,0.606936,Nomaa I - Expert Housing Production Plant
60003082,30000128,10000002,0.610849,Tuuriainas III - Expert Housing Production Plant
60003085,30000131,10000002,0.606936,Nomaa VI - Moon 4 - Expert Housing Production Plant
60003088,30001365,10000016,0.780999,Isikemi II - Moon 1 - Expert Housing Warehouse
60003091,30001367,10000016,0.604188,Hageken VIII - Moon 5 - Expert Housing Warehouse
60003094,30001363,10000016,0.841025,Sobaseki XIII - Moon 4 - Expert Housing Warehouse
60003097,30002811,10000033,0.296425,Onatoh VII - Moon 23 - Expert Housing Production Plant
60003100,30002806,10000033,0.335829,Hasmijaala X - Moon 3 - Expert Housing Production Plant
60003103,30002810,10000033,0.324033,Eranakko IV - Moon 1 - Expert Housing Foundry
60003106,30000133,10000002,0.949,Hirtamon VIII - Moon 5 - Expert Housing Warehouse
60003109,30000134,10000002,0.823653,Hykkota IV - Moon 7 - Expert Housing Production Plant
60003112,30000136,10000002,0.663811,Ohmahailen V - Moon 12 - Expert Housing Production Plant
60003115,30002783,10000033,0.668238,Sankkasen VII - Moon 6 - Expert Housing Production Plant
60003118,30002785,10000033,0.829998,Santola IV - Moon 1 - Expert Housing Production Plant
60003121,30002783,10000033,0.668238,Sankkasen IX - Moon 10 - Expert Housing Production Plant
60003124,30001400,10000016,0.489405,Litiura VIII - Moon 7 - Caldari Funds Unlimited Vault
60003127,30001401,10000016,0.508041,Nonni III - Caldari Funds Unlimited Depository
60003130,30002783,10000033,0.668238,Sankkasen IX - Moon 20 - Caldari Funds Unlimited Depository
60003133,30002785,10000033,0.829998,Santola VIII - Moon 11 - Caldari Funds Unlimited Depository
60003136,30000156,10000002,0.577656,Josameto IX - Moon 3 - Caldari Funds Unlimited Depository
60003139,30000154,10000002,0.600608,Liekuri VII - Moon 1 - Caldari Funds Unlimited Depository
60003142,30000162,10000002,0.440715,Maila III - Moon 1 - Caldari Funds Unlimited Depository
60003145,30000161,10000002,0.520527,Purjola VI - Moon 5 - Caldari Funds Unlimited Depository
60003148,30000134,10000002,0.823653,Hykkota V - Moon 17 - Caldari Funds Unlimited Depository
60003151,30000132,10000002,0.912017,Ansila V - Caldari Funds Unlimited Depository
60003154,30001393,10000016,0.948175,Malkalen IV - Moon 1 - Caldari Funds Unlimited Depository
60003157,30001395,10000016,0.832837,Ylandoki VI - Moon 8 - Caldari Funds Unlimited Depository
60003160,30002751,10000033,0.686052,Kaimon III - Moon 14 - Caldari Funds Unlimited Depository
60003163,30002751,10000033,0.686052,Kaimon III - Moon 15 - Caldari Funds Unlimited Depository
60003166,30002764,10000033,0.941061,Hatakani VII - Moon 1 - Caldari Funds Unlimited Depository
60003169,30002765,10000033,0.550532,Sivala VI - Moon 1 - Caldari Funds Unlimited Depository
60003172,30000200,10000002,0.162151,Akkio V - Moon 6 - Caldari Funds Unlimited Vault
60003175,30000195,10000002,0.282291,Tasti IX - Moon 12 - Caldari Funds Unlimited Depository
60003178,30000202,10000002,0.456966,Mastakomon XII - Caldari Funds Unlimited Depository
60003181,30000202,10000002,0.456966,Mastakomon VIII - Moon 2 - Caldari Funds Unlimited Depository
60003184,30001357,10000016,0.560299,Antiainen III - State and Region Bank Depository
60003187,30001360,10000016,0.51856,Kiskoken VII - Moon 14 - State and Region Bank Vault
60003190,30000181,10000002,0.643166,Korsiki III - Moon 11 - State and Region Bank Depository
60003193,30000182,10000002,0.55235,Inaya VIII - Moon 8 - State and Region Bank Depository
60003196,30001409,10000016,0.561301,Umokka VII - State and Region Bank Vault
60003199,30001408,10000016,0.780765,Ruvas VII - State and Region Bank Depository
60003202,30002764,10000033,0.941061,Hatakani VII - Moon 20 - State and Region Bank Depository
60003205,30002764,10000033,0.941061,Hatakani I - Moon 1 - State and Region Bank Depository
60003208,30000169,10000002,0.380809,Ihakana VI - State and Region Bank Depository
60003211,30000170,10000002,0.531592,Vahunomi X - Moon 4 - State and Region Bank Vault
60003214,30002741,10000033,0.438425,Horkkisen XVIII - State and Region Bank Vault
60003217,30002740,10000033,0.538036,Eitu VI - Moon 7 - State and Region Bank Depository
60003220,30001376,10000016,0.816557,Nourvukaiken VII - Moon 8 - State and Region Bank Depository
60003223,30001376,10000016,0.816557,Nourvukaiken VI - Moon 2 - State and Region Bank Depository
60003226,30000128,10000002,0.610849,Tuuriainas IV - State and Region Bank Depository
60003229,30000128,10000002,0.610849,Tuuriainas II - State and Region Bank Depository
60003232,30001440,10000016,0.284707,Karjataimon V - Moon 19 - State and Region Bank Depository
60003235,30001441,10000016,0.119319,Tartoken VII - Moon 7 - State and Region Bank Depository
60003238,30000161,10000002,0.520527,Purjola VII - Moon 10 - State and Region Bank Depository
60003241,30000163,10000002,0.324625,Akora IV - Moon 1 - State and Region Bank Depository
60003244,30000126,10000002,0.650146,Geras IV - Moon 1 - Modern Finances Depository
60003247,30000128,10000002,0.610849,Tuuriainas IV - Modern Finances Depository
60003250,30005306,10000068,0.821577,Vaere VIII - Moon 3 - Modern Finances Depository
60003253,30005302,10000068,0.923913,Alenia IV - Moon 4 - Modern Finances Depository
60003256,30002684,10000032,0.46594,Audaerne VI - Moon 5 - Modern Finances Depository
60003259,30002683,10000032,0.476491,Barmalie VI - Moon 4 - Modern Finances Vault
60003262,30004969,10000064,0.890615,Oursulaert VIII - Modern Finances Vault
60003265,30004969,10000064,0.890615,Oursulaert I - Modern Finances Vault
60003268,30003488,10000043,0.858322,Penirgman V - Moon 2 - Modern Finances Depository
60003271,30003488,10000043,0.858322,Penirgman IX - Moon 7 - Modern Finances Depository
60003274,30003060,10000037,0.285023,Mannar VII - Moon 12 - Modern Finances Depository
60003277,30003060,10000037,0.285023,Mannar IV - Moon 7 - Modern Finances Depository
60003280,30005002,10000064,0.73105,Laurvier IX - Moon 2 - Modern Finances Depository
60003283,30005003,10000064,0.423686,Adirain IV - Moon 2 - Modern Finances Depository
60003286,30002740,10000033,0.538036,Eitu III - Moon 5 - Modern Finances Depository
60003289,30002740,10000033,0.538036,Eitu III - Moon 9 - Modern Finances Depository
60003292,30002699,10000032,0.672466,Brapelille IX - Moon 18 - Modern Finances Depository
60003295,30002700,10000032,0.539168,Bawilan VIII - Moon 17 - Modern Finances Depository
60003298,30001376,10000016,0.816557,Nourvukaiken II - Moon 1 - Modern Finances Depository
60003301,30001376,10000016,0.816557,Nourvukaiken VII - Moon 13 - Modern Finances Depository
60003304,30001648,10000020,0.607686,Adahum IX - Moon 2 - Modern Finances Vault
60003307,30001644,10000020,0.572842,Tividu IV - Moon 9 - Modern Finances Depository
60003310,30003472,10000042,0.603009,Erindur VIII - Moon 18 - Modern Finances Vault
60003313,30003468,10000042,0.712585,Hroduko VII - Moon 14 - Modern Finances Depository
60003316,30003299,10000041,-0.06625,T-LIWS IV - Moon 6 - Modern Finances Depository
60003319,30003298,10000041,-0.049186,UM-Q7F X - Modern Finances Depository
60003322,30001395,10000016,0.832837,Ylandoki V - Moon 7 - Modern Finances Depository
60003325,30001395,10000016,0.832837,Ylandoki VII - Moon 1 - Modern Finances Depository
60003328,30002696,10000032,0.453173,Stegette IV - Moon 10 - Modern Finances Depository
60003331,30002696,10000032,0.453173,Stegette IV - Moon 15 - Modern Finances Depository
60003334,30000145,10000002,0.949,New Caldari Prime - Moon 1 - Chief Executive Panel Bureau
60003337,30000139,10000002,0.949,Urlen VI - Chief Executive Panel Bureau
60003340,30002779,10000033,0.794424,Ono VII - Moon 3 - Chief Executive Panel Treasury
60003343,30002778,10000033,0.830855,Tasabeshi IV - Moon 2 - Chief Executive Panel Academy
60003346,30000171,10000002,0.481667,Otitoh VII - Moon 3 - Chief Executive Panel Academy
60003349,30000165,10000002,0.650832,Ishisomo IX - Moon 9 - Chief Executive Panel Bureau
60003352,30002739,10000033,0.720814,Isaziwa X - Moon 1 - Chief Executive Panel Bureau
60003355,30002739,10000033,0.720814,Isaziwa IX - Chief Executive Panel Bureau
60003358,30001375,10000016,0.769323,Tsuguwa IV - Moon 4 - Chief Executive Panel Bureau
60003361,30001374,10000016,0.843816,Iidoken VII - Moon 7 - Chief Executive Panel Bureau
60003364,30000173,10000002,0.708073,Vattuolen IX - Chief Executive Panel Bureau
60003367,30000179,10000002,0.522203,Silen IV - Moon 18 - Chief Executive Panel Treasury
60003370,30002753,10000033,0.771435,Aikoro VI - Moon 9 - Chief Executive Panel Bureau
60003373,30002754,10000033,0.711293,Alikara VII - Moon 1 - Chief Executive Panel Bureau
60003376,30002819,10000033,0.872794,Motsu VI - Moon 10 - Chief Executive Panel Academy
60003379,30002814,10000033,0.574103,Uotila V - Moon 14 - Chief Executive Panel Bureau
60003382,30002759,10000033,0.383502,Uuna VI - Moon 22 - Chief Executive Panel Bureau
60003385,30002756,10000033,0.374638,Ishomilken IX - Moon 4 - Chief Executive Panel Bureau
60003388,30001412,10000016,0.732158,Tsukuras IX - Moon 3 - Chief Executive Panel Bureau
60003391,30001414,10000016,0.633785,Ajanen X - Moon 3 - Chief Executive Panel Bureau
60003394,30000127,10000002,0.747993,Sirseshin VI - Moon 1 - Mercantile Club Bureau
60003397,30000129,10000002,0.945965,Unpas VI - Moon 4 - Mercantile Club Bureau
60003400,30002752,10000033,0.803548,Ahynada VII - Mercantile Club Bureau
60003403,30002751,10000033,0.686052,Kaimon III - Moon 25 - Mercantile Club Bureau
60003406,30001423,10000016,0.582824,Jotenen V - Mercantile Club Bureau
60003409,30001418,10000016,0.645797,Aikantoh I - Moon 1 - Mercantile Club Academy
60003412,30001385,10000016,0.416954,Jan V - Moon 10 - Mercantile Club Bureau
60003415,30001383,10000016,0.462064,Vaajaita VI - Mercantile Club Bureau
60003418,30002781,10000033,0.658938,Halaima VIII - Moon 17 - Mercantile Club Bureau
60003421,30002783,10000033,0.668238,Sankkasen IX - Moon 12 - Mercantile Club Bureau
60003424,30001393,10000016,0.948175,Malkalen II - Mercantile Club Bureau
60003427,30001395,10000016,0.832837,Ylandoki VI - Moon 15 - Mercantile Club Bureau
60003430,30001404,10000016,0.851633,Airkio IX - Moon 15 - Mercantile Club Bureau
60003433,30001406,10000016,0.687696,Kamokor VII - Moon 1 - Mercantile Club Bureau
60003436,30002759,10000033,0.383502,Uuna V - Moon 5 - Mercantile Club Academy
60003439,30002756,10000033,0.374638,Ishomilken IX - Moon 12 - Mercantile Club Bureau
60003442,30001356,10000016,0.398268,Dantumi IV - Moon 8 - Mercantile Club Bureau
60003445,30001361,10000016,0.37554,Aurohunen V - Moon 17 - Mercantile Club Bureau
60003448,30002815,10000033,0.803999,Isenairos VI - Moon 6 - Mercantile Club Bureau
60003451,30002814,10000033,0.574103,Uotila V - Moon 5 - Mercantile Club Bureau
60003454,30000140,10000002,0.912748,Maurasi VIII - Moon 14 - Caldari Business Tribunal
60003457,30000143,10000002,0.949,Niyabainen IX - Moon 10 - Caldari Business Tribunal Accounting
60003460,30000142,10000002,0.945913,Jita IV - Moon 10 - Caldari Business Tribunal Law School
60003463,30000142,10000002,0.945913,Jita VII - Moon 2 - Caldari Business Tribunal Law School
60003466,30000142,10000002,0.945913,Jita IV - Moon 4 - Caldari Business Tribunal Bureau Offices
60003469,30000142,10000002,0.945913,Jita IV - Caldari Business Tribunal Information Center
60003472,30005053,10000065,0.573442,Imih III - Moon 2 - Caldari Business Tribunal Law School
60003475,30005051,10000065,0.581821,Choga II - Caldari Business Tribunal
60003478,30005055,10000065,0.708413,Zinkon VII - Moon 1 - Caldari Business Tribunal Accounting
60003481,30005054,10000065,0.648393,Nare VI - Moon 1 - Caldari Business Tribunal
60003484,30005050,10000065,0.572365,Kulu X - Moon 3 - Caldari Business Tribunal Bureau Offices
60003487,30005052,10000065,0.601999,Soumi VII - Caldari Business Tribunal Bureau Offices
60003490,30003421,10000042,0.556402,Libold IX - Moon 19 - Caldari Business Tribunal Law School
60003493,30003416,10000042,0.615566,Aldrat VIII - Moon 1 - Caldari Business Tribunal Accounting
60003496,30003420,10000042,0.822064,Fredagod IV - Moon 1 - Caldari Business Tribunal Accounting
60003499,30003419,10000042,0.575795,Erstur III - Moon 1 - Caldari Business Tribunal
60003502,30003417,10000042,0.649633,Urnhard I - Caldari Business Tribunal Bureau Offices
60003505,30003420,10000042,0.822064,Fredagod V - Moon 10 - Caldari Business Tribunal Bureau Offices
60003508,30002746,10000033,0.816639,Oijamon V - Moon 2 - Caldari Business Tribunal Accounting
60003511,30002746,10000033,0.816639,Oijamon V - Moon 4 - Caldari Business Tribunal
60003514,30002745,10000033,0.871223,Saikanen III - Moon 3 - Caldari Business Tribunal Accounting
60003517,30002748,10000033,0.57134,Jeras VII - Moon 13 - Caldari Business Tribunal
60003520,30002747,10000033,0.8397,Kakki V - Moon 9 - Caldari Business Tribunal Bureau Offices
60003523,30002744,10000033,0.819648,Auviken V - Moon 5 - Caldari Business Tribunal Bureau Offices
60003526,30003053,10000037,0.710144,Avele VI - Moon 15 - Caldari Business Tribunal
60003529,30003052,10000037,0.708052,Tolle IV - Caldari Business Tribunal
60003532,30003051,10000037,0.689427,Antollare VI - Moon 13 - Caldari Business Tribunal
60003535,30003046,10000070,-1.0,Angymonne V - Moon 6 - Veles Clade Semiosis Theater
60003538,30003047,10000037,0.576088,Averon VII - Moon 3 - Caldari Business Tribunal Information Center
60003541,30003048,10000037,0.624878,Carirgnottin IX - Moon 17 - Caldari Business Tribunal Bureau Offices
60003544,30002714,10000032,0.742594,Pozirblant V - Caldari Business Tribunal
60003547,30002714,10000032,0.742594,Pozirblant IX - Moon 4 - Caldari Business Tribunal
60003550,30002714,10000032,0.742594,Pozirblant IV - Caldari Business Tribunal
60003553,30002714,10000032,0.742594,Pozirblant VI - Caldari Business Tribunal
60003556,30002714,10000032,0.742594,Pozirblant VIII - Moon 2 - Caldari Business Tribunal Information Center
60003559,30002712,10000032,0.847828,Alillere VI - Moon 3 - Caldari Business Tribunal Bureau Offices
60003562,30002711,10000032,0.906329,Stetille V - Moon 5 - Caldari Business Tribunal
60003565,30002708,10000032,0.937687,Claysson X - Caldari Business Tribunal Accounting
60003568,30002711,10000032,0.906329,Stetille IX - Moon 7 - Caldari Business Tribunal
60003571,30002711,10000032,0.906329,Stetille IX - Moon 4 - Caldari Business Tribunal
60003574,30002711,10000032,0.906329,Stetille VI - Moon 1 - Caldari Business Tribunal Bureau Offices
60003577,30002708,10000032,0.937687,Claysson IV - Moon 1 - Caldari Business Tribunal Information Center
60003580,30003805,10000048,0.134029,Gare VIII - Moon 20 - Caldari Business Tribunal
60003583,30003802,10000048,0.123693,Cumemare III - Moon 13 - Caldari Business Tribunal
60003586,30003805,10000048,0.134029,Gare VIII - Moon 11 - Caldari Business Tribunal
60003589,30003805,10000048,0.134029,Gare VIII - Moon 8 - Caldari Business Tribunal
60003592,30003803,10000048,0.15681,Reynire IX - Moon 2 - Caldari Business Tribunal Archives
60003595,30003801,10000048,0.182975,Aunsou II - Moon 2 - Caldari Business Tribunal Information Center
60003598,30001444,10000016,0.463883,Oimmo VII - Moon 2 - Caldari Business Tribunal
60003601,30001443,10000016,0.528345,Vuorrassi I - Moon 1 - Caldari Business Tribunal
60003604,30001446,10000016,0.349161,Otsasai VII - Moon 6 - Caldari Business Tribunal Accounting
60003607,30001446,10000016,0.349161,Otsasai VII - Moon 10 - Caldari Business Tribunal
60003610,30001448,10000016,0.296379,Hakonen IX - Moon 10 - Caldari Business Tribunal Information Center
60003613,30001443,10000016,0.528345,Vuorrassi VI - Moon 4 - Caldari Business Tribunal Information Center
60003616,30001660,10000020,0.64884,Dabrid V - Moon 1 - Caldari Business Tribunal Accounting
60003619,30001660,10000020,0.64884,Dabrid III - Moon 3 - Caldari Business Tribunal Law School
60003622,30001660,10000020,0.64884,Dabrid II - Moon 13 - Caldari Business Tribunal Accounting
60003625,30001661,10000020,0.43818,Gyerzen IV - Moon 1 - Caldari Business Tribunal Law School
60003628,30001657,10000020,0.58785,Seil IV - Moon 9 - Caldari Business Tribunal Bureau Offices
60003631,30001659,10000020,0.57006,Sehmosh VIII - Moon 22 - Caldari Business Tribunal Information Center
60003634,30002988,10000036,0.582039,Nakatre VIII - Moon 16 - Caldari Business Tribunal
60003637,30002992,10000036,0.808523,Akes VII - Caldari Business Tribunal Law School
60003640,30002988,10000036,0.582039,Nakatre III - Moon 1 - Caldari Business Tribunal
60003643,30002990,10000036,0.562469,Hakshma VIII - Moon 13 - Caldari Business Tribunal
60003646,30002988,10000036,0.582039,Nakatre VI - Moon 2 - Caldari Business Tribunal Information Center
60003649,30002993,10000036,0.647601,Riavayed X - Moon 1 - Caldari Business Tribunal Information Center
60003652,30003010,10000037,0.728363,Halle II - Caldari Business Tribunal
60003655,30003011,10000037,0.71804,Mormoen II - Caldari Business Tribunal Accounting
60003658,30003012,10000037,0.59005,Amattens VII - Moon 1 - Caldari Business Tribunal Law School
60003661,30003011,10000037,0.71804,Mormoen IV - Moon 1 - Caldari Business Tribunal Accounting
60003664,30003011,10000037,0.71804,Mormoen V - Moon 2 - Caldari Business Tribunal Archives
60003667,30003015,10000037,0.691167,Aice IV - Moon 1 - Caldari Business Tribunal Bureau Offices
60003670,30000152,10000002,0.541327,Hampinen VII - Moon 13 - Caldari Business Tribunal Accounting
60003673,30000152,10000002,0.541327,Hampinen VII - Moon 16 - Caldari Business Tribunal
60003676,30000149,10000002,0.699187,Gekutami VI - Moon 2 - Caldari Business Tribunal Law School
60003679,30000149,10000002,0.699187,Gekutami VIII - Caldari Business Tribunal Accounting
60003682,30000148,10000002,0.743252,Jakanerva IV - Moon 11 - Caldari Business Tribunal Information Center
60003685,30000148,10000002,0.743252,Jakanerva V - Moon 21 - Caldari Business Tribunal Bureau Offices
60003688,30003530,10000043,0.441866,Raravath XII - Moon 3 - Caldari Business Tribunal
60003691,30003528,10000043,0.820387,Herila I - Caldari Business Tribunal
60003694,30003534,10000043,0.376496,Namaili V - Moon 7 - Caldari Business Tribunal Law School
60003697,30003529,10000043,0.608256,Chemilip IV - Moon 16 - Caldari Business Tribunal
60003700,30003532,10000043,0.690712,Jesoyeh VIII - Moon 8 - Caldari Business Tribunal Archives
60003703,30003534,10000043,0.376496,Namaili VI - Moon 25 - Caldari Business Tribunal Archives
60003706,30002393,10000028,0.250458,Aedald VIII - Moon 6 - Caldari Business Tribunal Accounting
60003709,30002392,10000028,0.307823,Hrober VII - Moon 8 - Caldari Business Tribunal Law School
60003712,30002393,10000028,0.250458,Aedald VI - Moon 3 - Caldari Business Tribunal
60003715,30002390,10000028,0.330762,Heild V - Moon 7 - Caldari Business Tribunal Accounting
60003718,30002390,10000028,0.330762,Heild V - Moon 5 - Caldari Business Tribunal Bureau Offices
60003721,30002393,10000028,0.250458,Aedald VII - Moon 15 - Caldari Business Tribunal Information Center
60003724,30000145,10000002,0.949,New Caldari V (Oniteseru) - Moon 2 - House of Records Archives
60003727,30002750,10000033,0.718557,Oiniken III - Moon 1 - House of Records Information Center
60003730,30000132,10000002,0.912017,Ansila VIII - Moon 14 - House of Records Bureau Offices
60003733,30001394,10000016,0.770922,Korama V - Moon 13 - House of Records Information Center
60003736,30001384,10000016,0.468632,Autaris VI - Moon 2 - House of Records Information Center
60003739,30001387,10000016,0.677701,Isikano IX - Moon 17 - House of Records Bureau Offices
60003742,30001403,10000016,0.741152,Piak II - Moon 4 - House of Records Information Center
60003745,30001410,10000016,0.821743,Kirras IX - House of Records Information Center
60003748,30002798,10000033,0.611822,Venilen XII - Moon 1 - House of Records Archives
60003751,30000121,10000002,0.637428,Jatate IV - Moon 11 - House of Records Archives
60003754,30000144,10000002,0.949,Perimeter II - Moon 1 - Caldari Navy Assembly Plant
60003757,30000142,10000002,0.945913,Jita IV - Moon 5 - Caldari Navy Assembly Plant
60003760,30000142,10000002,0.945913,Jita IV - Moon 4 - Caldari Navy Assembly Plant
60003763,30000140,10000002,0.912748,Maurasi IX - Moon 12 - Caldari Navy Assembly Plant
60003766,30000143,10000002,0.949,Niyabainen IX - Moon 19 - Caldari Navy Logistic Support
60003769,30000143,10000002,0.949,Niyabainen IV - Moon 1 - Caldari Navy Assembly Plant
60003772,30002815,10000033,0.803999,Isenairos VI - Moon 9 - Caldari Navy Logistic Support
60003775,30002815,10000033,0.803999,Isenairos VI - Caldari Navy Logistic Support
60003778,30002818,10000033,0.847664,Oichiya VI - Moon 19 - Caldari Navy Assembly Plant
60003781,30002817,10000033,0.489789,Aramachi II - Moon 4 - Caldari Navy Testing Facilities
60003784,30002816,10000033,0.893457,Saila VII - Moon 14 - Caldari Navy Assembly Plant
60003787,30002819,10000033,0.872794,Motsu VII - Moon 6 - Caldari Navy Logistic Support
60003790,30002801,10000033,0.729161,Suroken IX - Moon 18 - Caldari Navy Assembly Plant
60003793,30002801,10000033,0.729161,Suroken VIII - Moon 13 - Caldari Navy Assembly Plant
60003796,30002803,10000033,0.621322,Juunigaishi XII - Moon 16 - Caldari Navy Assembly Plant
60003799,30002804,10000033,0.670042,Isikesu IV - Moon 5 - Caldari Navy Logistic Support
60003802,30002802,10000033,0.8473,Kusomonmon V - Moon 9 - Caldari Navy Testing Facilities
60003805,30002800,10000033,0.609266,Haatomo VI - Moon 3 - Caldari Navy Assembly Plant
60003808,30001448,10000016,0.296379,Hakonen IX - Moon 9 - Caldari Navy Assembly Plant
60003811,30001446,10000016,0.349161,Otsasai VIII - Moon 8 - Caldari Navy Assembly Plant
60003814,30001443,10000016,0.528345,Vuorrassi VI - Moon 2 - Caldari Navy Logistic Support
60003817,30001444,10000016,0.463883,Oimmo VII - Caldari Navy Assembly Plant
60003820,30001444,10000016,0.463883,Oimmo V - Moon 1 - Caldari Navy Assembly Plant
60003823,30001446,10000016,0.349161,Otsasai VIII - Moon 3 - Caldari Navy Assembly Plant
60003826,30001379,10000016,0.885312,Tunttaras X - Moon 3 - Caldari Navy Logistic Support
60003829,30001375,10000016,0.769323,Tsuguwa VI - Caldari Navy Assembly Plant
60003832,30001376,10000016,0.816557,Nourvukaiken III - Caldari Navy Assembly Plant
60003835,30001376,10000016,0.816557,Nourvukaiken VII - Moon 10 - Caldari Navy Assembly Plant
60003838,30001377,10000016,0.936502,Sarekuwa III - Moon 8 - Caldari Navy Assembly Plant
60003841,30001376,10000016,0.816557,Nourvukaiken VII - Moon 14 - Caldari Navy Assembly Plant
60003844,30002799,10000033,0.533575,Oisio V - Moon 6 - Caldari Navy Assembly Plant
60003847,30002797,10000070,-1.0,Kaunokka VI - Moon 2 - The Convocation of Triglav Semiosis Theater
60003850,30002797,10000070,-1.0,Kaunokka II - Moon 1 - The Convocation of Triglav Proving Complex
60003853,30002798,10000033,0.611822,Venilen IX - Moon 7 - Caldari Navy Testing Facilities
60003856,30002799,10000033,0.533575,Oisio V - Moon 1 - Caldari Navy Assembly Plant
60003859,30002799,10000033,0.533575,Oisio V - Moon 10 - Caldari Navy Assembly Plant
60003862,30001401,10000016,0.508041,Nonni I - Caldari Navy Assembly Plant
60003865,30001403,10000016,0.741152,Piak III - Moon 19 - Caldari Navy Assembly Plant
60003868,30001398,10000016,0.44779,Aunenen III - Moon 1 - Caldari Navy Assembly Plant
60003871,30001401,10000016,0.508041,Nonni IV - Caldari Navy Assembly Plant
60003874,30001401,10000016,0.508041,Nonni V - Caldari Navy Assembly Plant
60003877,30001400,10000016,0.489405,Litiura VIII - Moon 12 - Caldari Navy Logistic Support
60003880,30001405,10000016,0.949,Kakakela VII - Moon 16 - Caldari Navy Assembly Plant
60003883,30001409,10000016,0.561301,Umokka VII - Moon 5 - Caldari Navy Testing Facilities
60003886,30001409,10000016,0.561301,Umokka X - Moon 4 - Caldari Navy Testing Facilities
60003889,30001405,10000016,0.949,Kakakela VII - Caldari Navy Assembly Plant
60003892,30001405,10000016,0.949,Kakakela VI - Moon 18 - Caldari Navy Assembly Plant
60003895,30001405,10000016,0.949,Kakakela VI - Moon 15 - Caldari Navy Assembly Plant
60003898,30002738,10000033,0.570857,Inoue VI - Moon 9 - Caldari Navy Logistic Support
60003901,30002741,10000033,0.438425,Horkkisen XII - Caldari Navy Testing Facilities
60003904,30002739,10000033,0.720814,Isaziwa X - Moon 3 - Caldari Navy Assembly Plant
60003907,30002739,10000033,0.720814,Isaziwa XIII - Moon 15 - Caldari Navy Logistic Support
60003910,30002738,10000033,0.570857,Inoue VIII - Moon 5 - Caldari Navy Logistic Support
60003913,30002740,10000033,0.538036,Eitu III - Moon 12 - Caldari Navy Assembly Plant
60003916,30001363,10000016,0.841025,Sobaseki VII - Caldari Navy Logistic Support
60003919,30001364,10000016,0.858976,Funtanainen VIII - Caldari Navy Assembly Plant
60003922,30001367,10000016,0.604188,Hageken V - Moon 2 - Caldari Navy Assembly Plant
60003925,30001363,10000016,0.841025,Sobaseki X - Moon 1 - Caldari Navy Assembly Plant
60003928,30001365,10000016,0.780999,Isikemi VI - Moon 5 - Caldari Navy Logistic Support
60003931,30001364,10000016,0.858976,Funtanainen IV - Moon 1 - Caldari Navy Logistic Support
60003934,30000153,10000002,0.558053,Poinen V - Moon 12 - Internal Security Assembly Plant
60003937,30000153,10000002,0.558053,Poinen V - Moon 26 - Internal Security Assembly Plant
60003940,30001404,10000016,0.851633,Airkio IX - Moon 7 - Lai Dai Protection Service Assembly Plant
60003943,30001404,10000016,0.851633,Airkio VII - Moon 2 - Lai Dai Protection Service Assembly Plant
60003946,30001376,10000016,0.816557,Nourvukaiken III - Moon 1 - Lai Dai Protection Service Assembly Plant
60003949,30001376,10000016,0.816557,Nourvukaiken VI - Lai Dai Protection Service Assembly Plant
60003952,30001432,10000016,0.523532,Uesuro V - Moon 15 - Lai Dai Protection Service Assembly Plant
60003955,30001430,10000016,0.573492,Endatoh VII - Moon 2 - Lai Dai Protection Service Assembly Plant
60003958,30001437,10000016,0.338287,Tamo V - Moon 11 - Lai Dai Protection Service Assembly Plant
60003961,30001439,10000016,0.358628,Anin IX - Moon 11 - Lai Dai Protection Service Assembly Plant
60003964,30001393,10000016,0.948175,Malkalen III - Ishukone Watch Assembly Plant
60003967,30001394,10000016,0.770922,Korama VI - Moon 20 - Ishukone Watch Assembly Plant
60003970,30001394,10000016,0.770922,Korama III - Moon 6 - Ishukone Watch Logistic Support
60003973,30001437,10000016,0.338287,Tamo V - Moon 2 - Ishukone Watch Logistic Support
60003976,30001438,10000016,0.389715,Nannaras VII - Ishukone Watch Assembly Plant
60003979,30001442,10000016,0.096294,Saranen V - Moon 16 - Ishukone Watch Testing Facilities
60003982,30001424,10000016,0.801226,Haajinen XII - Moon 8 - Ishukone Watch Logistic Support
60003985,30001425,10000016,0.759068,Oipo II - Moon 19 - Ishukone Watch Logistic Support
60003988,30001426,10000016,0.725113,Isinokka VI - Moon 1 - Ishukone Watch Logistic Support
60003991,30001420,10000016,0.359979,Daras III - Ishukone Watch Assembly Plant
60003994,30001421,10000016,0.513441,Otalieto VIII - Moon 10 - Ishukone Watch Logistic Support
60003997,30001423,10000016,0.582824,Jotenen II - Ishukone Watch Testing Facilities
60004000,30001401,10000016,0.508041,Nonni III - Home Guard Testing Facilities
60004003,30001399,10000016,0.665783,Elonaya X - Moon 15 - Home Guard Logistic Support
60004006,30001401,10000016,0.508041,Nonni III - Moon 1 - Home Guard Assembly Plant
60004009,30001398,10000016,0.44779,Aunenen V - Moon 16 - Home Guard Logistic Support
60004012,30001363,10000016,0.841025,Sobaseki XI - Moon 1 - Home Guard Assembly Plant
60004015,30001365,10000016,0.780999,Isikemi V - Home Guard Assembly Plant
60004018,30001363,10000016,0.841025,Sobaseki VIII - Moon 1 - Home Guard Assembly Plant
60004021,30001365,10000016,0.780999,Isikemi I - Home Guard Assembly Plant
60004024,30001372,10000070,-1.0,Kino VII - Moon 7 - Perun Clade Semiosis Theater
60004027,30001368,10000016,0.605931,Uemisaisen VII - Moon 16 - Home Guard Assembly Plant
60004030,30001369,10000016,0.51257,Sotrentaira VII - Moon 15 - Home Guard Logistic Support
60004033,30001371,10000016,0.634758,Erenta II - Moon 2 - Home Guard Assembly Plant
60004036,30001429,10000016,0.519668,Torrinos V - Moon 6 - Home Guard Assembly Plant
60004039,30001424,10000016,0.801226,Haajinen XII - Moon 20 - Home Guard Logistic Support
60004042,30001429,10000016,0.519668,Torrinos VI - Moon 16 - Home Guard Logistic Support
60004045,30001429,10000016,0.519668,Torrinos V - Moon 16 - Home Guard Logistic Support
60004048,30000146,10000002,0.65244,Saisio VII - Moon 1 - Peace and Order Unit Testing Facilities
60004051,30000150,10000002,0.585978,Hurtoken VII - Moon 3 - Peace and Order Unit Testing Facilities
60004054,30000147,10000002,0.625298,Abagawa VIII - Moon 4 - Peace and Order Unit Logistic Support
60004057,30000173,10000002,0.708073,Vattuolen XII - Moon 2 - Peace and Order Unit Logistic Support
60004060,30000174,10000002,0.740427,Onuse VII - Moon 11 - Peace and Order Unit Assembly Plant
60004063,30000173,10000002,0.708073,Vattuolen X - Moon 14 - Peace and Order Unit Assembly Plant
60004066,30000132,10000002,0.912017,Ansila VI - Moon 2 - Peace and Order Unit Assembly Plant
60004069,30000137,10000002,0.625294,Eskunen X - Moon 16 - Peace and Order Unit Assembly Plant
60004072,30000137,10000002,0.625294,Eskunen X - Moon 13 - Peace and Order Unit Assembly Plant
60004075,30000159,10000002,0.532008,Ikami VIII - Moon 12 - Peace and Order Unit Logistic Support
60004078,30000163,10000002,0.324625,Akora IX - Moon 8 - Peace and Order Unit Assembly Plant
60004081,30000162,10000002,0.440715,Maila V - Moon 2 - Peace and Order Unit Assembly Plant
60004084,30002780,10000033,0.708087,Muvolailen VIII - Moon 2 - Spacelane Patrol Assembly Plant
60004087,30002775,10000033,0.778535,Paara I - Spacelane Patrol Logistic Support
60004090,30002778,10000033,0.830855,Tasabeshi I - Spacelane Patrol Assembly Plant
60004093,30002780,10000033,0.708087,Muvolailen IX - Moon 11 - Spacelane Patrol Assembly Plant
60004096,30002778,10000033,0.830855,Tasabeshi IV - Moon 13 - Spacelane Patrol Logistic Support
60004099,30002779,10000033,0.794424,Ono VII - Moon 10 - Spacelane Patrol Testing Facilities
60004102,30002744,10000033,0.819648,Auviken VII - Moon 8 - Spacelane Patrol Assembly Plant
60004105,30002744,10000033,0.819648,Auviken IV - Spacelane Patrol Logistic Support
60004108,30002746,10000033,0.816639,Oijamon VI - Moon 17 - Spacelane Patrol Assembly Plant
60004111,30002744,10000033,0.819648,Auviken V - Moon 1 - Spacelane Patrol Logistic Support
60004114,30002743,10000033,0.730094,Ohvosamon VII - Spacelane Patrol Logistic Support
60004117,30002744,10000033,0.819648,Auviken V - Moon 10 - Spacelane Patrol Logistic Support
60004120,30002801,10000033,0.729161,Suroken VI - Spacelane Patrol Assembly Plant
60004123,30002803,10000033,0.621322,Juunigaishi III - Spacelane Patrol Assembly Plant
60004126,30002801,10000033,0.729161,Suroken VIII - Moon 12 - Spacelane Patrol Assembly Plant
60004129,30002805,10000033,0.712756,Anttiri V - Moon 14 - Spacelane Patrol Assembly Plant
60004132,30002804,10000033,0.670042,Isikesu I - Moon 1 - Spacelane Patrol Logistic Support
60004135,30002805,10000033,0.712756,Anttiri V - Moon 6 - Spacelane Patrol Assembly Plant
60004138,30001443,10000016,0.528345,Vuorrassi V - Moon 1 - Spacelane Patrol Assembly Plant
60004141,30001444,10000016,0.463883,Oimmo IV - Moon 10 - Spacelane Patrol Assembly Plant
60004144,30001443,10000016,0.528345,Vuorrassi VI - Moon 3 - Spacelane Patrol Assembly Plant
60004147,30001443,10000016,0.528345,Vuorrassi V - Moon 13 - Spacelane Patrol Assembly Plant
60004150,30001445,10000070,-1.0,Nalvula IX - Moon 2 - Perun Clade Extractive Terminus
60004153,30001446,10000016,0.349161,Otsasai VIII - Moon 18 - Spacelane Patrol Assembly Plant
60004156,30002785,10000033,0.829998,Santola VIII - Moon 9 - Spacelane Patrol Testing Facilities
60004159,30002784,10000033,0.813315,Tintoh VII - Moon 10 - Spacelane Patrol Logistic Support
60004162,30002783,10000033,0.668238,Sankkasen VII - Moon 8 - Spacelane Patrol Assembly Plant
60004165,30002783,10000033,0.668238,Sankkasen VII - Moon 10 - Spacelane Patrol Assembly Plant
60004168,30002783,10000033,0.668238,Sankkasen II - Spacelane Patrol Assembly Plant
60004171,30002786,10000033,0.602213,Ikao VII - Moon 8 - Spacelane Patrol Logistic Support
60004174,30002769,10000033,0.448785,Enderailen VI - Moon 11 - Spacelane Patrol Assembly Plant
60004177,30002769,10000033,0.448785,Enderailen VIII - Moon 3 - Spacelane Patrol Assembly Plant
60004180,30002767,10000033,0.416024,Kubinen IX - Spacelane Patrol Assembly Plant
60004183,30002769,10000033,0.448785,Enderailen VII - Moon 6 - Spacelane Patrol Assembly Plant
60004186,30002769,10000033,0.448785,Enderailen VI - Moon 17 - Spacelane Patrol Assembly Plant
60004189,30002768,10000033,0.50544,Uedama VI - Moon 8 - Spacelane Patrol Logistic Support
60004192,30001426,10000016,0.725113,Isinokka V - Moon 2 - Spacelane Patrol Logistic Support
60004195,30001426,10000016,0.725113,Isinokka V - Moon 10 - Spacelane Patrol Testing Facilities
60004198,30001425,10000016,0.759068,Oipo III - Moon 8 - Spacelane Patrol Logistic Support
60004201,30001429,10000016,0.519668,Torrinos V - Moon 15 - Spacelane Patrol Logistic Support
60004204,30001428,10000016,0.619124,Ibura IX - Moon 11 - Spacelane Patrol Testing Facilities
60004207,30001424,10000016,0.801226,Haajinen XI - Moon 7 - Spacelane Patrol Assembly Plant
60004210,30000158,10000002,0.676041,Olo II - Moon 3 - Spacelane Patrol Assembly Plant
60004213,30000153,10000002,0.558053,Poinen III - Moon 16 - Spacelane Patrol Logistic Support
60004216,30000154,10000002,0.600608,Liekuri VI - Spacelane Patrol Assembly Plant
60004219,30000156,10000002,0.577656,Josameto IV - Spacelane Patrol Assembly Plant
60004222,30000153,10000002,0.558053,Poinen I - Moon 2 - Spacelane Patrol Logistic Support
60004225,30000156,10000002,0.577656,Josameto VIII - Spacelane Patrol Assembly Plant
60004228,30000129,10000002,0.945965,Unpas IX - Moon 5 - Spacelane Patrol Logistic Support
60004231,30000131,10000002,0.606936,Nomaa IV - Moon 2 - Spacelane Patrol Assembly Plant
60004234,30000127,10000002,0.747993,Sirseshin VIII - Moon 3 - Spacelane Patrol Assembly Plant
60004237,30000129,10000002,0.945965,Unpas VI - Moon 3 - Spacelane Patrol Assembly Plant
60004240,30000128,10000002,0.610849,Tuuriainas II - Spacelane Patrol Assembly Plant
60004243,30000130,10000002,0.874585,Shihuken VIII - Moon 2 - Spacelane Patrol Logistic Support
60004246,30001386,10000016,0.549477,Saatuban VIII - Moon 2 - Spacelane Patrol Assembly Plant
60004249,30001390,10000016,0.42091,Pakkonen V - Spacelane Patrol Testing Facilities
60004252,30001386,10000016,0.549477,Saatuban V - Moon 2 - Spacelane Patrol Logistic Support
60004255,30001387,10000016,0.677701,Isikano IV - Moon 1 - Spacelane Patrol Assembly Plant
60004258,30001391,10000016,0.50597,Piekura VII - Spacelane Patrol Assembly Plant
60004261,30001391,10000016,0.50597,Piekura VIII - Moon 8 - Spacelane Patrol Assembly Plant
60004264,30001356,10000016,0.398268,Dantumi VI - Moon 1 - Wiyrkomi Peace Corps Assembly Plant
60004267,30001358,10000016,0.530137,Ossa VII - Moon 11 - Wiyrkomi Peace Corps Logistic Support
60004270,30001359,10000016,0.590755,Semiki IX - Moon 4 - Wiyrkomi Peace Corps Testing Facilities
60004273,30001386,10000016,0.549477,Saatuban IX - Moon 2 - Wiyrkomi Peace Corps Assembly Plant
60004276,30001391,10000016,0.50597,Piekura VIII - Moon 11 - Wiyrkomi Peace Corps Assembly Plant
60004279,30001387,10000016,0.677701,Isikano IX - Moon 11 - Wiyrkomi Peace Corps Logistic Support
60004282,30001381,10000070,-1.0,Arvasaras II - Moon 3 - Veles Clade Proving Complex
60004285,30001382,10000016,0.49451,Akonoinen VI - Wiyrkomi Peace Corps Logistic Support
60004288,30001382,10000016,0.49451,Akonoinen I - Wiyrkomi Peace Corps Assembly Plant
60004291,30001368,10000016,0.605931,Uemisaisen V - Moon 5 - Wiyrkomi Peace Corps Assembly Plant
60004294,30001368,10000016,0.605931,Uemisaisen VII - Wiyrkomi Peace Corps Assembly Plant
60004297,30001371,10000016,0.634758,Erenta V - Wiyrkomi Peace Corps Logistic Support
60004300,30002801,10000033,0.729161,Suroken VII - Moon 1 - Corporate Police Force Assembly Plant
60004303,30002805,10000033,0.712756,Anttiri V - Moon 21 - Corporate Police Force Assembly Plant
60004306,30002802,10000033,0.8473,Kusomonmon VI - Moon 23 - Corporate Police Force Testing Facilities
60004309,30002803,10000033,0.621322,Juunigaishi X - Moon 5 - Corporate Police Force Assembly Plant
60004312,30002755,10000033,0.543759,Usi V - Moon 1 - Corporate Police Force Logistic Support
60004315,30002760,10000033,0.334717,Manjonakko VI - Moon 3 - Corporate Police Force Testing Facilities
60004318,30002757,10000033,0.370777,Nikkishina IX - Moon 6 - Corporate Police Force Logistic Support
60004321,30002756,10000033,0.374638,Ishomilken IX - Moon 4 - Corporate Police Force Assembly Plant
60004324,30002751,10000033,0.686052,Kaimon III - Moon 1 - Corporate Police Force Assembly Plant
60004327,30002751,10000033,0.686052,Kaimon II - Moon 10 - Corporate Police Force Assembly Plant
60004330,30002751,10000033,0.686052,Kaimon III - Moon 10 - Corporate Police Force Assembly Plant
60004333,30002751,10000033,0.686052,Kaimon I - Moon 1 - Corporate Police Force Assembly Plant
60004336,30001428,10000016,0.619124,Ibura IX - Moon 12 - Corporate Police Force Logistic Support
60004339,30001425,10000016,0.759068,Oipo IV - Moon 10 - Corporate Police Force Assembly Plant
60004342,30001424,10000016,0.801226,Haajinen X - Corporate Police Force Logistic Support
60004345,30001425,10000016,0.759068,Oipo IV - Corporate Police Force Assembly Plant
60004348,30002793,10000033,0.462497,Inari IX - Moon 13 - Corporate Police Force Testing Facilities
60004351,30002790,10000033,0.685588,Waskisen IX - Moon 11 - Corporate Police Force Logistic Support
60004354,30002788,10000033,0.836978,Inaro X - Moon 13 - Corporate Police Force Logistic Support
60004357,30002792,10000033,0.520267,Irjunen II - Corporate Police Force Assembly Plant
60004360,30000136,10000002,0.663811,Ohmahailen V - Moon 6 - Corporate Police Force Assembly Plant
60004363,30000133,10000002,0.949,Hirtamon VI - Moon 18 - Corporate Police Force Assembly Plant
60004366,30000132,10000002,0.912017,Ansila X - Moon 1 - Corporate Police Force Assembly Plant
60004369,30000136,10000002,0.663811,Ohmahailen V - Moon 7 - Corporate Police Force Assembly Plant
60004372,30000201,10000002,0.474179,Uchoshi IX - Moon 4 - Corporate Police Force Logistic Support
60004375,30000204,10000002,0.384887,Ohkunen IV - Moon 10 - Corporate Police Force Testing Facilities
60004378,30000203,10000002,0.417261,Eruka VIII - Moon 12 - Corporate Police Force Logistic Support
60004381,30000201,10000002,0.474179,Uchoshi I - Corporate Police Force Assembly Plant
60004384,30002740,10000033,0.538036,Eitu VI - Moon 21 - Corporate Police Force Assembly Plant
60004387,30002739,10000033,0.720814,Isaziwa XI - Corporate Police Force Assembly Plant
60004390,30002740,10000033,0.538036,Eitu VI - Moon 10 - Corporate Police Force Assembly Plant
60004393,30002739,10000033,0.720814,Isaziwa VIII - Corporate Police Force Logistic Support
60004396,30001409,10000016,0.561301,Umokka VII - Corporate Police Force Testing Facilities
60004399,30001408,10000016,0.780765,Ruvas IV - Moon 1 - Corporate Police Force Assembly Plant
60004402,30001405,10000016,0.949,Kakakela VII - Moon 9 - Corporate Police Force Assembly Plant
60004405,30001405,10000016,0.949,Kakakela VII - Moon 13 - Corporate Police Force Assembly Plant
60004408,30002796,10000033,0.397183,Hysera II - Corporate Police Force Assembly Plant
60004411,30002794,10000033,0.50122,Yria III - Moon 6 - Corporate Police Force Assembly Plant
60004414,30002795,10000033,0.453128,Oshaima VII - Moon 1 - Corporate Police Force Assembly Plant
60004417,30002799,10000033,0.533575,Oisio VI - Moon 1 - Corporate Police Force Assembly Plant
60004420,30001407,10000016,0.949,Todaki VI - Moon 1 - School of Applied Knowledge
60004423,30000142,10000002,0.945913,Jita IV - Moon 6 - Caldari Provisions School
60004426,30000201,10000002,0.474179,Uchoshi XI - Moon 14 - School of Applied Knowledge
60004429,30001432,10000016,0.523532,Uesuro VI - Moon 1 - School of Applied Knowledge
60004432,30001389,10000016,0.635016,Isanamo XIV - Moon 9 - Caldari Provisions School
60004435,30000167,10000002,0.594889,Sakkikainen VI - Moon 8 - School of Applied Knowledge
60004438,30002775,10000033,0.778535,Paara VI - Moon 2 - School of Applied Knowledge
60004441,30002771,10000033,0.475369,Kulelen V - Moon 4 - School of Applied Knowledge
60004444,30000181,10000002,0.643166,Korsiki II - Moon 7 - School of Applied Knowledge
60004447,30001443,10000016,0.528345,Vuorrassi V - Moon 9 - Caldari Provisions School
60004450,30001392,10000016,0.949,Amsen VI - Moon 1 - Science and Trade Institute School
60004453,30002739,10000033,0.720814,Isaziwa X - Science and Trade Institute School
60004456,30002783,10000033,0.668238,Sankkasen VII - Moon 6 - Science and Trade Institute School
60004459,30000180,10000002,0.680264,Osmon IV - Moon 5 - Science and Trade Institute School
60004462,30000119,10000002,0.671738,Itamo VI - Moon 6 - Science and Trade Institute School
60004465,30000201,10000002,0.474179,Uchoshi X - Moon 11 - Science and Trade Institute School
60004468,30000195,10000002,0.282291,Tasti V - Moon 1 - Science and Trade Institute School
60004471,30001356,10000016,0.398268,Dantumi V - Moon 19 - Science and Trade Institute School
60004474,30000188,10000002,0.566958,Hentogaira I - Moon 11 - Science and Trade Institute School
60004477,30001445,10000070,-1.0,Nalvula IV - Moon 1 - Perun Clade Proving Complex
60004480,30003413,10000042,0.775374,Eram VIII - Moon 13 - Sebiestor Tribe Bureau
60004483,30003413,10000042,0.775374,Eram V - Moon 2 - Sebiestor Tribe Bureau
60004486,30003413,10000042,0.775374,Eram IX - Moon 4 - Sebiestor Tribe Bureau
60004489,30003466,10000042,0.416024,Eurgrana VIII - Moon 18 - Sebiestor Tribe Academy
60004492,30003466,10000042,0.416024,Eurgrana VII - Moon 13 - Sebiestor Tribe Treasury
60004495,30003464,10000042,0.744569,Aldik VIII - Moon 2 - Sebiestor Tribe Bureau
60004498,30003449,10000042,0.723155,Hakeri VII - Moon 1 - Sebiestor Tribe Bureau
60004501,30003449,10000042,0.723155,Hakeri XI - Moon 14 - Sebiestor Tribe Bureau
60004504,30003447,10000042,0.644371,Josekorn VII - Moon 1 - Sebiestor Tribe Bureau
60004507,30003394,10000042,0.826576,Freatlidur V - Moon 8 - Sebiestor Tribe Bureau
60004510,30003396,10000042,0.755888,Maturat VII - Moon 4 - Sebiestor Tribe Bureau
60004513,30003394,10000042,0.826576,Freatlidur V - Moon 3 - Sebiestor Tribe Bureau
60004516,30002053,10000042,0.8,Hek IV - Krusual Tribe Bureau
60004519,30002051,10000042,0.464528,Anher V - Moon 12 - Krusual Tribe Bureau
60004522,30002051,10000042,0.464528,Anher IV - Moon 3 - Krusual Tribe Bureau
60004525,30002076,10000042,0.292149,Dudreda IV - Krusual Tribe Bureau
60004528,30002080,10000042,0.092769,Arifsdald III - Moon 10 - Krusual Tribe Bureau
60004531,30002076,10000042,0.292149,Dudreda VI - Moon 6 - Krusual Tribe Bureau
60004534,30002091,10000042,0.321813,Ontorn VIII - Moon 2 - Krusual Tribe Bureau
60004537,30002094,10000042,0.252911,Ebolfer VI - Moon 2 - Krusual Tribe Bureau
60004540,30002090,10000042,0.306094,Frerstorn I - Krusual Tribe Bureau
60004543,30002068,10000042,0.520913,Nakugard VII - Moon 2 - Krusual Tribe Bureau
60004546,30002068,10000042,0.520913,Nakugard V - Moon 12 - Krusual Tribe Bureau
60004549,30002068,10000042,0.520913,Nakugard VII - Moon 12 - Krusual Tribe Bureau
60004552,30002385,10000028,0.586314,Teonusude VII - Moon 1 - Vherokior Tribe Treasury
60004555,30002386,10000028,0.559771,Gelfiven IX - Moon 15 - Vherokior Tribe Bureau
60004558,30002386,10000028,0.559771,Gelfiven IX - Moon 8 - Vherokior Tribe Bureau
60004561,30002420,10000028,0.034555,Egbinger XII - Moon 2 - Vherokior Tribe Treasury
60004564,30002419,10000028,0.214491,Aeditide IV - Moon 1 - Vherokior Tribe Bureau
60004567,30002414,10000028,0.302147,Klingt X - Moon 1 - Vherokior Tribe Bureau
60004570,30002398,10000028,0.563633,Eldulf VI - Moon 3 - Vherokior Tribe Academy
60004573,30002398,10000028,0.563633,Eldulf V - Moon 6 - Vherokior Tribe Academy
60004576,30002398,10000028,0.563633,Eldulf IV - Moon 11 - Vherokior Tribe Bureau
60004579,30002393,10000028,0.250458,Aedald VII - Moon 5 - Vherokior Tribe Bureau
60004582,30002390,10000028,0.330762,Heild VI - Vherokior Tribe Bureau
60004585,30002391,10000028,0.298883,Hrokkur VI - Moon 9 - Vherokior Tribe Academy
60004588,30002510,10000030,0.894582,Rens VI - Moon 8 - Brutor Tribe Treasury
60004591,30002507,10000030,0.732448,Abudban IX - Moon 7 - Brutor Tribe Bureau
60004594,30002510,10000030,0.894582,Rens VII - Moon 17 - Brutor Tribe Bureau
60004597,30002537,10000030,0.438761,Amamake VI - Moon 6 - Brutor Tribe Bureau
60004600,30002542,10000030,0.385484,Auga X - Moon 3 - Brutor Tribe Bureau
60004603,30002537,10000030,0.438761,Amamake II - Brutor Tribe Bureau
60004606,30002548,10000030,0.530243,Emolgranlan VII - Moon 9 - Brutor Tribe Bureau
60004609,30002545,10000030,0.946263,Lustrevik VII - Moon 9 - Brutor Tribe Academy
60004612,30002545,10000030,0.946263,Lustrevik VIII - Moon 9 - Brutor Tribe Bureau
60004615,30002526,10000030,0.838971,Frarn VI - Moon 18 - Brutor Tribe Bureau
60004618,30002524,10000030,0.949,Ivar IX - Moon 4 - Brutor Tribe Bureau
60004621,30002528,10000030,0.817657,Balginia II - Brutor Tribe Bureau
60004624,30003377,10000042,0.91335,Illuin III - Republic Parliament Bureau
60004627,30003374,10000042,0.949,Arlulf II - Republic Parliament Bureau
60004630,30003378,10000042,0.768314,Nedegulf VIII - Moon 5 - Republic Parliament Academy
60004633,30003380,10000042,0.949,Alf II - Moon 1 - Republic Parliament Bureau
60004636,30003401,10000042,0.891302,Egbonbet VI - Moon 11 - Republic Parliament Bureau
60004639,30003403,10000042,0.907195,Meimungen VI - Republic Parliament Bureau
60004642,30003404,10000042,0.881108,Agtver VIII - Moon 2 - Republic Parliament Bureau
60004645,30003408,10000042,0.794983,Evettullur VI - Moon 18 - Republic Parliament Bureau
60004648,30002413,10000028,0.304135,Unertek IX - Moon 16 - Republic Parliament Bureau
60004651,30002411,10000070,-1.0,Skarkon III - Moon 14 - Svarog Clade Proving Complex
60004654,30002412,10000028,0.058349,Ennur VIII - Moon 7 - Republic Parliament Treasury
60004657,30002412,10000028,0.058349,Ennur VIII - Moon 6 - Republic Parliament Treasury
60004660,30003423,10000042,0.542579,Nein IV - Republic Parliament Bureau
60004663,30003422,10000042,0.591071,Wirdalen VII - Moon 8 - Republic Parliament Bureau
60004666,30003427,10000042,0.513562,Osvestmunnur IX - Republic Parliament Bureau
60004669,30003422,10000042,0.591071,Wirdalen VII - Moon 17 - Republic Parliament Bureau
60004672,30002563,10000030,0.655505,Egmur VII - Moon 15 - Republic Parliament Academy
60004675,30002564,10000030,0.878652,Javrendei VIII - Moon 13 - Republic Parliament Academy
60004678,30002562,10000030,0.712665,Trer IV - Moon 2 - Republic Parliament Bureau
60004681,30002563,10000030,0.655505,Egmur VII - Moon 16 - Republic Parliament Academy
60004684,30002077,10000042,0.211785,Hakisalki X - Republic Parliament Academy
60004687,30002079,10000070,-1.0,Krirald VII - Moon 11 - Perun Clade Proving Complex
60004690,30002077,10000042,0.211785,Hakisalki IX - Moon 14 - Republic Parliament Bureau
60004693,30002076,10000042,0.292149,Dudreda V - Moon 8 - Republic Parliament Bureau
60004696,30003432,10000042,0.58107,Lumegen V - Moon 1 - Republic Parliament Treasury
60004699,30003432,10000042,0.58107,Lumegen V - Republic Parliament Academy
60004702,30003430,10000042,0.671349,Oppold VI - Moon 16 - Republic Parliament Bureau
60004705,30003431,10000042,0.631807,Tratokard IV - Moon 2 - Republic Parliament Bureau
60004708,30003457,10000042,0.71845,Ridoner VI - Moon 1 - Republic Parliament Bureau
60004711,30003458,10000042,0.608008,Klaevik VII - Moon 13 - Republic Parliament Bureau
60004714,30003453,10000042,0.761926,Orduin V - Moon 7 - Republic Parliament Bureau
60004717,30003453,10000042,0.761926,Orduin VIII - Moon 1 - Republic Parliament Bureau
60004720,30002088,10000042,0.353285,Vimeini VII - Moon 19 - Republic Parliament Bureau
60004723,30002086,10000042,0.387434,Turnur I - Republic Parliament Bureau (Damaged)
60004726,30002089,10000042,0.385905,Avenod V - Moon 1 - Republic Parliament Academy
60004729,30002089,10000042,0.385905,Avenod VI - Moon 9 - Republic Parliament Academy
60004732,30002571,10000030,0.897107,Oremmulf V - Moon 4 - Republic Parliament Bureau
60004735,30002569,10000030,0.914868,Osaumuni VIII - Moon 22 - Republic Parliament Bureau
60004738,30002573,10000030,0.949,Vullat VII - Moon 9 - Republic Parliament Academy
60004741,30002572,10000030,0.876929,Hurjafren VI - Moon 17 - Republic Parliament Bureau
60004744,30002544,10000030,0.949,Pator VII (Kulheim) - Moon 1 - Republic Fleet Testing Facilities
60004747,30002544,10000030,0.949,Pator V (Vakir) - Republic Fleet Logistic Support
60004750,30002546,10000030,0.808855,Isendeldik IX - Moon 6 - Republic Fleet Logistic Support
60004753,30002548,10000030,0.530243,Emolgranlan VI - Republic Fleet Assembly Plant
60004756,30002543,10000030,0.949232,Eystur III - Moon 1 - Republic Fleet Assembly Plant
60004759,30002545,10000030,0.946263,Lustrevik VII - Moon 7 - Republic Fleet Logistic Support
60004762,30002097,10000042,0.298558,Klogori III - Republic Fleet Logistic Support
60004765,30002097,10000042,0.298558,Klogori II - Moon 1 - Republic Fleet Assembly Plant
60004768,30002097,10000042,0.298558,Klogori V - Moon 2 - Republic Fleet Assembly Plant
60004771,30002100,10000042,0.154256,Taff V - Moon 13 - Republic Fleet Assembly Plant
60004774,30002097,10000042,0.298558,Klogori VI - Moon 1 - Republic Fleet Assembly Plant
60004777,30002100,10000042,0.154256,Taff V - Moon 16 - Republic Fleet Assembly Plant
60004780,30002405,10000028,0.302073,Sakulda IX - Moon 2 - Republic Fleet Testing Facilities
60004783,30002406,10000028,0.303156,Hedaleolfarber IX - Moon 23 - Republic Fleet Testing Facilities
60004786,30002404,10000028,0.241078,Half X - Moon 10 - Republic Fleet Assembly Plant
60004789,30002406,10000028,0.303156,Hedaleolfarber II - Moon 1 - Republic Fleet Testing Facilities
60004792,30002402,10000028,0.29488,Istodard IX - Moon 5 - Republic Fleet Assembly Plant
60004795,30002402,10000028,0.29488,Istodard VIII - Moon 4 - Republic Fleet Logistic Support
60004798,30002387,10000028,0.400467,Bosena V - Moon 1 - Republic Fleet Assembly Plant
60004801,30002386,10000028,0.559771,Gelfiven IX - Moon 17 - Republic Fleet Assembly Plant
60004804,30002386,10000028,0.559771,Gelfiven III - Moon 1 - Republic Fleet Assembly Plant
60004807,30002384,10000028,0.49786,Gulfonodi X - Moon 13 - Republic Fleet Logistic Support
60004810,30002384,10000028,0.49786,Gulfonodi X - Moon 15 - Republic Fleet Testing Facilities
60004813,30002385,10000028,0.586314,Teonusude III - Moon 1 - Republic Fleet Assembly Plant
60004816,30002537,10000030,0.438761,Amamake II - Moon 1 - Republic Fleet Logistic Support
60004819,30002537,10000030,0.438761,Amamake IV - Republic Fleet Assembly Plant
60004822,30002537,10000030,0.438761,Amamake VI - Moon 5 - Republic Fleet Logistic Support
60004825,30002542,10000030,0.385484,Auga VIII - Moon 2 - Republic Fleet Assembly Plant
60004828,30002541,10000030,0.41136,Dal III - Moon 1 - Republic Fleet Assembly Plant
60004831,30002537,10000030,0.438761,Amamake VI - Moon 10 - Republic Fleet Logistic Support
60004834,30002080,10000042,0.092769,Arifsdald III - Moon 10 - Republic Fleet Assembly Plant
60004837,30002079,10000070,-1.0,Krirald VII - Moon 14 - Perun Clade Mutaplasmid Farm
60004840,30002076,10000042,0.292149,Dudreda V - Moon 3 - Republic Fleet Assembly Plant
60004843,30002078,10000042,0.12731,Arwa X - Moon 3 - Republic Fleet Assembly Plant
60004846,30002076,10000042,0.292149,Dudreda VI - Moon 12 - Republic Fleet Assembly Plant
60004849,30002077,10000042,0.211785,Hakisalki VIII - Moon 23 - Republic Fleet Logistic Support
60004852,30002060,10000042,0.247392,Evati VI - Moon 3 - Republic Fleet Logistic Support
60004855,30002063,10000042,0.151898,Helgatild VII - Moon 10 - Republic Fleet Assembly Plant
60004858,30002060,10000042,0.247392,Evati IX - Moon 12 - Republic Fleet Assembly Plant
60004861,30002065,10000042,0.237848,Lasleinur V - Moon 11 - Republic Fleet Assembly Plant
60004864,30002061,10000042,0.273964,Ofstold V - Moon 13 - Republic Fleet Logistic Support
60004867,30002065,10000042,0.237848,Lasleinur II - Moon 3 - Republic Fleet Assembly Plant
60004870,30002420,10000028,0.034555,Egbinger XI - Moon 3 - Republic Fleet Testing Facilities
60004873,30002418,10000028,0.322562,Hegfunden IV - Moon 1 - Republic Fleet Assembly Plant
60004876,30002415,10000028,0.302036,Weld III - Moon 6 - Republic Fleet Logistic Support
60004879,30002414,10000028,0.302147,Klingt III - Republic Fleet Assembly Plant
60004882,30002419,10000028,0.214491,Aeditide V - Republic Fleet Assembly Plant
60004885,30002414,10000028,0.302147,Klingt IX - Moon 4 - Republic Fleet Logistic Support
60004888,30002058,10000042,0.366011,Ardar V - Moon 2 - Republic Fleet Logistic Support
60004891,30002056,10000042,0.437876,Resbroko I - Moon 7 - Republic Fleet Assembly Plant
60004894,30002059,10000042,0.407542,Auner V - Republic Fleet Logistic Support
60004897,30002057,10000042,0.396071,Hadozeko VIII - Moon 5 - Republic Fleet Assembly Plant
60004900,30002057,10000042,0.396071,Hadozeko IV - Moon 1 - Republic Fleet Assembly Plant
60004903,30002055,10000042,0.474411,Amo VIII - Moon 2 - Republic Fleet Assembly Plant
60004906,30002392,10000028,0.307823,Hrober VI - Republic Fleet Testing Facilities
60004909,30002392,10000028,0.307823,Hrober VII - Moon 5 - Republic Fleet Testing Facilities
60004912,30002390,10000028,0.330762,Heild VII - Moon 12 - Republic Fleet Assembly Plant
60004915,30002390,10000028,0.330762,Heild II - Republic Fleet Logistic Support
60004918,30002391,10000028,0.298883,Hrokkur V - Moon 17 - Republic Fleet Assembly Plant
60004921,30002390,10000028,0.330762,Heild VII - Moon 21 - Republic Fleet Assembly Plant
60004924,30003374,10000042,0.949,Arlulf III - Moon 11 - Republic Justice Department Law School
60004927,30003376,10000042,0.922674,Stirht VII - Republic Justice Department Accounting
60004930,30003375,10000042,0.890508,Brundakur VI - Moon 7 - Republic Justice Department Tribunal
60004933,30003377,10000042,0.91335,Illuin VI - Moon 5 - Republic Justice Department Accounting
60004936,30003398,10000042,0.703797,Anbald X - Moon 8 - Republic Justice Department Law School
60004939,30003398,10000042,0.703797,Anbald X - Moon 12 - Republic Justice Department Accounting
60004942,30003396,10000042,0.755888,Maturat IX - Moon 2 - Republic Justice Department Law School
60004945,30003396,10000042,0.755888,Maturat IX - Moon 15 - Republic Justice Department Tribunal
60004948,30003447,10000042,0.644371,Josekorn VI - Republic Justice Department Tribunal
60004951,30003449,10000042,0.723155,Hakeri VI - Republic Justice Department Tribunal
60004954,30003451,10000042,0.726191,Dantbeinn III - Moon 5 - Republic Justice Department Law School
60004957,30003451,10000042,0.726191,Dantbeinn V - Moon 4 - Republic Justice Department Accounting
60004960,30002556,10000030,0.376585,Gusandall IV - Republic Justice Department Tribunal
60004963,30002558,10000030,0.614612,Endrulf IV - Moon 1 - Republic Justice Department Accounting
60004966,30002560,10000030,0.309276,Gultratren III - Moon 12 - Republic Justice Department Tribunal
60004969,30002559,10000030,0.276796,Ingunn V - Moon 19 - Republic Justice Department Tribunal
60004972,30002102,10000042,0.124563,Gukarla VII - Moon 13 - Republic Justice Department Law School
60004975,30002101,10000042,0.15012,Ualkin VI - Moon 4 - Republic Justice Department Accounting
60004978,30002102,10000042,0.124563,Gukarla VI - Republic Justice Department Accounting
60004981,30002099,10000042,0.252872,Egmar XII - Moon 10 - Republic Justice Department Law School
60004984,30002519,10000030,0.882245,Kronsur III - Moon 1 - Republic Justice Department Tribunal
60004987,30002521,10000030,0.808059,Sist VI - Moon 4 - Republic Justice Department Accounting
60004990,30002519,10000030,0.882245,Kronsur VI - Moon 2 - Republic Justice Department Tribunal
60004993,30002521,10000030,0.808059,Sist VI - Moon 2 - Republic Justice Department Law School
60004996,30002061,10000042,0.273964,Ofstold VI - Moon 15 - Republic Justice Department Law School
60004999,30002067,10000042,0.154826,Brin VI - Moon 7 - Republic Justice Department Accounting
60005002,30002060,10000042,0.247392,Evati II - Moon 1 - Republic Justice Department Tribunal
60005005,30002065,10000042,0.237848,Lasleinur II - Moon 5 - Republic Justice Department Accounting
60005008,30002546,10000030,0.808855,Isendeldik IX - Moon 14 - Republic Justice Department Accounting
60005011,30002548,10000030,0.530243,Emolgranlan V - Moon 12 - Republic Justice Department Tribunal
60005014,30002545,10000030,0.946263,Lustrevik V - Republic Justice Department Law School
60005017,30002543,10000030,0.949232,Eystur VI - Republic Justice Department Tribunal
60005020,30003436,10000042,0.791879,Tollus X - Moon 4 - Republic Justice Department Tribunal
60005023,30003437,10000042,0.711089,Ogoten XII - Moon 2 - Republic Justice Department Accounting
60005026,30003436,10000042,0.791879,Tollus XI - Moon 1 - Republic Justice Department Law School
60005029,30003434,10000042,0.836097,Polstodur VIII - Moon 6 - Republic Justice Department Tribunal
60005032,30002541,10000030,0.41136,Dal VI - Moon 1 - Republic Justice Department Tribunal
60005035,30002537,10000030,0.438761,Amamake II - Republic Justice Department Tribunal
60005038,30002537,10000030,0.438761,Amamake II - Moon 1 - Republic Justice Department Tribunal
60005041,30002541,10000030,0.41136,Dal IV - Moon 17 - Republic Justice Department Tribunal
60005044,30002507,10000030,0.732448,Abudban X - Moon 10 - Urban Management Bureau Offices
60005047,30002506,10000030,0.531568,Osoggur VI - Urban Management Information Center
60005050,30002508,10000030,0.879659,Trytedald V - Moon 12 - Urban Management Archives
60005053,30002544,10000030,0.949,Pator III (Huggar) - Moon 2 - Republic Security Services Assembly Plant
60005056,30002545,10000030,0.946263,Lustrevik VIII - Moon 9 - Republic Security Services Assembly Plant
60005059,30002544,10000030,0.949,Pator VII (Kulheim) - Republic Security Services Assembly Plant
60005062,30002543,10000030,0.949232,Eystur III - Moon 1 - Republic Security Services Assembly Plant
60005065,30003506,10000043,0.552729,Saana III - Moon 6 - Republic Security Services Logistic Support
60005068,30003502,10000043,0.569426,Bahromab VIII - Moon 6 - Republic Security Services Assembly Plant
60005071,30003502,10000043,0.569426,Bahromab IX - Republic Security Services Assembly Plant
60005074,30003503,10000043,0.603228,Madirmilire VI - Moon 12 - Republic Security Services Assembly Plant
60005077,30002517,10000030,0.376794,Gulmorogod VIII - Moon 15 - Republic Security Services Testing Facilities
60005080,30002514,10000030,0.324582,Bosboger VI - Moon 7 - Republic Security Services Assembly Plant
60005083,30002515,10000030,0.438684,Olfeim II - Republic Security Services Testing Facilities
60005086,30002512,10000030,0.558836,Alakgur VII - Moon 3 - Republic Security Services Assembly Plant
60005089,30004082,10000052,0.567123,Aharalel III - Moon 7 - Republic Security Services Logistic Support
60005092,30004078,10000052,0.618912,Dresi I - Moon 18 - Republic Security Services Assembly Plant
60005095,30004079,10000052,0.629298,Aphend VI - Moon 12 - Republic Security Services Logistic Support
60005098,30004083,10000052,0.693878,Gensela VIII - Moon 3 - Republic Security Services Assembly Plant
60005101,30001723,10000020,0.947641,Assiad III - Republic Security Services Assembly Plant
60005104,30001723,10000020,0.947641,Assiad VI - Moon 3 - Republic Security Services Assembly Plant
60005107,30001727,10000020,0.866089,Rand VI - Moon 15 - Republic Security Services Logistic Support
60005110,30001726,10000020,0.835361,Iswa VIII - Republic Security Services Logistic Support
60005113,30002082,10000042,0.402952,Floseswin VI - Moon 2 - Republic Security Services Logistic Support
60005116,30002087,10000042,0.355195,Isbrabata VIII - Moon 5 - Republic Security Services Assembly Plant
60005119,30002086,10000042,0.387434,Turnur II - Moon 5 - Republic Security Services Assembly Plant
60005122,30002083,10000042,0.392681,Uisper IX - Moon 5 - Republic Security Services Assembly Plant
60005125,30003811,10000048,0.725927,Algasienan IV - Moon 1 - Republic Security Services Assembly Plant
60005128,30003806,10000048,0.214825,Pelille VI - Moon 10 - Republic Security Services Assembly Plant
60005131,30003807,10000048,0.384864,Dour VII - Moon 2 - Republic Security Services Assembly Plant
60005134,30003810,10000048,0.543845,Vivanier VII - Moon 12 - Republic Security Services Assembly Plant
60005137,30001396,10000016,0.66223,Aakari VII - Moon 6 - Republic Security Services Assembly Plant
60005140,30001394,10000016,0.770922,Korama VI - Republic Security Services Assembly Plant
60005143,30001395,10000016,0.832837,Ylandoki V - Moon 10 - Republic Security Services Assembly Plant
60005146,30001394,10000016,0.770922,Korama II - Moon 5 - Republic Security Services Logistic Support
60005149,30005328,10000068,0.398014,Reblier IV - Republic Security Services Logistic Support
60005152,30005325,10000068,0.783203,Masalle VII - Moon 17 - Republic Security Services Logistic Support
60005155,30005322,10000068,0.822736,Scolluzer XI - Republic Security Services Assembly Plant
60005158,30005325,10000068,0.783203,Masalle IX - Republic Security Services Logistic Support
60005161,30002204,10000043,0.73936,Gaha IV - Moon 5 - Republic Security Services Assembly Plant
60005164,30002204,10000043,0.73936,Gaha VII - Moon 2 - Republic Security Services Logistic Support
60005167,30002209,10000043,0.656618,Uchat X - Moon 18 - Republic Security Services Assembly Plant
60005170,30002206,10000043,0.664702,Murema IV - Republic Security Services Assembly Plant
60005173,30005057,10000065,0.598175,Shaha IV - Moon 2 - Republic Security Services Assembly Plant
60005176,30005058,10000065,0.51806,Neesher VI - Moon 20 - Republic Security Services Assembly Plant
60005179,30005058,10000065,0.51806,Neesher VI - Moon 15 - Republic Security Services Assembly Plant
60005182,30005056,10000065,0.666936,Kizama VI - Moon 4 - Republic Security Services Logistic Support
60005185,30002705,10000032,0.573767,Croleur III - Moon 1 - Republic Security Services Testing Facilities
60005188,30002705,10000032,0.573767,Croleur VIII - Moon 2 - Republic Security Services Testing Facilities
60005191,30002704,10000032,0.478932,Adrallezoen V - Republic Security Services Logistic Support
60005194,30002700,10000032,0.539168,Bawilan V - Republic Security Services Assembly Plant
60005197,30002809,10000033,0.311136,Sujarento VIII - Moon 1 - Republic Security Services Assembly Plant
60005200,30002812,10000033,0.303626,Tannolen VI - Moon 14 - Republic Security Services Testing Facilities
60005203,30002813,10000033,0.282556,Tama VII - Moon 9 - Republic Security Services Testing Facilities
60005206,30002811,10000033,0.296425,Onatoh IV - Republic Security Services Assembly Plant
60005209,30005301,10000068,0.911134,Tourier III - Republic Security Services Assembly Plant
60005212,30005302,10000068,0.923913,Alenia V - Moon 5 - Republic Security Services Assembly Plant
60005215,30005306,10000068,0.821577,Vaere III - Moon 1 - Republic Security Services Logistic Support
60005218,30005301,10000068,0.911134,Tourier VI - Moon 13 - Republic Security Services Assembly Plant
60005221,30005016,10000064,0.822095,Wysalan VIII - Moon 1 - Republic Security Services Assembly Plant
60005224,30005022,10000064,0.309508,Ane IV - Moon 18 - Republic Security Services Logistic Support
60005227,30005017,10000064,0.82519,Yona VIII - Moon 8 - Republic Security Services Assembly Plant
60005230,30005021,10000064,0.55232,Adrel IV - Moon 9 - Republic Security Services Logistic Support
60005233,30002050,10000042,0.362024,Hagilur IV - Moon 2 - Minmatar Mining Corporation Mining Outpost
60005236,30002053,10000042,0.8,Hek II - Moon 1 - Minmatar Mining Corporation Mineral Reserve
60005239,30002049,10000042,0.50443,Uttindar V - Moon 17 - Minmatar Mining Corporation Mining Outpost
60005242,30002049,10000042,0.50443,Uttindar VII - Moon 4 - Minmatar Mining Corporation Mining Outpost
60005245,30002049,10000042,0.50443,Uttindar VI - Moon 6 - Minmatar Mining Corporation Mineral Reserve
60005248,30002050,10000042,0.362024,Hagilur I - Minmatar Mining Corporation Mineral Reserve
60005251,30003443,10000042,0.669636,Moselgi XI - Minmatar Mining Corporation Refinery
60005254,30003442,10000042,0.532237,Finanar X - Moon 15 - Minmatar Mining Corporation Mineral Reserve
60005257,30003444,10000042,0.348949,Mateber IX - Moon 15 - Minmatar Mining Corporation Refinery
60005260,30003442,10000042,0.532237,Finanar VIII - Moon 2 - Minmatar Mining Corporation Mineral Reserve
60005263,30003443,10000042,0.669636,Moselgi IV - Minmatar Mining Corporation Refinery
60005266,30003444,10000042,0.348949,Mateber VIII - Moon 5 - Minmatar Mining Corporation Mining Outpost
60005269,30002097,10000042,0.298558,Klogori III - Minmatar Mining Corporation Mineral Reserve
60005272,30002099,10000042,0.252872,Egmar V - Minmatar Mining Corporation Mineral Reserve
60005275,30002101,10000042,0.15012,Ualkin VII - Moon 3 - Minmatar Mining Corporation Mining Outpost
60005278,30002100,10000042,0.154256,Taff V - Moon 4 - Minmatar Mining Corporation Refinery
60005281,30002102,10000042,0.124563,Gukarla VII - Moon 3 - Minmatar Mining Corporation Mineral Reserve
60005284,30002102,10000042,0.124563,Gukarla IV - Moon 1 - Minmatar Mining Corporation Mineral Reserve
60005287,30003379,10000042,0.909469,Aldilur IX - Minmatar Mining Corporation Mining Outpost
60005290,30003379,10000042,0.909469,Aldilur V - Moon 6 - Minmatar Mining Corporation Mining Outpost
60005293,30003379,10000042,0.909469,Aldilur V - Moon 15 - Minmatar Mining Corporation Mining Outpost
60005296,30003379,10000042,0.909469,Aldilur VII - Moon 10 - Minmatar Mining Corporation Mining Outpost
60005299,30003379,10000042,0.909469,Aldilur III - Minmatar Mining Corporation Mining Outpost
60005302,30003379,10000042,0.909469,Aldilur VII - Moon 7 - Minmatar Mining Corporation Mining Outpost
60005305,30003391,10000042,0.725169,Reset IV - Moon 4 - Minmatar Mining Corporation Mineral Reserve
60005308,30003391,10000042,0.725169,Reset V - Moon 13 - Minmatar Mining Corporation Mining Outpost
60005311,30003392,10000042,0.697443,Eygfe VII - Moon 19 - Minmatar Mining Corporation Refinery
60005314,30003391,10000042,0.725169,Reset V - Moon 4 - Minmatar Mining Corporation Mineral Reserve
60005317,30003391,10000042,0.725169,Reset V - Moon 22 - Minmatar Mining Corporation Mining Outpost
60005320,30003391,10000042,0.725169,Reset VII - Moon 19 - Minmatar Mining Corporation Mineral Reserve
60005323,30003407,10000042,0.890739,Tamekamur V - Moon 17 - Minmatar Mining Corporation Refinery
60005326,30003408,10000042,0.794983,Evettullur I - Minmatar Mining Corporation Refinery
60005329,30003406,10000042,0.838269,Situner VI - Moon 13 - Minmatar Mining Corporation Mining Outpost
60005332,30003400,10000042,0.856914,Hjortur V - Moon 5 - Minmatar Mining Corporation Refinery
60005335,30003400,10000042,0.856914,Hjortur VII - Moon 8 - Minmatar Mining Corporation Mineral Reserve
60005338,30003405,10000042,0.858163,Datulen IV - Moon 12 - Minmatar Mining Corporation Refinery
60005341,30002384,10000028,0.49786,Gulfonodi X - Moon 18 - Minmatar Mining Corporation Mining Outpost
60005344,30002384,10000028,0.49786,Gulfonodi VIII - Moon 15 - Minmatar Mining Corporation Mineral Reserve
60005347,30002389,10000028,0.373367,Atlar VII - Moon 3 - Minmatar Mining Corporation Refinery
60005350,30002384,10000028,0.49786,Gulfonodi V - Minmatar Mining Corporation Mining Outpost
60005353,30002386,10000028,0.559771,Gelfiven X - Moon 4 - Minmatar Mining Corporation Refinery
60005356,30002384,10000028,0.49786,Gulfonodi VIII - Moon 6 - Minmatar Mining Corporation Refinery
60005359,30002415,10000028,0.302036,Weld VI - Moon 1 - Minmatar Mining Corporation Refinery
60005362,30002420,10000028,0.034555,Egbinger IX - Moon 8 - Minmatar Mining Corporation Mining Outpost
60005365,30002415,10000028,0.302036,Weld III - Moon 5 - Minmatar Mining Corporation Mineral Reserve
60005368,30002420,10000028,0.034555,Egbinger III - Moon 1 - Minmatar Mining Corporation Mining Outpost
60005371,30002415,10000028,0.302036,Weld IV - Moon 9 - Minmatar Mining Corporation Mining Outpost
60005374,30002415,10000028,0.302036,Weld IV - Moon 10 - Minmatar Mining Corporation Mineral Reserve
60005377,30003416,10000042,0.615566,Aldrat IX - Moon 13 - Minmatar Mining Corporation Mineral Reserve
60005380,30003421,10000042,0.556402,Libold IX - Moon 20 - Minmatar Mining Corporation Mining Outpost
60005383,30003418,10000042,0.727253,Hardbako III - Moon 1 - Minmatar Mining Corporation Refinery
60005386,30003416,10000042,0.615566,Aldrat VII - Moon 7 - Minmatar Mining Corporation Mineral Reserve
60005389,30003420,10000042,0.822064,Fredagod V - Moon 15 - Minmatar Mining Corporation Mineral Reserve
60005392,30003421,10000042,0.556402,Libold VII - Moon 5 - Minmatar Mining Corporation Mining Outpost
60005395,30002082,10000042,0.402952,Floseswin VIII - Moon 15 - Minmatar Mining Corporation Mineral Reserve
60005398,30002082,10000042,0.402952,Floseswin VIII - Moon 7 - Minmatar Mining Corporation Mineral Reserve
60005401,30002084,10000042,0.355244,Aset VII - Moon 1 - Minmatar Mining Corporation Refinery
60005404,30002089,10000042,0.385905,Avenod VII - Moon 19 - Minmatar Mining Corporation Mineral Reserve
60005407,30002089,10000042,0.385905,Avenod VII - Moon 13 - Minmatar Mining Corporation Mining Outpost
60005410,30002083,10000042,0.392681,Uisper VI - Moon 5 - Minmatar Mining Corporation Refinery
60005413,30003415,10000042,0.574611,Aldagolf V - Core Complexion Inc. Warehouse
60005416,30003413,10000042,0.775374,Eram IX - Moon 5 - Core Complexion Inc. Factory
60005419,30003411,10000042,0.949,Arlek I - Moon 5 - Core Complexion Inc. Factory
60005422,30003414,10000042,0.644345,Yrmori IV - Moon 17 - Core Complexion Inc. Factory
60005425,30003412,10000042,0.8885,Elgoi VII - Moon 6 - Core Complexion Inc. Storage
60005428,30003412,10000042,0.8885,Elgoi VIII - Moon 18 - Core Complexion Inc. Storage
60005431,30003803,10000048,0.15681,Reynire IV - Core Complexion Inc. Factory
60005434,30003801,10000048,0.182975,Aunsou IV - Moon 3 - Core Complexion Inc. Factory
60005437,30003803,10000048,0.15681,Reynire VI - Core Complexion Inc. Warehouse
60005440,30003805,10000048,0.134029,Gare VIII - Core Complexion Inc. Factory
60005443,30003803,10000048,0.15681,Reynire X - Moon 1 - Core Complexion Inc. Storage
60005446,30003804,10000048,0.094081,Pain VI - Core Complexion Inc. Storage
60005449,30000130,10000002,0.874585,Shihuken VII - Moon 9 - Core Complexion Inc. Warehouse
60005452,30000128,10000002,0.610849,Tuuriainas II - Core Complexion Inc. Factory
60005455,30000128,10000002,0.610849,Tuuriainas IV - Core Complexion Inc. Factory
60005458,30000128,10000002,0.610849,Tuuriainas III - Core Complexion Inc. Factory
60005461,30000130,10000002,0.874585,Shihuken VI - Moon 2 - Core Complexion Inc. Storage
60005464,30000129,10000002,0.945965,Unpas VI - Moon 10 - Core Complexion Inc. Storage
60005467,30002245,10000043,0.581256,Hizhara IX - Moon 5 - Core Complexion Inc. Factory
60005470,30002247,10000043,0.544906,Ahala VIII - Core Complexion Inc. Warehouse
60005473,30002244,10000043,0.646061,Arera VIII - Moon 16 - Core Complexion Inc. Factory
60005476,30002247,10000043,0.544906,Ahala VII - Moon 1 - Core Complexion Inc. Warehouse
60005479,30002249,10000043,0.363668,Ruchy II - Moon 8 - Core Complexion Inc. Storage
60005482,30002248,10000043,0.693326,Knophtikoo IV - Moon 19 - Core Complexion Inc. Storage
60005485,30005271,10000067,0.349652,Shapisin II - Core Complexion Inc. Factory
60005488,30005273,10000067,0.237473,Galnafsad V - Moon 7 - Core Complexion Inc. Warehouse
60005491,30005271,10000067,0.349652,Shapisin VII - Moon 2 - Core Complexion Inc. Factory
60005494,30005273,10000067,0.237473,Galnafsad VI - Moon 1 - Core Complexion Inc. Factory
60005497,30005272,10000067,0.311446,Olin II - Moon 7 - Core Complexion Inc. Storage
60005500,30005268,10000067,0.342482,Gonditsa IV - Moon 7 - Core Complexion Inc. Storage
60005503,30005017,10000064,0.82519,Yona II - Core Complexion Inc. Factory
60005506,30005017,10000064,0.82519,Yona VII - Moon 8 - Core Complexion Inc. Factory
60005509,30005017,10000064,0.82519,Yona VI - Moon 18 - Core Complexion Inc. Factory
60005512,30005018,10000064,0.680809,Noghere VIII - Moon 1 - Core Complexion Inc. Factory
60005515,30005019,10000064,0.78874,Aporulie VI - Moon 18 - Core Complexion Inc. Storage
60005518,30005022,10000064,0.309508,Ane V - Moon 9 - Core Complexion Inc. Storage
60005521,30003512,10000043,0.799274,Abaim VIII - Moon 4 - Core Complexion Inc. Factory
60005524,30003512,10000043,0.799274,Abaim XI - Moon 1 - Core Complexion Inc. Factory
60005527,30003512,10000043,0.799274,Abaim XI - Moon 3 - Core Complexion Inc. Factory
60005530,30003509,10000043,0.739668,Gosalav IV - Moon 1 - Core Complexion Inc. Factory
60005533,30003509,10000043,0.739668,Gosalav IV - Core Complexion Inc. Storage
60005536,30003507,10000043,0.867301,Teshi V - Moon 6 - Core Complexion Inc. Storage
60005539,30005082,10000065,0.407628,Enal IX - Moon 4 - Core Complexion Inc. Factory
60005542,30005082,10000065,0.407628,Enal IX - Moon 1 - Core Complexion Inc. Factory
60005545,30005082,10000065,0.407628,Enal IX - Moon 3 - Core Complexion Inc. Factory
60005548,30005082,10000065,0.407628,Enal IX - Moon 5 - Core Complexion Inc. Factory
60005551,30005082,10000065,0.407628,Enal VI - Moon 1 - Core Complexion Inc. Storage
60005554,30005085,10000065,0.367557,Ranni VIII - Moon 2 - Core Complexion Inc. Storage
60005557,30002801,10000033,0.729161,Suroken IX - Moon 2 - Core Complexion Inc. Factory
60005560,30002801,10000033,0.729161,Suroken VIII - Moon 15 - Core Complexion Inc. Factory
60005563,30002800,10000033,0.609266,Haatomo VI - Moon 12 - Core Complexion Inc. Factory
60005566,30002800,10000033,0.609266,Haatomo VI - Moon 5 - Core Complexion Inc. Factory
60005569,30002801,10000033,0.729161,Suroken X - Moon 1 - Core Complexion Inc. Storage
60005572,30002802,10000033,0.8473,Kusomonmon VI - Moon 1 - Core Complexion Inc. Storage
60005575,30005317,10000068,0.793052,Ekuenbiron III - Moon 1 - Core Complexion Inc. Warehouse
60005578,30005318,10000068,0.758522,Vay I - Core Complexion Inc. Factory
60005581,30005317,10000068,0.793052,Ekuenbiron V - Moon 1 - Core Complexion Inc. Warehouse
60005584,30005319,10000068,0.550235,Raneilles VI - Moon 14 - Core Complexion Inc. Factory
60005587,30005317,10000068,0.793052,Ekuenbiron VIII - Core Complexion Inc. Storage
60005590,30005317,10000068,0.793052,Ekuenbiron VII - Moon 11 - Core Complexion Inc. Storage
60005593,30000119,10000002,0.671738,Itamo VIII - Core Complexion Inc. Factory
60005596,30000119,10000002,0.671738,Itamo VIII - Moon 13 - Core Complexion Inc. Factory
60005599,30000119,10000002,0.671738,Itamo VIII - Moon 4 - Core Complexion Inc. Factory
60005602,30000120,10000002,0.633706,Mitsolen IV - Moon 12 - Core Complexion Inc. Warehouse
60005605,30000121,10000002,0.637428,Jatate IV - Moon 16 - Core Complexion Inc. Storage
60005608,30000119,10000002,0.671738,Itamo VI - Core Complexion Inc. Storage
60005611,30002679,10000032,0.507774,Jolia I - Moon 1 - Core Complexion Inc. Factory
60005614,30002676,10000032,0.9,Parchanier III - Core Complexion Inc. Factory
60005617,30002681,10000032,0.540473,Deltole III - Moon 1 - Core Complexion Inc. Warehouse
60005620,30002676,10000032,0.9,Parchanier VI - Core Complexion Inc. Warehouse
60005623,30002676,10000032,0.9,Parchanier VII - Moon 1 - Core Complexion Inc. Storage
60005626,30002683,10000032,0.476491,Barmalie VIII - Moon 4 - Core Complexion Inc. Storage
60005629,30005227,10000067,0.474549,Iderion IX - Moon 18 - Core Complexion Inc. Factory
60005632,30005228,10000067,0.430897,Chamja V - Moon 12 - Core Complexion Inc. Warehouse
60005635,30005225,10000067,0.443534,Alal IX - Moon 13 - Core Complexion Inc. Factory
60005638,30005221,10000067,0.467727,Zoohen VII - Core Complexion Inc. Factory
60005641,30005228,10000067,0.430897,Chamja VI - Moon 7 - Core Complexion Inc. Storage
60005644,30005228,10000067,0.430897,Chamja VI - Moon 6 - Core Complexion Inc. Storage
60005647,30001357,10000016,0.560299,Antiainen III - Moon 1 - Core Complexion Inc. Factory
60005650,30001357,10000016,0.560299,Antiainen VI - Core Complexion Inc. Factory
60005653,30001356,10000016,0.398268,Dantumi IV - Moon 2 - Core Complexion Inc. Factory
60005656,30001357,10000016,0.560299,Antiainen IV - Moon 2 - Core Complexion Inc. Factory
60005659,30001359,10000016,0.590755,Semiki IX - Moon 5 - Core Complexion Inc. Storage
60005662,30001358,10000016,0.530137,Ossa VII - Moon 4 - Core Complexion Inc. Storage
60005665,30002203,10000043,0.629562,Ziona VI - Moon 11 - Core Complexion Inc. Factory
60005668,30002197,10000043,0.798784,Akhragan V - Core Complexion Inc. Warehouse
60005671,30002198,10000043,0.738355,Mikhir VI - Moon 1 - Core Complexion Inc. Factory
60005674,30002202,10000043,0.468422,Narai IX - Moon 1 - Core Complexion Inc. Factory
60005677,30002203,10000043,0.629562,Ziona VI - Moon 6 - Core Complexion Inc. Storage
60005680,30002197,10000043,0.798784,Akhragan VIII - Moon 2 - Core Complexion Inc. Storage
60005683,30002050,10000042,0.362024,Hagilur IV - Moon 3 - Boundless Creation Factory
60005686,30002053,10000042,0.8,Hek VIII - Moon 12 - Boundless Creation Factory
60005689,30002050,10000042,0.362024,Hagilur V - Moon 8 - Boundless Creation Factory
60005692,30002086,10000042,0.387434,Turnur III - Moon 17 - Boundless Creation Factory
60005695,30002087,10000042,0.355195,Isbrabata VII - Boundless Creation Factory
60005698,30002083,10000042,0.392681,Uisper I - Moon 1 - Boundless Creation Factory
60005701,30002055,10000042,0.474411,Amo V - Moon 20 - Boundless Creation Factory
60005704,30002057,10000042,0.396071,Hadozeko IX - Moon 11 - Boundless Creation Factory
60005707,30002055,10000042,0.474411,Amo V - Moon 3 - Boundless Creation Factory
60005710,30002060,10000042,0.247392,Evati V - Moon 1 - Boundless Creation Factory
60005713,30002060,10000042,0.247392,Evati X - Moon 2 - Boundless Creation Factory
60005716,30002063,10000042,0.151898,Helgatild IX - Moon 14 - Boundless Creation Factory
60005719,30003412,10000042,0.8885,Elgoi VI - Moon 1 - Eifyr and Co. Biotech Production
60005722,30003413,10000042,0.775374,Eram V - Moon 2 - Eifyr and Co. Biotech Production
60005725,30002510,10000030,0.894582,Rens VI - Six Kin Development Warehouse
60005728,30002507,10000030,0.732448,Abudban VIII - Moon 6 - Six Kin Development Production Plant
60005731,30002511,10000030,0.949,Ameinaka IX - Moon 21 - Six Kin Development Warehouse
60005734,30002545,10000030,0.946263,Lustrevik VIII - Moon 7 - Six Kin Development Warehouse
60005737,30002545,10000030,0.946263,Lustrevik VII - Moon 7 - Six Kin Development Warehouse
60005740,30002546,10000030,0.808855,Isendeldik VIII - Moon 19 - Six Kin Development Warehouse
60005743,30002573,10000030,0.949,Vullat VII - Moon 1 - Six Kin Development Foundry
60005746,30002573,10000030,0.949,Vullat I - Six Kin Development Foundry
60005749,30002573,10000030,0.949,Vullat IX - Moon 2 - Six Kin Development Foundry
60005752,30002542,10000030,0.385484,Auga VI - Moon 13 - Six Kin Development Production Plant
60005755,30002538,10000030,0.379096,Vard VI - Moon 14 - Six Kin Development Production Plant
60005758,30002538,10000030,0.379096,Vard III - Six Kin Development Production Plant
60005761,30002386,10000028,0.559771,Gelfiven V - Native Freshfood Warehouse
60005764,30002384,10000028,0.49786,Gulfonodi VIII - Moon 6 - Native Freshfood Plantation
60005767,30002384,10000028,0.49786,Gulfonodi X - Moon 13 - Native Freshfood Plantation
60005770,30002048,10000042,0.564869,Bei VII - Moon 8 - Freedom Extension Storage
60005773,30002048,10000042,0.564869,Bei VI - Moon 8 - Freedom Extension Storage
60005776,30002049,10000042,0.50443,Uttindar V - Moon 9 - Freedom Extension Storage
60005779,30002052,10000042,0.389339,Ragnarg I - Freedom Extension Storage
60005782,30002050,10000042,0.362024,Hagilur V - Moon 7 - Freedom Extension Warehouse
60005785,30002048,10000042,0.564869,Bei VII - Moon 3 - Freedom Extension Retail Center
60005788,30002703,10000032,0.58084,Brybier I - Moon 6 - Freedom Extension Storage
60005791,30002704,10000032,0.478932,Adrallezoen VI - Moon 1 - Freedom Extension Storage
60005794,30002699,10000032,0.672466,Brapelille XI - Moon 1 - Freedom Extension Storage
60005797,30002704,10000032,0.478932,Adrallezoen II - Moon 1 - Freedom Extension Storage
60005800,30002703,10000032,0.58084,Brybier I - Moon 20 - Freedom Extension Warehouse
60005803,30002704,10000032,0.478932,Adrallezoen V - Moon 1 - Freedom Extension Warehouse
60005806,30003471,10000042,0.413524,Konora IX - Moon 1 - Freedom Extension Storage
60005809,30003467,10000042,0.434329,Frulegur III - Moon 1 - Freedom Extension Storage
60005812,30003470,10000042,0.3078,Odebeinn III - Moon 13 - Freedom Extension Storage
60005815,30003468,10000042,0.712585,Hroduko VII - Moon 11 - Freedom Extension Storage
60005818,30003472,10000042,0.603009,Erindur VI - Moon 15 - Freedom Extension Warehouse
60005821,30003470,10000042,0.3078,Odebeinn IV - Freedom Extension Warehouse
60005824,30003035,10000037,0.858426,Gicodel VII - Freedom Extension Storage
60005827,30003037,10000037,0.733882,Quier III - Moon 14 - Freedom Extension Storage
60005830,30003037,10000037,0.733882,Quier IV - Moon 3 - Freedom Extension Storage
60005833,30003031,10000037,0.949,Athinard VII - Moon 1 - Freedom Extension Storage
60005836,30003037,10000037,0.733882,Quier IV - Moon 7 - Freedom Extension Warehouse
60005839,30003036,10000037,0.79046,Frarolle XI - Moon 2 - Freedom Extension Warehouse
60005842,30002552,10000030,0.587064,Eddar VI - Freedom Extension Storage
60005845,30002551,10000030,0.321559,Aralgrund I - Moon 1 - Freedom Extension Storage
60005848,30002549,10000030,0.649834,Offugen VII - Moon 8 - Freedom Extension Storage
60005851,30002551,10000030,0.321559,Aralgrund IV - Moon 1 - Freedom Extension Storage
60005854,30002551,10000030,0.321559,Aralgrund IV - Freedom Extension Retail Center
60005857,30002551,10000030,0.321559,Aralgrund VI - Freedom Extension Warehouse
60005860,30002190,10000043,0.940368,Mabnen VII - Moon 6 - Freedom Extension Storage
60005863,30002195,10000043,0.856067,Simbeloud IX - Moon 2 - Freedom Extension Storage
60005866,30002191,10000043,0.813027,Toshabia VII - Freedom Extension Storage
60005869,30002195,10000043,0.856067,Simbeloud VI - Moon 1 - Freedom Extension Storage
60005872,30002193,10000043,0.916477,Kehour V - Moon 1 - Freedom Extension Retail Center
60005875,30002195,10000043,0.856067,Simbeloud IX - Freedom Extension Retail Center
60005878,30005238,10000067,0.341403,Menai V - Moon 22 - Freedom Extension Storage
60005881,30005239,10000067,0.267324,Aring IX - Moon 5 - Freedom Extension Storage
60005884,30005241,10000067,0.314413,Petidu IV - Moon 6 - Freedom Extension Storage
60005887,30005241,10000067,0.314413,Petidu IX - Moon 8 - Freedom Extension Storage
60005890,30005238,10000067,0.341403,Menai IV - Moon 9 - Freedom Extension Warehouse
60005893,30005237,10000067,0.283449,Chej VI - Moon 4 - Freedom Extension Retail Center
60005896,30002097,10000042,0.298558,Klogori V - Moon 2 - Freedom Extension Storage
60005899,30002099,10000042,0.252872,Egmar XII - Moon 12 - Freedom Extension Storage
60005902,30002099,10000042,0.252872,Egmar XII - Freedom Extension Storage
60005905,30002101,10000042,0.15012,Ualkin VI - Freedom Extension Storage
60005908,30002097,10000042,0.298558,Klogori II - Freedom Extension Warehouse
60005911,30002097,10000042,0.298558,Klogori I - Freedom Extension Retail Center
60005914,30003798,10000048,0.487171,Slays VI - Moon 9 - Freedom Extension Storage
60005917,30003795,10000048,0.355901,Covryn VI - Moon 13 - Freedom Extension Storage
60005920,30003799,10000048,0.205721,Uphallant VII - Moon 2 - Freedom Extension Storage
60005923,30003794,10000048,0.60528,Stacmon VI - Moon 1 - Freedom Extension Storage
60005926,30003797,10000048,0.252395,Dastryns III - Freedom Extension Warehouse
60005929,30003794,10000048,0.60528,Stacmon VIII - Moon 22 - Freedom Extension Warehouse
60005932,30004078,10000052,0.618912,Dresi I - Moon 5 - Freedom Extension Storage
60005935,30004082,10000052,0.567123,Aharalel V - Moon 2 - Freedom Extension Storage
60005938,30004080,10000052,0.719438,Romi V - Moon 1 - Freedom Extension Storage
60005941,30004078,10000052,0.618912,Dresi I - Moon 1 - Freedom Extension Storage
60005944,30004079,10000052,0.629298,Aphend V - Moon 2 - Freedom Extension Warehouse
60005947,30004078,10000052,0.618912,Dresi II - Freedom Extension Retail Center
60005950,30003575,10000044,0.637346,Lour V - Moon 13 - Freedom Extension Storage
60005953,30003573,10000044,0.442911,Pertnineere VIII - Freedom Extension Storage
60005956,30003574,10000044,0.523019,Boystin VI - Moon 11 - Freedom Extension Storage
60005959,30003574,10000044,0.523019,Boystin VI - Moon 12 - Freedom Extension Storage
60005962,30003578,10000044,0.696679,Octanneve IV - Moon 1 - Freedom Extension Retail Center
60005965,30003576,10000044,0.686652,Maire VI - Moon 9 - Freedom Extension Retail Center
60005968,30003092,10000038,0.556722,Komaa IV - Freedom Extension Storage
60005971,30003094,10000038,0.488355,Imata IV - Freedom Extension Storage
60005974,30003092,10000038,0.556722,Komaa VII - Moon 5 - Freedom Extension Storage
60005977,30003096,10000038,0.619121,Kurmaru I - Freedom Extension Storage
60005980,30003093,10000038,0.446568,Ayeroilen IX - Moon 10 - Freedom Extension Warehouse
60005983,30003093,10000038,0.446568,Ayeroilen XI - Moon 4 - Freedom Extension Warehouse
60005986,30003497,10000043,0.524679,Zaimeth II - Moon 2 - Freedom Extension Storage
60005989,30003498,10000043,0.573415,Sharhelund VIII - Moon 4 - Freedom Extension Storage
60005992,30003499,10000043,0.428053,Mai V - Moon 13 - Freedom Extension Storage
60005995,30003496,10000043,0.805291,Nakri VI - Moon 4 - Freedom Extension Storage
60005998,30003499,10000043,0.428053,Mai IV - Moon 7 - Freedom Extension Warehouse
60006001,30003494,10000043,0.737273,Ekid V - Freedom Extension Warehouse
60006004,30002797,10000070,-1.0,Kaunokka V - Veles Clade Porevitium Vault
60006007,30002794,10000033,0.50122,Yria IV - Moon 9 - Freedom Extension Storage
60006010,30002795,10000033,0.453128,Oshaima IX - Moon 2 - Freedom Extension Storage
60006013,30002797,10000070,-1.0,Kaunokka VI - Moon 2 - Veles Clade Proving Complex
60006016,30002797,10000070,-1.0,Kaunokka II - Veles Clade Bioadaptation Chambers
60006019,30002798,10000033,0.611822,Venilen VIII - Moon 5 - Freedom Extension Warehouse
60006022,30002086,10000042,0.387434,Turnur III - Moon 18 - Freedom Extension Storage
60006025,30002082,10000042,0.402952,Floseswin I - Moon 1 - Freedom Extension Storage
60006028,30002084,10000042,0.355244,Aset II - Moon 1 - Freedom Extension Storage
60006031,30002082,10000042,0.402952,Floseswin II - Freedom Extension Storage
60006034,30002087,10000042,0.355195,Isbrabata VIII - Moon 8 - Freedom Extension Warehouse
60006037,30002082,10000042,0.402952,Floseswin IX - Moon 13 - Freedom Extension Retail Center
60006040,30003414,10000042,0.644345,Yrmori V - Moon 4 - The Leisure Group Development Studio
60006043,30003413,10000042,0.775374,Eram VIII - Moon 17 - The Leisure Group Development Studio
60006046,30002531,10000030,0.732252,Gerek VI - Moon 16 - The Leisure Group Development Studio
60006049,30002534,10000030,0.618089,Rokofur IX - The Leisure Group Development Studio
60006052,30002552,10000030,0.587064,Eddar VIII - Moon 8 - The Leisure Group Development Studio
60006055,30002549,10000030,0.649834,Offugen VII - Moon 15 - The Leisure Group Development Studio
60006058,30003377,10000042,0.91335,Illuin VI - Moon 8 - The Leisure Group Development Studio
60006061,30003374,10000042,0.949,Arlulf III - Moon 5 - The Leisure Group Development Studio
60006064,30003407,10000042,0.890739,Tamekamur V - Moon 17 - The Leisure Group Development Studio
60006067,30003405,10000042,0.858163,Datulen V - Moon 14 - The Leisure Group Development Studio
60006070,30002385,10000028,0.586314,Teonusude IV - Moon 8 - The Leisure Group Development Studio
60006073,30002388,10000028,0.370781,Oddelulf VII - Moon 1 - The Leisure Group Development Studio
60006076,30003443,10000042,0.669636,Moselgi IV - The Leisure Group Development Studio
60006079,30003441,10000042,0.5993,Earwik V - The Leisure Group Development Studio
60006082,30002081,10000042,0.13638,Ansen III - Moon 6 - The Leisure Group Publisher
60006085,30002080,10000042,0.092769,Arifsdald III - Moon 14 - The Leisure Group Development Studio
60006088,30003389,10000042,0.768874,Altrinur XII - Moon 3 - The Leisure Group Development Studio
60006091,30003389,10000042,0.768874,Altrinur VIII - The Leisure Group Publisher
60006094,30003396,10000042,0.755888,Maturat VI - Moon 13 - The Leisure Group Development Studio
60006097,30003396,10000042,0.755888,Maturat IX - Moon 1 - The Leisure Group Development Studio
60006100,30002228,10000043,0.764729,Nererut II - Moon 1 - Amarr Constructions Production Plant
60006103,30002230,10000043,0.744503,Vashkah VI - Moon 2 - Amarr Constructions Warehouse
60006106,30002228,10000043,0.764729,Nererut V - Moon 12 - Amarr Constructions Production Plant
60006109,30002233,10000043,0.710418,Dakba VI - Amarr Constructions Foundry
60006112,30004238,10000054,0.171062,Gens V - Moon 2 - Amarr Constructions Production Plant
60006115,30004239,10000054,0.244672,Kamih IV - Amarr Constructions Warehouse
60006118,30004239,10000054,0.244672,Kamih V - Amarr Constructions Production Plant
60006121,30004236,10000054,0.241707,Yehaba VII - Amarr Constructions Warehouse
60006124,30005229,10000067,0.771331,Diaderi VII - Moon 3 - Amarr Constructions Production Plant
60006127,30005231,10000067,0.457643,Pashanai IV - Moon 3 - Amarr Constructions Production Plant
60006130,30005229,10000067,0.771331,Diaderi IX - Moon 16 - Amarr Constructions Warehouse
60006133,30005231,10000067,0.457643,Pashanai IV - Moon 4 - Amarr Constructions Production Plant
60006136,30004154,10000052,0.644762,Yehnifi X - Moon 22 - Amarr Constructions Foundry
60006139,30004154,10000052,0.644762,Yehnifi XI - Moon 2 - Amarr Constructions Foundry
60006142,30004154,10000052,0.644762,Yehnifi VI - Amarr Constructions Production Plant
60006145,30004153,10000052,0.724556,Minin VI - Moon 9 - Amarr Constructions Production Plant
60006148,30001674,10000020,0.891444,Hilaban III - Moon 14 - Amarr Constructions Foundry
60006151,30001674,10000020,0.891444,Hilaban II - Moon 9 - Amarr Constructions Production Plant
60006154,30001671,10000020,0.832134,Tash-Murkon Prime V - Moon 7 - Amarr Constructions Warehouse
60006157,30001674,10000020,0.891444,Hilaban V - Amarr Constructions Production Plant
60006160,30004122,10000052,0.513639,Chanoun III - Amarr Constructions Warehouse
60006163,30004127,10000052,0.51109,Zimse VI - Moon 7 - Amarr Constructions Production Plant
60006166,30004127,10000052,0.51109,Zimse V - Moon 11 - Amarr Constructions Production Plant
60006169,30004122,10000052,0.513639,Chanoun IX - Moon 16 - Amarr Constructions Production Plant
60006172,30005069,10000065,0.554274,Nahol VII - Moon 6 - Amarr Constructions Production Plant
60006175,30005074,10000065,0.231621,Daran V - Moon 1 - Amarr Constructions Foundry
60006178,30005073,10000065,0.201047,Pananan VIII - Moon 3 - Amarr Constructions Warehouse
60006181,30005074,10000065,0.231621,Daran V - Amarr Constructions Foundry
60006184,30004234,10000054,0.324065,Maalna VI - Moon 16 - Amarr Constructions Warehouse
60006187,30004230,10000054,0.31245,Van III - Moon 1 - Amarr Constructions Warehouse
60006190,30004235,10000054,0.337204,Maseera IV - Moon 1 - Amarr Constructions Production Plant
60006193,30004233,10000054,0.264278,Shirshocin III - Moon 2 - Amarr Constructions Warehouse
60006196,30003071,10000038,0.4146,Anka I - Amarr Constructions Production Plant
60006199,30003075,10000038,0.481707,Myyhera VIII - Moon 12 - Amarr Constructions Production Plant
60006202,30003075,10000038,0.481707,Myyhera VIII - Moon 2 - Amarr Constructions Production Plant
60006205,30003074,10000038,0.542635,Sasiekko IV - Moon 2 - Amarr Constructions Warehouse
60006208,30004099,10000052,0.773736,Sonama IV - Moon 1 - Amarr Constructions Production Plant
60006211,30004100,10000052,0.745272,Halibai IV - Moon 1 - Amarr Constructions Production Plant
60006214,30004099,10000052,0.773736,Sonama VII - Moon 4 - Amarr Constructions Production Plant
60006217,30004102,10000052,0.909281,Inis-Ilix IV - Moon 1 - Amarr Constructions Foundry
60006220,30001669,10000020,0.684396,Pimebeka VII - Moon 16 - Carthum Conglomerate Factory
60006223,30001673,10000020,0.939664,Shesha III - Carthum Conglomerate Factory
60006226,30001669,10000020,0.684396,Pimebeka VI - Moon 1 - Carthum Conglomerate Warehouse
60006229,30001670,10000020,0.804102,Baviasi IX - Carthum Conglomerate Factory
60006232,30001669,10000020,0.684396,Pimebeka IV - Moon 1 - Carthum Conglomerate Warehouse
60006235,30001674,10000020,0.891444,Hilaban III - Moon 4 - Carthum Conglomerate Warehouse
60006238,30004078,10000052,0.618912,Dresi I - Moon 10 - Carthum Conglomerate Factory
60006241,30004081,10000052,0.742152,Zororzih VII - Moon 12 - Carthum Conglomerate Factory
60006244,30004082,10000052,0.567123,Aharalel III - Moon 5 - Carthum Conglomerate Factory
60006247,30004083,10000052,0.693878,Gensela XI - Moon 2 - Carthum Conglomerate Factory
60006250,30004079,10000052,0.629298,Aphend VII - Moon 7 - Carthum Conglomerate Foundry
60006253,30004083,10000052,0.693878,Gensela IX - Carthum Conglomerate Warehouse
60006256,30002271,10000043,0.466544,Rayl X - Moon 3 - Carthum Conglomerate Factory
60006259,30002269,10000043,0.523045,Ebo IV - Moon 1 - Carthum Conglomerate Factory
60006262,30002271,10000043,0.466544,Rayl VIII - Moon 7 - Carthum Conglomerate Factory
60006265,30002269,10000043,0.523045,Ebo VII - Moon 1 - Carthum Conglomerate Factory
60006268,30002275,10000043,0.496612,Clarelam IV - Moon 4 - Carthum Conglomerate Foundry
60006271,30002275,10000043,0.496612,Clarelam VI - Moon 2 - Carthum Conglomerate Foundry
60006274,30004156,10000052,0.83976,Asrios VI - Moon 1 - Carthum Conglomerate Factory
60006277,30004155,10000052,0.837563,Shemah VI - Moon 16 - Carthum Conglomerate Factory
60006280,30004155,10000052,0.837563,Shemah VI - Moon 12 - Carthum Conglomerate Warehouse
60006283,30004156,10000052,0.83976,Asrios VII - Carthum Conglomerate Factory
60006286,30004156,10000052,0.83976,Asrios VIII - Carthum Conglomerate Production Plant
60006289,30004156,10000052,0.83976,Asrios VII - Moon 1 - Carthum Conglomerate Production Plant
60006292,30003486,10000043,0.359864,Kheram IV - Moon 15 - Carthum Conglomerate Factory
60006295,30003486,10000043,0.359864,Kheram V - Moon 6 - Carthum Conglomerate Factory
60006298,30003486,10000043,0.359864,Kheram V - Moon 15 - Carthum Conglomerate Factory
60006301,30003486,10000043,0.359864,Kheram VI - Moon 10 - Carthum Conglomerate Factory
60006304,30003484,10000043,0.171405,Sibot XII - Carthum Conglomerate Production Plant
60006307,30003486,10000043,0.359864,Kheram III - Moon 1 - Carthum Conglomerate Production Plant
60006310,30002267,10000043,0.67306,Shabura IX - Moon 7 - Carthum Conglomerate Factory
60006313,30002264,10000043,0.601282,Hadonoo III - Moon 9 - Carthum Conglomerate Research Center
60006316,30002263,10000043,0.571162,Jarshitsan VIII - Moon 8 - Carthum Conglomerate Factory
60006319,30002267,10000043,0.67306,Shabura VI - Moon 10 - Carthum Conglomerate Warehouse
60006322,30002268,10000043,0.666568,Adia VIII - Moon 9 - Carthum Conglomerate Foundry
60006325,30002268,10000043,0.666568,Adia VII - Moon 1 - Carthum Conglomerate Foundry
60006328,30003533,10000043,0.638811,Hahda VII - Moon 1 - Carthum Conglomerate Factory
60006331,30003530,10000043,0.441866,Raravath VI - Carthum Conglomerate Factory
60006334,30003530,10000043,0.441866,Raravath XII - Moon 1 - Carthum Conglomerate Factory
60006337,30003531,10000043,0.653281,Hisoufad VII - Moon 4 - Carthum Conglomerate Factory
60006340,30003534,10000043,0.376496,Namaili IV - Carthum Conglomerate Production Plant
60006343,30003534,10000043,0.376496,Namaili VII - Moon 2 - Carthum Conglomerate Warehouse
60006346,30003502,10000043,0.569426,Bahromab IX - Moon 8 - Carthum Conglomerate Factory
60006349,30003502,10000043,0.569426,Bahromab IX - Moon 5 - Carthum Conglomerate Factory
60006352,30003502,10000043,0.569426,Bahromab IX - Moon 13 - Carthum Conglomerate Factory
60006355,30003502,10000043,0.569426,Bahromab VIII - Moon 4 - Carthum Conglomerate Factory
60006358,30003503,10000043,0.603228,Madirmilire VI - Moon 11 - Carthum Conglomerate Warehouse
60006361,30003503,10000043,0.603228,Madirmilire VII - Moon 3 - Carthum Conglomerate Warehouse
60006364,30003075,10000038,0.481707,Myyhera V - Moon 1 - Carthum Conglomerate Factory
60006367,30003079,10000038,0.412492,Saikamon III - Moon 2 - Carthum Conglomerate Factory
60006370,30003077,10000038,0.402339,Uusanen I - Carthum Conglomerate Factory
60006373,30003073,10000038,0.483956,Netsalakka VIII - Carthum Conglomerate Factory
60006376,30003077,10000038,0.402339,Uusanen V - Carthum Conglomerate Production Plant
60006379,30003079,10000038,0.412492,Saikamon VI - Moon 2 - Carthum Conglomerate Production Plant
60006382,30005194,10000067,0.481204,Cleyd IV - Moon 6 - Carthum Conglomerate Factory
60006385,30005197,10000067,0.458912,Atreen VIII - Carthum Conglomerate Factory
60006388,30005194,10000067,0.481204,Cleyd V - Carthum Conglomerate Factory
60006391,30005196,10000067,0.42052,Ahbazon VIII - Moon 2 - Carthum Conglomerate Warehouse
60006394,30005194,10000067,0.481204,Cleyd VI - Moon 4 - Carthum Conglomerate Production Plant
60006397,30005196,10000067,0.42052,Ahbazon IX - Moon 11 - Carthum Conglomerate Production Plant
60006400,30003488,10000043,0.858322,Penirgman IV - Imperial Armaments Factory
60006403,30003490,10000043,0.810458,Khopa VII - Moon 3 - Imperial Armaments Factory
60006406,30003488,10000043,0.858322,Penirgman IX - Moon 13 - Imperial Armaments Factory
60006409,30003488,10000043,0.858322,Penirgman V - Imperial Armaments Factory
60006412,30003545,10000043,0.799609,Yuhelia V - Moon 1 - Imperial Armaments Factory
60006415,30003550,10000043,0.90387,Zhilshinou IX - Imperial Armaments Factory
60006418,30003552,10000043,0.900474,Ana IX - Moon 19 - Imperial Armaments Factory
60006421,30003547,10000043,0.85522,Hamse IX - Moon 13 - Imperial Armaments Factory
60006424,30000132,10000002,0.912017,Ansila X - Imperial Armaments Factory
60006427,30000138,10000002,0.949,Ikuchi VI - Moon 15 - Imperial Armaments Warehouse
60006430,30000135,10000002,0.734172,Outuni IX - Moon 3 - Imperial Armaments Factory
60006433,30000135,10000002,0.734172,Outuni X - Moon 14 - Imperial Armaments Factory
60006436,30003376,10000042,0.922674,Stirht VII - Moon 4 - Imperial Armaments Warehouse
60006439,30003380,10000042,0.949,Alf VI - Imperial Armaments Factory
60006442,30003377,10000042,0.91335,Illuin IV - Moon 5 - Imperial Armaments Warehouse
60006445,30003377,10000042,0.91335,Illuin V - Moon 5 - Imperial Armaments Factory
60006448,30003562,10000043,0.059583,Ziriert VIII - Moon 12 - Imperial Armaments Factory
60006451,30003559,10000043,0.145582,Mamet IV - Moon 10 - Imperial Armaments Factory
60006454,30003560,10000043,0.085137,Hoshoun VII - Moon 17 - Imperial Armaments Warehouse
60006457,30003559,10000043,0.145582,Mamet V - Moon 7 - Imperial Armaments Factory
60006460,30002203,10000043,0.629562,Ziona V - Moon 1 - Imperial Armaments Warehouse
60006463,30002197,10000043,0.798784,Akhragan VIII - Moon 3 - Imperial Armaments Factory
60006466,30002198,10000043,0.738355,Mikhir V - Moon 10 - Imperial Armaments Factory
60006469,30002198,10000043,0.738355,Mikhir V - Moon 23 - Imperial Armaments Factory
60006472,30002577,10000030,0.428685,Bundindus IV - Moon 7 - Imperial Armaments Factory
60006475,30002578,10000030,0.475109,Otraren VI - Moon 16 - Imperial Armaments Factory
60006478,30002578,10000030,0.475109,Otraren VI - Moon 18 - Imperial Armaments Warehouse
60006481,30002578,10000030,0.475109,Otraren VII - Moon 3 - Imperial Armaments Warehouse
60006484,30000074,10000001,0.426496,Hasateem V - Moon 11 - Imperial Armaments Factory
60006487,30000074,10000001,0.426496,Hasateem VII - Moon 2 - Imperial Armaments Factory
60006490,30000075,10000001,0.297802,Assah IX - Moon 1 - Imperial Armaments Factory
60006493,30000074,10000001,0.426496,Hasateem VI - Moon 8 - Imperial Armaments Factory
60006496,30002383,10000028,0.569668,Aeddin II - Imperial Armaments Warehouse
60006499,30002385,10000028,0.586314,Teonusude III - Moon 8 - Imperial Armaments Factory
60006502,30002389,10000028,0.373367,Atlar VI - Moon 4 - Imperial Armaments Factory
60006505,30002385,10000028,0.586314,Teonusude VI - Imperial Armaments Factory
60006508,30002984,10000036,0.219099,Ibash VI - Imperial Armaments Factory
60006511,30002986,10000036,0.53822,Mendori IX - Moon 9 - Imperial Armaments Factory
60006514,30002984,10000036,0.219099,Ibash V - Moon 4 - Imperial Armaments Factory
60006517,30002984,10000036,0.219099,Ibash V - Moon 12 - Imperial Armaments Factory
60006520,30002965,10000036,0.649812,Choonka X - Moon 6 - Imperial Armaments Factory
60006523,30002967,10000036,0.589287,Dihra VIII - Moon 16 - Imperial Armaments Factory
60006526,30002964,10000036,0.612692,Esescama VIII - Moon 3 - Imperial Armaments Warehouse
60006529,30002966,10000036,0.637163,Thasinaz VII - Moon 12 - Imperial Armaments Warehouse
60006532,30002572,10000030,0.876929,Hurjafren V - Imperial Armaments Factory
60006535,30002568,10000030,0.949,Onga VIII - Moon 5 - Imperial Armaments Factory
60006538,30002572,10000030,0.876929,Hurjafren IX - Imperial Armaments Factory
60006541,30002571,10000030,0.897107,Oremmulf IX - Moon 2 - Imperial Armaments Warehouse
60006544,30002685,10000032,0.70661,Dodenvale VIII - Moon 3 - Imperial Armaments Factory
60006547,30002688,10000032,0.852865,Chainelant VIII - Moon 3 - Imperial Armaments Factory
60006550,30002686,10000032,0.434761,Olettiers VI - Moon 6 - Imperial Armaments Factory
60006553,30002685,10000032,0.70661,Dodenvale X - Moon 2 - Imperial Armaments Factory
60006556,30003430,10000042,0.671349,Oppold IX - Moon 19 - Imperial Armaments Factory
60006559,30003430,10000042,0.671349,Oppold VIII - Moon 12 - Imperial Armaments Factory
60006562,30003433,10000042,0.736299,Gedugaud IV - Moon 2 - Imperial Armaments Factory
60006565,30003433,10000042,0.736299,Gedugaud VI - Moon 8 - Imperial Armaments Factory
60006568,30003818,10000048,0.135812,Aulbres IX - Moon 10 - Imperial Armaments Factory
60006571,30003821,10000048,0.074843,Ausmaert VII - Moon 2 - Imperial Armaments Factory
60006574,30003818,10000048,0.135812,Aulbres IX - Moon 20 - Imperial Armaments Factory
60006577,30003818,10000048,0.135812,Aulbres VIII - Moon 23 - Imperial Armaments Factory
60006580,30001670,10000020,0.804102,Baviasi IX - Viziam Factory
60006583,30001673,10000020,0.939664,Shesha II - Viziam Warehouse
60006586,30001670,10000020,0.804102,Baviasi II - Moon 1 - Viziam Factory
60006589,30001734,10000020,0.911673,Zehru IX - Moon 4 - Viziam Factory
60006592,30001733,10000020,0.949794,Tew IX - Moon 9 - Viziam Factory
60006595,30001734,10000020,0.911673,Zehru IX - Moon 10 - Viziam Warehouse
60006598,30001662,10000020,0.50365,Hibi V - Moon 10 - Viziam Factory
60006601,30001663,10000020,0.359262,Gemodi VI - Viziam Factory
60006604,30001666,10000020,0.455397,Pera IV - Moon 3 - Viziam Factory
60006607,30001735,10000020,0.803802,Uhodoh IX - Viziam Factory
60006610,30001736,10000020,0.75732,Esa VIII - Moon 2 - Viziam Warehouse
60006613,30001737,10000020,0.796701,Hath IV - Moon 6 - Viziam Warehouse
60006616,30002988,10000036,0.582039,Nakatre VIII - Moon 13 - Zoar and Sons Factory
60006619,30002988,10000036,0.582039,Nakatre III - Zoar and Sons Factory
60006622,30002988,10000036,0.582039,Nakatre IX - Zoar and Sons Factory
60006625,30002988,10000036,0.582039,Nakatre VI - Moon 3 - Zoar and Sons Factory
60006628,30005214,10000067,0.70007,Ashokon XII - Moon 2 - Zoar and Sons Factory
60006631,30005217,10000067,0.599966,Sheroo X - Moon 5 - Zoar and Sons Factory
60006634,30005219,10000067,0.542145,Sigga VIII - Moon 4 - Zoar and Sons Factory
60006637,30005214,10000067,0.70007,Ashokon XIII - Moon 8 - Zoar and Sons Factory
60006640,30005048,10000065,0.830126,Polfaly VI - Moon 7 - Zoar and Sons Warehouse
60006643,30005045,10000065,0.770299,Nahyeen VII - Zoar and Sons Factory
60006646,30005044,10000065,0.773588,Danyana IV - Moon 1 - Zoar and Sons Factory
60006649,30005044,10000065,0.773588,Danyana III - Moon 4 - Zoar and Sons Factory
60006652,30003559,10000043,0.145582,Mamet IV - Moon 6 - Zoar and Sons Factory
60006655,30003562,10000043,0.059583,Ziriert VIII - Moon 3 - Zoar and Sons Factory
60006658,30003563,10000043,0.064008,Misaba V - Moon 3 - Zoar and Sons Factory
60006661,30003562,10000043,0.059583,Ziriert VI - Zoar and Sons Factory
60006664,30004302,10000054,0.158276,Omigiav IV - Moon 12 - Zoar and Sons Warehouse
60006667,30004297,10000054,0.092313,Efu V - Moon 19 - Zoar and Sons Factory
60006670,30004297,10000054,0.092313,Efu V - Moon 18 - Zoar and Sons Factory
60006673,30004299,10000054,0.041499,Sakht VI - Moon 6 - Zoar and Sons Factory
60006676,30005032,10000065,0.340894,Khabara VI - Moon 7 - Zoar and Sons Factory
60006679,30005033,10000065,0.331892,Jeni IX - Moon 17 - Zoar and Sons Warehouse
60006682,30005030,10000065,0.396833,Fensi VII - Moon 10 - Zoar and Sons Factory
60006685,30005035,10000065,0.438171,Ami VI - Zoar and Sons Factory
60006688,30001732,10000020,0.867339,Zith IX - Zoar and Sons Factory
60006691,30001733,10000020,0.949794,Tew V - Moon 1 - Zoar and Sons Factory
60006694,30001729,10000020,0.729366,Sinid I - Zoar and Sons Warehouse
60006697,30001730,10000020,0.818921,Alra XII - Moon 2 - Zoar and Sons Factory
60006700,30005250,10000067,0.635428,Habu IV - Zoar and Sons Factory
60006703,30005254,10000067,0.578663,Abhan VII - Moon 1 - Zoar and Sons Factory
60006706,30005250,10000067,0.635428,Habu V - Moon 13 - Zoar and Sons Factory
60006709,30005250,10000067,0.635428,Habu V - Moon 2 - Zoar and Sons Factory
60006712,30004289,10000054,0.228142,Vaini III - Moon 1 - Zoar and Sons Factory
60006715,30004293,10000054,0.383267,Pserz VI - Zoar and Sons Factory
60006718,30004293,10000054,0.383267,Pserz III - Moon 1 - Zoar and Sons Factory
60006721,30004295,10000054,0.472105,Keba IX - Moon 3 - Zoar and Sons Factory
60006724,30001677,10000020,0.611164,Thashkarai VI - Zoar and Sons Factory
60006727,30001676,10000020,0.526744,Mimen X - Zoar and Sons Factory
60006730,30001676,10000020,0.526744,Mimen X - Moon 2 - Zoar and Sons Factory
60006733,30001678,10000020,0.630162,Atoosh VII - Moon 2 - Zoar and Sons Factory
60006736,30004094,10000052,0.571724,Nordar VI - Moon 6 - Noble Appliances Factory
60006739,30004091,10000052,0.638096,Uanim VI - Moon 12 - Noble Appliances Factory
60006742,30004092,10000052,0.595698,Murini III - Moon 18 - Noble Appliances Factory
60006745,30004101,10000052,0.869107,Suner VI - Moon 13 - Noble Appliances Factory
60006748,30004101,10000052,0.869107,Suner VII - Moon 7 - Noble Appliances Factory
60006751,30004101,10000052,0.869107,Suner VI - Moon 7 - Noble Appliances Warehouse
60006754,30004128,10000052,0.518584,Koona VI - Moon 14 - Noble Appliances Factory
60006757,30004122,10000052,0.513639,Chanoun VIII - Moon 8 - Noble Appliances Factory
60006760,30004122,10000052,0.513639,Chanoun VIII - Moon 10 - Noble Appliances Factory
60006763,30004104,10000052,0.420356,Ansasos VIII - Moon 5 - Noble Appliances Factory
60006766,30004106,10000052,0.411153,Bordan V - Noble Appliances Factory
60006769,30004104,10000052,0.420356,Ansasos III - Moon 1 - Noble Appliances Factory
60006772,30002989,10000036,0.717931,Laddiaha VI - Moon 7 - Ducia Foundry Mining Outpost
60006775,30002994,10000036,0.849035,Hati V - Moon 1 - Ducia Foundry Mineral Reserve
60006778,30002992,10000036,0.808523,Akes VII - Ducia Foundry Mineral Reserve
60006781,30003552,10000043,0.900474,Ana VII - Moon 3 - Ducia Foundry Mineral Reserve
60006784,30003546,10000043,0.798763,Maiah IV - Moon 1 - Ducia Foundry Refinery
60006787,30003546,10000043,0.798763,Maiah VIII - Moon 3 - Ducia Foundry Refinery
60006790,30004985,10000064,0.317772,Deven V - Moon 16 - Ducia Foundry Mining Outpost
60006793,30004983,10000064,0.552848,Amane VII - Moon 11 - Ducia Foundry Mineral Reserve
60006796,30004983,10000064,0.552848,Amane I - Ducia Foundry Mineral Reserve
60006799,30003836,10000048,0.289309,Vlillirier VII - Moon 1 - Ducia Foundry Refinery
60006802,30003842,10000048,0.290698,Esesier X - Ducia Foundry Mining Outpost
60006805,30003836,10000048,0.289309,Vlillirier VII - Moon 15 - Ducia Foundry Mineral Reserve
60006808,30003001,10000036,0.56056,Mili VIII - Moon 10 - Ducia Foundry Refinery
60006811,30003005,10000036,0.556911,Uktiad VII - Moon 21 - Ducia Foundry Mineral Reserve
60006814,30003001,10000036,0.56056,Mili X - Moon 3 - Ducia Foundry Refinery
60006817,30004098,10000052,0.699157,Turba X - Moon 4 - Ducia Foundry Refinery
60006820,30004103,10000052,0.647333,Kothe III - Ducia Foundry Mining Outpost
60006823,30004100,10000052,0.745272,Halibai IV - Moon 2 - Ducia Foundry Mining Outpost
60006826,30003064,10000038,0.453749,Tuomuta III - Ducia Foundry Mining Outpost
60006829,30003066,10000038,0.567863,Kuomi VI - Moon 2 - Ducia Foundry Refinery
60006832,30003063,10000038,0.355271,Lamaa IX - Moon 23 - Ducia Foundry Mineral Reserve
60006835,30003819,10000048,0.068201,Barleguet VI - Moon 1 - Ducia Foundry Refinery
60006838,30003819,10000048,0.068201,Barleguet V - Moon 5 - Ducia Foundry Refinery
60006841,30003821,10000048,0.074843,Ausmaert VII - Moon 5 - Ducia Foundry Refinery
60006844,30001400,10000016,0.489405,Litiura VIII - Moon 8 - Ducia Foundry Mining Outpost
60006847,30001401,10000016,0.508041,Nonni II - Ducia Foundry Refinery
60006850,30001402,10000016,0.440062,Passari V - Moon 9 - Ducia Foundry Refinery
60006853,30000162,10000002,0.440715,Maila IV - Moon 1 - Ducia Foundry Mineral Reserve
60006856,30000159,10000002,0.532008,Ikami XI - Moon 4 - Ducia Foundry Refinery
60006859,30000163,10000002,0.324625,Akora IX - Moon 17 - Ducia Foundry Refinery
60006862,30004120,10000052,0.407622,Iaokit IX - Moon 7 - Ducia Foundry Mining Outpost
60006865,30004121,10000052,0.367294,Menri V - Ducia Foundry Mineral Reserve
60006868,30004120,10000052,0.407622,Iaokit VI - Moon 14 - Ducia Foundry Mining Outpost
60006871,30003798,10000048,0.487171,Slays V - Moon 1 - Ducia Foundry Mineral Reserve
60006874,30003796,10000048,0.349445,Iges VIII - Moon 1 - Ducia Foundry Refinery
60006877,30003799,10000048,0.205721,Uphallant V - Moon 18 - Ducia Foundry Mineral Reserve
60006880,30000144,10000002,0.949,Perimeter II - Moon 1 - Ducia Foundry Mineral Reserve
60006883,30000143,10000002,0.949,Niyabainen VIII - Moon 16 - Ducia Foundry Mining Outpost
60006886,30000143,10000002,0.949,Niyabainen VII - Moon 11 - Ducia Foundry Mineral Reserve
60006889,30004122,10000052,0.513639,Chanoun VIII - Moon 11 - Ducia Foundry Mineral Reserve
60006892,30004129,10000052,0.487111,Munory VII - Moon 9 - Ducia Foundry Mining Outpost
60006895,30004123,10000052,0.497127,Garisas VI - Ducia Foundry Refinery
60006898,30003585,10000044,0.349169,Aeter III - Moon 5 - Ducia Foundry Mineral Reserve
60006901,30003586,10000044,0.664606,Gererique II - Moon 1 - Ducia Foundry Mining Outpost
60006904,30003579,10000044,0.596159,Larryn V - Moon 1 - Ducia Foundry Mineral Reserve
60006907,30003525,10000043,0.717179,Bagodan I - HZO Refinery Mining Outpost
60006910,30003521,10000043,0.662153,Alkabsi IV - Moon 1 - HZO Refinery Mineral Reserve
60006913,30003525,10000043,0.717179,Bagodan VIII - Moon 4 - HZO Refinery Mineral Reserve
60006916,30003508,10000043,0.789506,Sayartchen VIII - HZO Refinery Mineral Reserve
60006919,30003508,10000043,0.789506,Sayartchen VII - Moon 12 - HZO Refinery Mineral Reserve
60006922,30003511,10000043,0.869185,Somouh IX - Moon 1 - HZO Refinery
60006925,30003516,10000043,0.650764,Pedel IV - Moon 1 - HZO Refinery Mining Outpost
60006928,30003517,10000043,0.758617,Etav X - Moon 3 - HZO Refinery
60006931,30003516,10000043,0.650764,Pedel VII - HZO Refinery Mining Outpost
60006934,30003532,10000043,0.690712,Jesoyeh X - Moon 12 - HZO Refinery Mining Outpost
60006937,30003532,10000043,0.690712,Jesoyeh IX - Moon 7 - HZO Refinery Mining Outpost
60006940,30003535,10000043,0.519572,Afivad IX - Moon 2 - HZO Refinery
60006943,30004093,10000052,0.667457,Askonak III - Moon 2 - Inherent Implants Biotech Production
60006946,30004095,10000052,0.618488,Kador Prime VIII - Moon 3 - Inherent Implants Biotech Production
60006949,30004160,10000052,0.836696,Zorrabed VII - Moon 4 - Inherent Implants Biotech Research Center
60006952,30004160,10000052,0.836696,Zorrabed VII - Moon 26 - Inherent Implants Biotech Research Center
60006955,30003555,10000043,0.480322,Bittanshal I - Moon 1 - Inherent Implants Biotech Production
60006958,30003553,10000043,0.525562,Warouh VI - Moon 18 - Inherent Implants Biotech Production
60006961,30001719,10000020,0.43391,Sagain V - Inherent Implants Biotech Production
60006964,30001716,10000020,0.787519,Goni IV - Moon 14 - Inherent Implants Biotech Production
60006967,30005039,10000065,0.617346,Leva VI - Inherent Implants Biotech Production
60006970,30005036,10000065,0.640655,Amdonen VIII - Moon 13 - Inherent Implants Biotech Production
60006973,30004239,10000054,0.244672,Kamih VI - Moon 2 - Inherent Implants Biotech Production
60006976,30004240,10000054,0.36078,Hier IV - Moon 3 - Inherent Implants Biotech Production
60006979,30004084,10000052,0.513195,Ghesis II - Inherent Implants Biotech Production
60006982,30004084,10000052,0.513195,Ghesis IV - Moon 4 - Inherent Implants Biotech Production
60006985,30005264,10000067,0.177585,Angur IV - Moon 2 - Inherent Implants Biotech Production
60006988,30005264,10000067,0.177585,Angur III - Moon 1 - Inherent Implants Biotech Production
60006991,30003542,10000043,0.460561,Hayumtom XII - Moon 1 - Inherent Implants Biotech Research Center
60006994,30003541,10000043,0.353254,Faswiba IX - Moon 1 - Inherent Implants Biotech Production
60006997,30004261,10000054,0.043635,Balas I - Moon 2 - Inherent Implants Biotech Production
60007000,30004261,10000054,0.043635,Balas I - Moon 11 - Inherent Implants Biotech Production
60007003,30005039,10000065,0.617346,Leva IX - Moon 5 - Imperial Shipment Storage
60007006,30005043,10000065,0.830615,Nakregde VII - Moon 1 - Imperial Shipment Storage
60007009,30005040,10000065,0.576118,Nishah VI - Moon 14 - Imperial Shipment Storage
60007012,30005043,10000065,0.830615,Nakregde VI - Moon 1 - Imperial Shipment Storage
60007015,30005036,10000065,0.640655,Amdonen VII - Moon 7 - Imperial Shipment Storage
60007018,30005036,10000065,0.640655,Amdonen VIII - Moon 8 - Imperial Shipment Storage
60007021,30002975,10000036,0.36698,Roushzar VII - Moon 12 - Imperial Shipment Storage
60007024,30002977,10000036,0.386265,Arayar VIII - Moon 2 - Imperial Shipment Storage
60007027,30002981,10000036,0.448846,Halmah II - Moon 12 - Imperial Shipment Storage
60007030,30002975,10000036,0.36698,Roushzar X - Moon 4 - Imperial Shipment Storage
60007033,30002978,10000036,0.355538,Asghed VI - Moon 5 - Imperial Shipment Storage
60007036,30002975,10000036,0.36698,Roushzar VI - Moon 1 - Imperial Shipment Storage
60007039,30002970,10000036,0.573907,Ohide VI - Moon 1 - Imperial Shipment Storage
60007042,30002969,10000036,0.701652,Eredan III - Imperial Shipment Storage
60007045,30002973,10000036,0.759169,Lisudeh VI - Moon 18 - Imperial Shipment Storage
60007048,30002972,10000036,0.596576,Gheth VIII - Moon 1 - Imperial Shipment Storage
60007051,30002970,10000036,0.573907,Ohide II - Imperial Shipment Storage
60007054,30002972,10000036,0.596576,Gheth IX - Moon 2 - Imperial Shipment Storage
60007057,30005196,10000067,0.42052,Ahbazon VI - Imperial Shipment Storage
60007060,30005193,10000067,0.519172,Lor VII - Moon 7 - Imperial Shipment Storage
60007063,30005196,10000067,0.42052,Ahbazon IX - Moon 15 - Imperial Shipment Storage
60007066,30005192,10000067,0.598078,Shera IX - Moon 4 - Imperial Shipment Storage
60007069,30005196,10000067,0.42052,Ahbazon IV - Moon 1 - Imperial Shipment Storage
60007072,30005195,10000067,0.444391,Vecamia VII - Moon 5 - Imperial Shipment Storage
60007075,30001664,10000020,0.291687,Chamume IV - Moon 1 - Imperial Shipment Storage
60007078,30001664,10000020,0.291687,Chamume VII - Moon 14 - Imperial Shipment Storage
60007081,30001666,10000020,0.455397,Pera II - Moon 1 - Imperial Shipment Storage
60007084,30001664,10000020,0.291687,Chamume VII - Moon 2 - Imperial Shipment Storage
60007087,30001662,10000020,0.50365,Hibi V - Moon 4 - Imperial Shipment Storage
60007090,30001667,10000020,0.550819,Shousran VII - Imperial Shipment Storage
60007093,30005257,10000067,0.305946,Bantish VI - Moon 3 - Imperial Shipment Storage
60007096,30005260,10000067,0.364385,Keri X - Imperial Shipment Storage
60007099,30005258,10000067,0.324548,Korridi I - Imperial Shipment Storage
60007102,30005260,10000067,0.364385,Keri VII - Moon 1 - Imperial Shipment Storage
60007105,30005259,10000067,0.345111,Lela VII - Moon 22 - Imperial Shipment Storage
60007108,30005260,10000067,0.364385,Keri VIII - Moon 3 - Imperial Shipment Storage
60007111,30003535,10000043,0.519572,Afivad XI - Moon 2 - Imperial Shipment Storage
60007114,30003533,10000043,0.638811,Hahda IX - Imperial Shipment Storage
60007117,30003530,10000043,0.441866,Raravath III - Imperial Shipment Storage
60007120,30003532,10000043,0.690712,Jesoyeh X - Moon 7 - Imperial Shipment Storage
60007123,30003534,10000043,0.376496,Namaili VII - Imperial Shipment Storage
60007126,30003528,10000043,0.820387,Herila IV - Moon 5 - Imperial Shipment Storage
60007129,30001715,10000020,0.705992,Moutid II - Moon 7 - Imperial Shipment Storage
60007132,30001709,10000020,0.582023,Ferira VIII - Moon 1 - Imperial Shipment Storage
60007135,30001713,10000020,0.628312,Yasud VIII - Moon 1 - Imperial Shipment Storage
60007138,30001711,10000020,0.633394,Azerakish XII - Moon 3 - Imperial Shipment Storage
60007141,30001710,10000020,0.631409,Yeder VII - Moon 6 - Imperial Shipment Storage
60007144,30001709,10000020,0.582023,Ferira VI - Moon 14 - Imperial Shipment Storage
60007147,30002200,10000043,0.602218,Sukirah VII - Moon 9 - Imperial Shipment Storage
60007150,30002200,10000043,0.602218,Sukirah IX - Moon 2 - Imperial Shipment Storage
60007153,30002199,10000043,0.64456,Bashakru VI - Moon 1 - Imperial Shipment Storage
60007156,30002198,10000043,0.738355,Mikhir II - Imperial Shipment Storage
60007159,30002200,10000043,0.602218,Sukirah VII - Moon 7 - Imperial Shipment Storage
60007162,30002201,10000043,0.479472,Shuria XI - Imperial Shipment Storage
60007165,30002258,10000043,0.748868,Nadohman VIII - Moon 14 - Imperial Shipment Storage
60007168,30002261,10000043,0.626142,Luromooh V - Moon 1 - Imperial Shipment Storage
60007171,30002259,10000043,0.706806,Sahdil II - Moon 13 - Imperial Shipment Storage
60007174,30002258,10000043,0.748868,Nadohman IV - Moon 3 - Imperial Shipment Storage
60007177,30002262,10000043,0.581325,Nalu VII - Moon 11 - Imperial Shipment Storage
60007180,30002262,10000043,0.581325,Nalu VII - Moon 4 - Imperial Shipment Storage
60007183,30005043,10000065,0.830615,Nakregde II - Amarr Certified News Development Studio
60007186,30005036,10000065,0.640655,Amdonen VIII - Moon 8 - Amarr Certified News Development Studio
60007189,30005231,10000067,0.457643,Pashanai III - Moon 9 - Amarr Certified News Development Studio
60007192,30005235,10000067,0.533899,Malma VII - Amarr Certified News Development Studio
60007195,30005217,10000067,0.599966,Sheroo X - Moon 11 - Amarr Certified News Publisher
60007198,30005214,10000067,0.70007,Ashokon XIII - Moon 16 - Amarr Certified News Development Studio
60007201,30003004,10000036,0.680707,Ulerah II - Moon 12 - Amarr Certified News Development Studio
60007204,30003003,10000036,0.637247,Halenan IX - Moon 1 - Amarr Certified News Development Studio
60007207,30002281,10000043,0.911785,Eba VIII - Moon 9 - Amarr Certified News Publisher
60007210,30002278,10000043,0.752386,Artoun VII - Moon 2 - Amarr Certified News Development Studio
60007213,30001738,10000020,0.7616,Judra VII - Moon 7 - Amarr Certified News Publisher
60007216,30001735,10000020,0.803802,Uhodoh VI - Moon 1 - Amarr Certified News Development Studio
60007219,30004264,10000054,0.075726,Hoseen VIII - Amarr Certified News Development Studio
60007222,30004254,10000054,0.105135,Fihrneh VI - Moon 10 - Amarr Certified News Development Studio
60007225,30002211,10000043,0.518444,Pelkia III - Moon 2 - Amarr Certified News Publisher
60007228,30002215,10000043,0.454842,Sakhti IX - Moon 7 - Amarr Certified News Development Studio
60007231,30004128,10000052,0.518584,Koona IV - Amarr Certified News Development Studio
60007234,30004124,10000052,0.5225,Aphi VIII - Moon 5 - Amarr Certified News Development Studio
60007237,30001731,10000020,0.833348,Ilas IX - Moon 4 - Amarr Certified News Development Studio
60007240,30001730,10000020,0.818921,Alra VIII - Moon 22 - Amarr Certified News Development Studio
60007243,30005036,10000065,0.640655,Amdonen VIII - Moon 14 - Joint Harvesting Plantation
60007246,30005038,10000065,0.913908,Kor-Azor Prime II - Moon 1 - Joint Harvesting Plantation
60007249,30005043,10000065,0.830615,Nakregde IV - Joint Harvesting Food Packaging
60007252,30005039,10000065,0.617346,Leva IX - Moon 5 - Joint Harvesting Plantation
60007255,30005040,10000065,0.576118,Nishah V - Moon 12 - Joint Harvesting Mining Outpost
60007258,30005040,10000065,0.576118,Nishah IV - Moon 9 - Joint Harvesting Mining Outpost
60007261,30002384,10000028,0.49786,Gulfonodi VIII - Moon 5 - Joint Harvesting Warehouse
60007264,30002384,10000028,0.49786,Gulfonodi VIII - Moon 15 - Joint Harvesting Food Packaging
60007267,30002386,10000028,0.559771,Gelfiven VI - Moon 1 - Joint Harvesting Food Packaging
60007270,30002386,10000028,0.559771,Gelfiven V - Joint Harvesting Food Packaging
60007273,30002388,10000028,0.370781,Oddelulf I - Joint Harvesting Refinery
60007276,30002384,10000028,0.49786,Gulfonodi X - Moon 5 - Joint Harvesting Refinery
60007279,30002071,10000042,0.56238,Barkrik II - Moon 10 - Joint Harvesting Food Packaging
60007282,30002075,10000042,0.509212,Hjoramold III - Joint Harvesting Plantation
60007285,30002071,10000042,0.56238,Barkrik IV - Moon 4 - Joint Harvesting Food Packaging
60007288,30002075,10000042,0.509212,Hjoramold XII - Moon 1 - Joint Harvesting Plantation
60007291,30002075,10000042,0.509212,Hjoramold IX - Moon 14 - Joint Harvesting Refinery
60007294,30002069,10000042,0.629521,Traun X - Moon 14 - Joint Harvesting Mining Outpost
60007297,30001695,10000020,0.614642,Nehkiah IV - Moon 14 - Joint Harvesting Plantation
60007300,30001697,10000020,0.660782,Ahkour III - Moon 1 - Joint Harvesting Plantation
60007303,30001699,10000020,0.509937,Siyi III - Moon 12 - Joint Harvesting Plantation
60007306,30001695,10000020,0.614642,Nehkiah IV - Moon 3 - Joint Harvesting Plantation
60007309,30001698,10000020,0.614769,Gaknem V - Joint Harvesting Mineral Reserve
60007312,30001694,10000020,0.730618,Abai IV - Moon 11 - Joint Harvesting Mineral Reserve
60007315,30001676,10000020,0.526744,Mimen XI - Joint Harvesting Food Packaging
60007318,30001676,10000020,0.526744,Mimen IX - Joint Harvesting Plantation
60007321,30001678,10000020,0.630162,Atoosh VIII - Joint Harvesting Warehouse
60007324,30001679,10000020,0.647908,Unkah VII - Moon 2 - Joint Harvesting Food Packaging
60007327,30001679,10000020,0.647908,Unkah IX - Joint Harvesting Mineral Reserve
60007330,30001678,10000020,0.630162,Atoosh VI - Moon 5 - Joint Harvesting Refinery
60007333,30002537,10000030,0.438761,Amamake VI - Moon 8 - Joint Harvesting Food Packaging
60007336,30002539,10000030,0.338351,Siseide VII - Moon 17 - Joint Harvesting Food Packaging
60007339,30002537,10000030,0.438761,Amamake II - Moon 1 - Joint Harvesting Food Packaging
60007342,30002537,10000030,0.438761,Amamake VI - Moon 13 - Joint Harvesting Warehouse
60007345,30002537,10000030,0.438761,Amamake VI - Moon 6 - Joint Harvesting Mineral Reserve
60007348,30002542,10000030,0.385484,Auga V - Moon 10 - Joint Harvesting Refinery
60007351,30005087,10000065,0.449136,Liparer V - Moon 3 - Joint Harvesting Plantation
60007354,30005084,10000065,0.415573,Miroona IV - Moon 19 - Joint Harvesting Plantation
60007357,30005086,10000065,0.327651,Arza IV - Moon 3 - Joint Harvesting Plantation
60007360,30005087,10000065,0.449136,Liparer VIII - Moon 4 - Joint Harvesting Plantation
60007363,30005087,10000065,0.449136,Liparer I - Joint Harvesting Mining Outpost
60007366,30005086,10000065,0.327651,Arza IV - Joint Harvesting Mining Outpost
60007369,30001400,10000016,0.489405,Litiura IX - Joint Harvesting Plantation
60007372,30001399,10000016,0.665783,Elonaya VI - Joint Harvesting Plantation
60007375,30001399,10000016,0.665783,Elonaya XI - Joint Harvesting Plantation
60007378,30001402,10000016,0.440062,Passari VIII - Joint Harvesting Food Packaging
60007381,30001401,10000016,0.508041,Nonni VI - Moon 1 - Joint Harvesting Refinery
60007384,30001398,10000016,0.44779,Aunenen V - Moon 14 - Joint Harvesting Mineral Reserve
60007387,30003553,10000043,0.525562,Warouh V - Moon 9 - Joint Harvesting Food Packaging
60007390,30003558,10000043,0.650428,Madimal VI - Moon 18 - Joint Harvesting Food Packaging
60007393,30003557,10000043,0.27801,Sieh II - Moon 1 - Joint Harvesting Plantation
60007396,30003554,10000043,0.518606,Jambu V - Moon 6 - Joint Harvesting Food Packaging
60007399,30003557,10000043,0.27801,Sieh III - Moon 16 - Joint Harvesting Mining Outpost
60007402,30003553,10000043,0.525562,Warouh VI - Moon 5 - Joint Harvesting Mineral Reserve
60007405,30003391,10000042,0.725169,Reset III - Moon 1 - Joint Harvesting Food Packaging
60007408,30003391,10000042,0.725169,Reset II - Joint Harvesting Plantation
60007411,30003389,10000042,0.768874,Altrinur XII - Moon 6 - Joint Harvesting Food Packaging
60007414,30003390,10000042,0.847065,Vilur VII - Moon 4 - Joint Harvesting Food Packaging
60007417,30003387,10000042,0.853142,Jondik VI - Joint Harvesting Mineral Reserve
60007420,30003391,10000042,0.725169,Reset VI - Moon 8 - Joint Harvesting Mining Outpost
60007423,30001689,10000020,0.645109,Asesamy II - Moon 1 - Joint Harvesting Warehouse
60007426,30001693,10000020,0.857557,Perdan VIII - Moon 1 - Joint Harvesting Plantation
60007429,30001689,10000020,0.645109,Asesamy I - Moon 1 - Joint Harvesting Plantation
60007432,30001693,10000020,0.857557,Perdan VII - Moon 5 - Joint Harvesting Plantation
60007435,30001693,10000020,0.857557,Perdan VI - Moon 8 - Joint Harvesting Mining Outpost
60007438,30001693,10000020,0.857557,Perdan VI - Moon 12 - Joint Harvesting Mining Outpost
60007441,30002789,10000033,0.779169,Kaaputenen VII - Moon 4 - Joint Harvesting Plantation
60007444,30002789,10000033,0.779169,Kaaputenen V - Moon 1 - Joint Harvesting Plantation
60007447,30002793,10000033,0.462497,Inari IX - Moon 11 - Joint Harvesting Plantation
60007450,30002793,10000033,0.462497,Inari I - Moon 1 - Joint Harvesting Plantation
60007453,30002789,10000033,0.779169,Kaaputenen III - Moon 10 - Joint Harvesting Mining Outpost
60007456,30002793,10000033,0.462497,Inari VII - Moon 23 - Joint Harvesting Mining Outpost
60007459,30003379,10000042,0.909469,Aldilur V - Moon 15 - Joint Harvesting Plantation
60007462,30003378,10000042,0.768314,Nedegulf VIII - Moon 13 - Joint Harvesting Plantation
60007465,30003376,10000042,0.922674,Stirht VII - Moon 5 - Joint Harvesting Plantation
60007468,30003378,10000042,0.768314,Nedegulf V - Joint Harvesting Plantation
60007471,30003376,10000042,0.922674,Stirht VII - Moon 13 - Joint Harvesting Mining Outpost
60007474,30003378,10000042,0.768314,Nedegulf VIII - Moon 10 - Joint Harvesting Mining Outpost
60007477,30002508,10000030,0.879659,Trytedald V - Moon 2 - Joint Harvesting Plantation
60007480,30002508,10000030,0.879659,Trytedald VIII - Moon 20 - Joint Harvesting Plantation
60007483,30002508,10000030,0.879659,Trytedald VIII - Moon 23 - Joint Harvesting Plantation
60007486,30002508,10000030,0.879659,Trytedald III - Moon 1 - Joint Harvesting Plantation
60007489,30002508,10000030,0.879659,Trytedald VII - Moon 16 - Joint Harvesting Mining Outpost
60007492,30002508,10000030,0.879659,Trytedald VII - Moon 22 - Joint Harvesting Mining Outpost
60007495,30000205,10000002,0.346931,Obe VI - Moon 1 - Joint Harvesting Plantation
60007498,30000205,10000002,0.346931,Obe V - Joint Harvesting Plantation
60007501,30000203,10000002,0.417261,Eruka IV - Moon 6 - Joint Harvesting Food Packaging
60007504,30000202,10000002,0.456966,Mastakomon VII - Joint Harvesting Food Packaging
60007507,30000201,10000002,0.474179,Uchoshi X - Moon 1 - Joint Harvesting Mineral Reserve
60007510,30000204,10000002,0.384887,Ohkunen VI - Joint Harvesting Mining Outpost
60007513,30001673,10000020,0.939664,Shesha VII - Nurtura Plantation
60007516,30001674,10000020,0.891444,Hilaban II - Moon 12 - Nurtura Warehouse
60007519,30001670,10000020,0.804102,Baviasi III - Moon 1 - Nurtura Food Packaging
60007522,30001674,10000020,0.891444,Hilaban I - Nurtura Warehouse
60007525,30003555,10000043,0.480322,Bittanshal VIII - Moon 18 - Nurtura Food Packaging
60007528,30003557,10000043,0.27801,Sieh III - Moon 13 - Nurtura Plantation
60007531,30003555,10000043,0.480322,Bittanshal VIII - Moon 9 - Nurtura Plantation
60007534,30003557,10000043,0.27801,Sieh II - Moon 9 - Nurtura Plantation
60007537,30003399,10000042,0.604578,Vorsk VIII - Moon 3 - Nurtura Plantation
60007540,30003399,10000042,0.604578,Vorsk IX - Moon 5 - Nurtura Plantation
60007543,30003399,10000042,0.604578,Vorsk IX - Moon 9 - Nurtura Plantation
60007546,30003393,10000042,0.779535,Eiluvodi VI - Moon 10 - Nurtura Food Packaging
60007549,30001394,10000016,0.770922,Korama II - Moon 8 - Nurtura Food Packaging
60007552,30001397,10000016,0.560588,Isseras VII - Nurtura Warehouse
60007555,30001393,10000016,0.948175,Malkalen I - Nurtura Plantation
60007558,30001397,10000016,0.560588,Isseras IV - Moon 1 - Nurtura Plantation
60007561,30000083,10000001,0.72891,Ejahi IV - Nurtura Warehouse
60007564,30000088,10000001,0.664835,Akeva IV - Moon 8 - Nurtura Plantation
60007567,30000083,10000001,0.72891,Ejahi VI - Nurtura Warehouse
60007570,30000088,10000001,0.664835,Akeva III - Moon 10 - Nurtura Plantation
60007573,30000031,10000001,0.681783,Mohas I - Nurtura Plantation
60007576,30000034,10000001,0.782123,Alkez VI - Moon 1 - Nurtura Plantation
60007579,30000037,10000001,0.422069,Uplingur IV (Ndoria) - Moon 16 - Nurtura Plantation
60007582,30000037,10000001,0.422069,Uplingur III - Moon 8 - Nurtura Plantation
60007585,30000194,10000002,0.3844,Otsela VI - Moon 10 - Nurtura Plantation
60007588,30000188,10000002,0.566958,Hentogaira II - Moon 10 - Nurtura Food Packaging
60007591,30000188,10000002,0.566958,Hentogaira I - Moon 7 - Nurtura Warehouse
60007594,30000190,10000002,0.493712,Vasala IV - Nurtura Food Packaging
60007597,30001389,10000016,0.635016,Isanamo VII - Moon 1 - Nurtura Warehouse
60007600,30001390,10000016,0.42091,Pakkonen V - Moon 6 - Nurtura Plantation
60007603,30001390,10000016,0.42091,Pakkonen I - Moon 1 - Nurtura Plantation
60007606,30001386,10000016,0.549477,Saatuban VII - Moon 2 - Nurtura Warehouse
60007609,30001654,10000020,0.554138,Matyas V - Moon 19 - Nurtura Food Packaging
60007612,30001652,10000020,0.725185,Pimsu VIII - Moon 5 - Nurtura Food Packaging
60007615,30001655,10000020,0.584965,Imeshasa I - Nurtura Food Packaging
60007618,30001651,10000020,0.709062,Nafomeh VII - Moon 7 - Nurtura Warehouse
60007621,30003462,10000042,0.555307,Eldjaerin IV - Nurtura Food Packaging
60007624,30003466,10000042,0.416024,Eurgrana I - Nurtura Plantation
60007627,30003465,10000042,0.271666,Tabbetzur VII - Moon 1 - Nurtura Plantation
60007630,30003464,10000042,0.744569,Aldik IV - Moon 1 - Nurtura Warehouse
60007633,30001699,10000020,0.509937,Siyi IV - Moon 9 - Nurtura Plantation
60007636,30001695,10000020,0.614642,Nehkiah II - Moon 2 - Nurtura Food Packaging
60007639,30001697,10000020,0.660782,Ahkour VII - Moon 8 - Nurtura Warehouse
60007642,30001699,10000020,0.509937,Siyi I - Nurtura Plantation
60007645,30000071,10000001,0.527329,Jangar VIII - Moon 2 - Nurtura Plantation
60007648,30000074,10000001,0.426496,Hasateem VII - Moon 3 - Nurtura Food Packaging
60007651,30000071,10000001,0.527329,Jangar VII - Moon 1 - Nurtura Plantation
60007654,30000071,10000001,0.527329,Jangar IV - Nurtura Plantation
60007657,30005334,10000068,0.83797,Tierijev V - Moon 8 - Nurtura Warehouse
60007660,30005333,10000068,0.518818,Stou IV - Moon 1 - Nurtura Plantation
60007663,30005333,10000068,0.518818,Stou VII - Moon 1 - Nurtura Food Packaging
60007666,30005330,10000068,0.471987,Arraron VII - Moon 7 - Nurtura Food Packaging
60007669,30001367,10000016,0.604188,Hageken XI - Moon 2 - Nurtura Warehouse
60007672,30001366,10000016,0.694322,Uosusuokko VII - Moon 8 - Nurtura Food Packaging
60007675,30001365,10000016,0.780999,Isikemi VI - Moon 3 - Nurtura Food Packaging
60007678,30001367,10000016,0.604188,Hageken X - Moon 15 - Nurtura Food Packaging
60007681,30002540,10000030,0.339486,Lantorn VI - Moon 10 - Nurtura Food Packaging
60007684,30002537,10000030,0.438761,Amamake VI - Moon 2 - Nurtura Food Packaging
60007687,30002537,10000030,0.438761,Amamake VI - Moon 11 - Nurtura Warehouse
60007690,30002537,10000030,0.438761,Amamake VI - Moon 6 - Nurtura Warehouse
60007693,30002231,10000043,0.740023,Ardishapur Prime II - Further Foodstuffs Plantation
60007696,30002235,10000043,0.67737,Shumam VII - Further Foodstuffs Plantation
60007699,30002230,10000043,0.744503,Vashkah IV - Moon 2 - Further Foodstuffs Food Packaging
60007702,30001672,10000020,0.949,Emrayur III - Moon 1 - Royal Amarr Institute School
60007705,30004254,10000054,0.105135,Fihrneh VI - Moon 1 - Royal Amarr Institute School
60007708,30004306,10000054,0.044736,Karan VIII - Royal Amarr Institute School
60007711,30003092,10000038,0.556722,Komaa V - Royal Amarr Institute School
60007714,30005236,10000067,0.337221,Noranim IV - Moon 16 - Royal Amarr Institute School
60007717,30004240,10000054,0.36078,Hier V - Royal Amarr Institute School
60007720,30005244,10000067,0.582956,Gergish X - Moon 3 - Royal Amarr Institute School
60007723,30005050,10000065,0.572365,Kulu X - Moon 16 - Royal Amarr Institute School
60007726,30004142,10000052,0.811302,Hikansog VII - Moon 9 - Royal Amarr Institute School
60007729,30004078,10000052,0.618912,Dresi II - Royal Amarr Institute School
60007732,30002198,10000043,0.738355,Mikhir V - Moon 23 - Imperial Chancellor Archives
60007735,30002202,10000043,0.468422,Narai VIII - Moon 8 - Imperial Chancellor Bureau Offices
60007738,30002197,10000043,0.798784,Akhragan VII - Imperial Chancellor Bureau Offices
60007741,30002278,10000043,0.752386,Artoun VII - Imperial Chancellor Bureau Offices
60007744,30002281,10000043,0.911785,Eba VII - Moon 16 - Imperial Chancellor Bureau Offices
60007747,30002276,10000043,0.68324,Isamm IX - Moon 15 - Imperial Chancellor Bureau Offices
60007750,30002263,10000043,0.571162,Jarshitsan VII - Moon 19 - Imperial Chancellor Information Center
60007753,30002266,10000043,0.601741,Ahmak VII - Imperial Chancellor Archives
60007756,30002265,10000043,0.62303,Azizora VI - Moon 1 - Imperial Chancellor Information Center
60007759,30002232,10000043,0.737569,Gid V - Moon 4 - Imperial Chancellor Bureau Offices
60007762,30002226,10000043,0.873772,Thebeka VI - Moon 19 - Imperial Chancellor Information Center
60007765,30002226,10000043,0.873772,Thebeka VI - Moon 20 - Imperial Chancellor Bureau Offices
60007768,30002201,10000043,0.479472,Shuria X - Moon 10 - Amarr Civil Service Bureau Offices
60007771,30002197,10000043,0.798784,Akhragan V - Moon 1 - Amarr Civil Service Bureau Offices
60007774,30002203,10000043,0.629562,Ziona VI - Moon 8 - Amarr Civil Service Bureau Offices
60007777,30002198,10000043,0.738355,Mikhir V - Moon 8 - Amarr Civil Service Bureau Offices
60007780,30005045,10000065,0.770299,Nahyeen IX - Moon 1 - Amarr Civil Service Information Center
60007783,30005046,10000065,0.847549,Jinkah III - Moon 3 - Amarr Civil Service Archives
60007786,30005045,10000065,0.770299,Nahyeen VII - Amarr Civil Service Bureau Offices
60007789,30005048,10000065,0.830126,Polfaly VIII - Moon 3 - Amarr Civil Service Bureau Offices
60007792,30005262,10000067,0.275479,Djimame VI - Moon 1 - Amarr Civil Service Bureau Offices
60007795,30005261,10000067,0.31288,Antem V - Moon 1 - Amarr Civil Service Bureau Offices
60007798,30005262,10000067,0.275479,Djimame VIII - Moon 2 - Amarr Civil Service Bureau Offices
60007801,30005261,10000067,0.31288,Antem VI - Amarr Civil Service Bureau Offices
60007804,30004079,10000052,0.629298,Aphend VIII - Moon 3 - Amarr Civil Service Bureau Offices
60007807,30004080,10000052,0.719438,Romi VII - Moon 11 - Amarr Civil Service Bureau Offices
60007810,30004082,10000052,0.567123,Aharalel V - Moon 3 - Amarr Civil Service Archives
60007813,30004081,10000052,0.742152,Zororzih VIII - Moon 1 - Amarr Civil Service Information Center
60007816,30005043,10000065,0.830615,Nakregde VIII - Moon 2 - Amarr Civil Service Information Center
60007819,30005038,10000065,0.913908,Kor-Azor Prime V - Moon 2 - Amarr Civil Service Bureau Offices
60007822,30005043,10000065,0.830615,Nakregde I - Amarr Civil Service Bureau Offices
60007825,30005040,10000065,0.576118,Nishah VII - Moon 1 - Amarr Civil Service Archives
60007828,30003474,10000043,0.415743,Sahda II - Amarr Civil Service Information Center
60007831,30003474,10000043,0.415743,Sahda IV - Moon 14 - Amarr Civil Service Bureau Offices
60007834,30003479,10000043,0.331138,Akila VII - Moon 12 - Amarr Civil Service Archives
60007837,30003479,10000043,0.331138,Akila IX - Moon 6 - Amarr Civil Service Archives
60007840,30002993,10000036,0.647601,Riavayed XI - Moon 7 - Amarr Civil Service Information Center
60007843,30002993,10000036,0.647601,Riavayed XI - Moon 11 - Amarr Civil Service Information Center
60007846,30002993,10000036,0.647601,Riavayed IX - Moon 2 - Amarr Civil Service Bureau Offices
60007849,30002989,10000036,0.717931,Laddiaha V - Moon 9 - Amarr Civil Service Bureau Offices
60007852,30003514,10000043,0.808656,Yeeramoun VII - Moon 5 - Amarr Civil Service Information Center
60007855,30003517,10000043,0.758617,Etav IX - Amarr Civil Service Information Center
60007858,30003514,10000043,0.808656,Yeeramoun VII - Moon 2 - Amarr Civil Service Bureau Offices
60007861,30003517,10000043,0.758617,Etav VIII - Moon 14 - Amarr Civil Service Bureau Offices
60007864,30003001,10000036,0.56056,Mili VIII - Moon 12 - Amarr Civil Service Bureau Offices
60007867,30003004,10000036,0.680707,Ulerah I - Moon 10 - Amarr Civil Service Bureau Offices
60007870,30003003,10000036,0.637247,Halenan VIII - Moon 6 - Amarr Civil Service Bureau Offices
60007873,30003003,10000036,0.637247,Halenan V - Moon 1 - Amarr Civil Service Bureau Offices
60007876,30005227,10000067,0.474549,Iderion XI - Moon 13 - Amarr Civil Service Information Center
60007879,30005224,10000067,0.442118,Assez X - Moon 1 - Amarr Civil Service Bureau Offices
60007882,30005225,10000067,0.443534,Alal III - Amarr Civil Service Bureau Offices
60007885,30005222,10000067,0.458879,Serren VIII - Moon 15 - Amarr Civil Service Information Center
60007888,30002197,10000043,0.798784,Akhragan VIII - Ministry of War Archives
60007891,30002203,10000043,0.629562,Ziona VII - Moon 13 - Ministry of War Archives
60007894,30002200,10000043,0.602218,Sukirah V - Moon 3 - Ministry of War Archives
60007897,30002198,10000043,0.738355,Mikhir V - Moon 10 - Ministry of War Information Center
60007900,30005046,10000065,0.847549,Jinkah VI - Moon 12 - Ministry of War Archives
60007903,30005046,10000065,0.847549,Jinkah VI - Moon 10 - Ministry of War Archives
60007906,30005049,10000065,0.673856,Andrub II - Moon 1 - Ministry of War Bureau Offices
60007909,30005049,10000065,0.673856,Andrub VI - Ministry of War Bureau Offices
60007912,30005248,10000067,0.492196,Hirizan VII - Moon 3 - Ministry of War Bureau Offices
60007915,30005245,10000067,0.561845,Tahli I - Moon 1 - Ministry of War Bureau Offices
60007918,30005246,10000067,0.518441,Imya VIII - Moon 3 - Ministry of War Information Center
60007921,30005243,10000067,0.587495,Madomi V - Moon 6 - Ministry of War Information Center
60007924,30004242,10000054,0.364688,Sadana I - Ministry of War Information Center
60007927,30004246,10000054,0.366523,Vehan VI - Moon 10 - Ministry of War Archives
60007930,30004246,10000054,0.366523,Vehan V - Moon 1 - Ministry of War Archives
60007933,30004242,10000054,0.364688,Sadana VIII - Moon 2 - Ministry of War Bureau Offices
60007936,30004287,10000054,0.242188,Esubara II - Moon 12 - Ministry of War Information Center
60007939,30004287,10000054,0.242188,Esubara I - Moon 13 - Ministry of War Bureau Offices
60007942,30004287,10000054,0.242188,Esubara I - Moon 15 - Ministry of War Bureau Offices
60007945,30004280,10000054,0.28601,Nalnifan VI - Moon 3 - Ministry of War Information Center
60007948,30004309,10000054,0.029147,Hophib XII - Ministry of War Archives
60007951,30004308,10000054,0.176748,Ned IV - Ministry of War Archives
60007954,30004304,10000054,0.112508,Huna VI - Moon 17 - Ministry of War Archives
60007957,30004309,10000054,0.029147,Hophib VI - Moon 3 - Ministry of War Archives
60007960,30004088,10000052,0.794791,Joramok VI - Moon 14 - Ministry of War Archives
60007963,30004090,10000052,0.524206,Aband IV - Moon 12 - Ministry of War Archives
60007966,30004084,10000052,0.513195,Ghesis IV - Moon 17 - Ministry of War Information Center
60007969,30004088,10000052,0.794791,Joramok IV - Moon 4 - Ministry of War Archives
60007972,30005232,10000067,0.497449,Pamah II - Moon 1 - Ministry of War Bureau Offices
60007975,30005232,10000067,0.497449,Pamah V - Moon 20 - Ministry of War Information Center
60007978,30005230,10000067,0.548526,Manatirid VII - Moon 8 - Ministry of War Archives
60007981,30005231,10000067,0.457643,Pashanai III - Moon 9 - Ministry of War Bureau Offices
60007984,30004155,10000052,0.837563,Shemah V - Moon 1 - Ministry of War Information Center
60007987,30004160,10000052,0.836696,Zorrabed VII - Moon 19 - Ministry of War Archives
60007990,30004155,10000052,0.837563,Shemah VIII - Moon 19 - Ministry of War Bureau Offices
60007993,30004156,10000052,0.83976,Asrios VIII - Ministry of War Information Center
60007996,30001703,10000020,0.750378,Taru X - Moon 9 - Ministry of War Information Center
60007999,30001701,10000020,0.751635,Yanuel XI - Moon 16 - Ministry of War Information Center
60008002,30001701,10000020,0.751635,Yanuel XI - Moon 4 - Ministry of War Information Center
60008005,30001702,10000020,0.588434,Nafrivik VIII - Moon 6 - Ministry of War Bureau Offices
60008008,30004098,10000052,0.699157,Turba VI - Ministry of Assessment Archives
60008011,30004102,10000052,0.909281,Inis-Ilix VII - Moon 1 - Ministry of Assessment Archives
60008014,30004100,10000052,0.745272,Halibai IV - Moon 3 - Ministry of Assessment Archives
60008017,30004103,10000052,0.647333,Kothe III - Moon 1 - Ministry of Assessment Archives
60008020,30001690,10000020,0.791946,Hostni V - Moon 4 - Ministry of Assessment Bureau Offices
60008023,30001692,10000020,0.761763,Kibursha I - Ministry of Assessment Information Center
60008026,30001687,10000020,0.83594,Lossa II - Ministry of Assessment Information Center
60008029,30001690,10000020,0.791946,Hostni VI - Moon 7 - Ministry of Assessment Information Center
60008032,30002224,10000043,0.754711,Charra VI - Moon 13 - Ministry of Assessment Bureau Offices
60008035,30002224,10000043,0.754711,Charra I - Ministry of Assessment Information Center
60008038,30002224,10000043,0.754711,Charra VII - Moon 19 - Ministry of Assessment Information Center
60008041,30002220,10000043,0.770818,Aghesi VI - Moon 10 - Ministry of Assessment Bureau Offices
60008044,30001733,10000020,0.949794,Tew IX - Moon 13 - Ministry of Assessment Bureau Offices
60008047,30001730,10000020,0.818921,Alra X - Moon 24 - Ministry of Assessment Information Center
60008050,30001731,10000020,0.833348,Ilas VII - Moon 11 - Ministry of Assessment Information Center
60008053,30001732,10000020,0.867339,Zith VII - Moon 1 - Ministry of Assessment Bureau Offices
60008056,30003502,10000043,0.569426,Bahromab VIII - Moon 3 - Ministry of Assessment Information Center
60008059,30003502,10000043,0.569426,Bahromab V - Ministry of Assessment Bureau Offices
60008062,30003505,10000043,0.713904,Fabum III - Ministry of Assessment Archives
60008065,30003502,10000043,0.569426,Bahromab IX - Moon 4 - Ministry of Assessment Information Center
60008068,30002983,10000036,0.336627,Soosat X - Moon 7 - Ministry of Assessment Archives
60008071,30002986,10000036,0.53822,Mendori IV - Moon 1 - Ministry of Assessment Information Center
60008074,30002982,10000036,0.3935,Rahadalon VIII - Moon 2 - Ministry of Assessment Bureau Offices
60008077,30002984,10000036,0.219099,Ibash II - Ministry of Assessment Information Center
60008080,30002254,10000043,0.481446,Jerma V - Ministry of Assessment Information Center
60008083,30002256,10000043,0.318171,Reyi VII - Moon 1 - Ministry of Assessment Bureau Offices
60008086,30002254,10000043,0.481446,Jerma VII - Moon 4 - Ministry of Assessment Bureau Offices
60008089,30002252,10000043,0.459159,Bika VII - Moon 3 - Ministry of Assessment Bureau Offices
60008092,30005195,10000067,0.444391,Vecamia VII - Moon 2 - Ministry of Assessment Archives
60008095,30005195,10000067,0.444391,Vecamia V - Moon 1 - Ministry of Assessment Archives
60008098,30005194,10000067,0.481204,Cleyd IV - Moon 13 - Ministry of Assessment Information Center
60008101,30005194,10000067,0.481204,Cleyd IV - Moon 6 - Ministry of Assessment Information Center
60008104,30003076,10000038,0.465589,Gammel X - Moon 3 - Ministry of Assessment Bureau Offices
60008107,30003072,10000038,0.413819,Iesa VI - Moon 6 - Ministry of Assessment Information Center
60008110,30003077,10000038,0.402339,Uusanen IV - Moon 1 - Ministry of Assessment Information Center
60008113,30003073,10000038,0.483956,Netsalakka I - Ministry of Assessment Bureau Offices
60008116,30004242,10000054,0.364688,Sadana VIII - Ministry of Assessment Bureau Offices
60008119,30004247,10000054,0.279645,Marmeha V - Moon 3 - Ministry of Assessment Archives
60008122,30004247,10000054,0.279645,Marmeha II - Ministry of Assessment Archives
60008125,30004242,10000054,0.364688,Sadana VII - Moon 10 - Ministry of Assessment Bureau Offices
60008128,30002199,10000043,0.64456,Bashakru IV - Ministry of Internal Order Assembly Plant
60008131,30002201,10000043,0.479472,Shuria IV - Moon 1 - Ministry of Internal Order Logistic Support
60008134,30002197,10000043,0.798784,Akhragan VIII - Moon 5 - Ministry of Internal Order Logistic Support
60008137,30002201,10000043,0.479472,Shuria X - Moon 16 - Ministry of Internal Order Assembly Plant
60008140,30005238,10000067,0.341403,Menai V - Ministry of Internal Order Logistic Support
60008143,30005239,10000067,0.267324,Aring VIII - Moon 7 - Ministry of Internal Order Assembly Plant
60008146,30005239,10000067,0.267324,Aring VIII - Moon 12 - Ministry of Internal Order Logistic Support
60008149,30005237,10000067,0.283449,Chej VI - Ministry of Internal Order Assembly Plant
60008152,30004248,10000054,0.498555,Haimeh IX - Moon 11 - Ministry of Internal Order Logistic Support
60008155,30004251,10000054,0.714664,Mishi VI - Moon 1 - Ministry of Internal Order Logistic Support
60008158,30004252,10000054,0.470965,Bazadod IX - Moon 4 - Ministry of Internal Order Testing Facilities
60008161,30004248,10000054,0.498555,Haimeh IX - Moon 8 - Ministry of Internal Order Assembly Plant
60008164,30003488,10000043,0.858322,Penirgman IX - Moon 3 - Ministry of Internal Order Assembly Plant
60008167,30003488,10000043,0.858322,Penirgman VII - Ministry of Internal Order Assembly Plant
60008170,30003492,10000043,0.825926,Orkashu VI - Moon 7 - Ministry of Internal Order Assembly Plant
60008173,30003488,10000043,0.858322,Penirgman VI - Ministry of Internal Order Assembly Plant
60008176,30005261,10000067,0.31288,Antem VI - Moon 6 - Ministry of Internal Order Logistic Support
60008179,30005261,10000067,0.31288,Antem VI - Moon 7 - Ministry of Internal Order Assembly Plant
60008182,30005261,10000067,0.31288,Antem VIII - Moon 18 - Ministry of Internal Order Assembly Plant
60008185,30005263,10000067,0.286676,Mozzidit VIII - Ministry of Internal Order Logistic Support
60008188,30003092,10000038,0.556722,Komaa VII - Moon 7 - Ministry of Internal Order Assembly Plant
60008191,30003092,10000038,0.556722,Komaa VII - Moon 10 - Ministry of Internal Order Assembly Plant
60008194,30003096,10000038,0.619121,Kurmaru I - Ministry of Internal Order Testing Facilities
60008197,30003095,10000038,0.605503,Furskeshin V - Moon 2 - Ministry of Internal Order Logistic Support
60008200,30005045,10000065,0.770299,Nahyeen IX - Moon 3 - Ministry of Internal Order Assembly Plant
60008203,30005048,10000065,0.830126,Polfaly V - Moon 2 - Ministry of Internal Order Assembly Plant
60008206,30005047,10000065,0.700486,Nibainkier VII - Ministry of Internal Order Assembly Plant
60008209,30005045,10000065,0.770299,Nahyeen VI - Ministry of Internal Order Assembly Plant
60008212,30002971,10000036,0.593644,Sasoutikh VI - Moon 3 - Ministry of Internal Order Logistic Support
60008215,30002972,10000036,0.596576,Gheth VIII - Moon 8 - Ministry of Internal Order Logistic Support
60008218,30002973,10000036,0.759169,Lisudeh IV - Moon 9 - Ministry of Internal Order Logistic Support
60008221,30002974,10000036,0.659473,Mehatoor I - Ministry of Internal Order Logistic Support
60008224,30001674,10000020,0.891444,Hilaban VI - Ministry of Internal Order Assembly Plant
60008227,30001674,10000020,0.891444,Hilaban II - Moon 1 - Ministry of Internal Order Assembly Plant
60008230,30001670,10000020,0.804102,Baviasi V - Moon 1 - Ministry of Internal Order Logistic Support
60008233,30001674,10000020,0.891444,Hilaban III - Moon 7 - Ministry of Internal Order Logistic Support
60008236,30005280,10000067,0.393993,Partod VII - Moon 18 - Ministry of Internal Order Testing Facilities
60008239,30005276,10000067,0.297987,Sharza III - Ministry of Internal Order Assembly Plant
60008242,30005279,10000067,0.357107,Anara VIII - Moon 8 - Ministry of Internal Order Logistic Support
60008245,30005275,10000067,0.274415,Azedi IX - Ministry of Internal Order Logistic Support
60008248,30002200,10000043,0.602218,Sukirah VIII - Moon 5 - Amarr Trade Registry Archives
60008251,30002200,10000043,0.602218,Sukirah VII - Moon 7 - Amarr Trade Registry Archives
60008254,30002198,10000043,0.738355,Mikhir V - Moon 8 - Amarr Trade Registry Bureau Offices
60008257,30002198,10000043,0.738355,Mikhir VII - Moon 2 - Amarr Trade Registry Information Center
60008260,30005237,10000067,0.283449,Chej VI - Moon 2 - Amarr Trade Registry Bureau Offices
60008263,30005242,10000067,0.296671,Naka VI - Moon 2 - Amarr Trade Registry Bureau Offices
60008266,30005240,10000067,0.299476,Gayar IV - Moon 1 - Amarr Trade Registry Bureau Offices
60008269,30005237,10000067,0.283449,Chej VII - Amarr Trade Registry Information Center
60008272,30005257,10000067,0.305946,Bantish I - Moon 1 - Amarr Trade Registry Information Center
60008275,30005259,10000067,0.345111,Lela VI - Moon 3 - Amarr Trade Registry Archives
60008278,30005256,10000067,0.388429,Itrin V - Moon 2 - Amarr Trade Registry Information Center
60008281,30005260,10000067,0.364385,Keri VI - Moon 1 - Amarr Trade Registry Archives
60008284,30003473,10000043,0.518156,Fahruni XI - Moon 13 - Amarr Trade Registry Bureau Offices
60008287,30003474,10000043,0.415743,Sahda IV - Moon 7 - Amarr Trade Registry Information Center
60008290,30003473,10000043,0.518156,Fahruni VI - Amarr Trade Registry Bureau Offices
60008293,30003480,10000043,0.295886,Amod V - Amarr Trade Registry Archives
60008296,30002973,10000036,0.759169,Lisudeh IV - Moon 13 - Amarr Trade Registry Information Center
60008299,30002973,10000036,0.759169,Lisudeh V - Moon 14 - Amarr Trade Registry Bureau Offices
60008302,30002972,10000036,0.596576,Gheth VI - Amarr Trade Registry Archives
60008305,30002974,10000036,0.659473,Mehatoor IV - Amarr Trade Registry Archives
60008308,30004137,10000052,0.323171,Omam VII - Moon 7 - Amarr Trade Registry Bureau Offices
60008311,30004137,10000052,0.323171,Omam VII - Amarr Trade Registry Bureau Offices
60008314,30004136,10000052,0.320811,Mod II - Amarr Trade Registry Bureau Offices
60008317,30004137,10000052,0.323171,Omam VII - Moon 6 - Amarr Trade Registry Information Center
60008320,30004269,10000054,0.400524,Rashagh VI - Amarr Trade Registry Bureau Offices
60008323,30004268,10000054,0.455178,Shenda VI - Moon 12 - Amarr Trade Registry Information Center
60008326,30004269,10000054,0.400524,Rashagh III - Moon 1 - Amarr Trade Registry Information Center
60008329,30004269,10000054,0.400524,Rashagh IV - Moon 2 - Amarr Trade Registry Information Center
60008332,30001700,10000020,0.653494,Remoriu IV - Moon 1 - Amarr Trade Registry Information Center
60008335,30001700,10000020,0.653494,Remoriu V - Moon 6 - Amarr Trade Registry Bureau Offices
60008338,30001700,10000020,0.653494,Remoriu V - Moon 7 - Amarr Trade Registry Bureau Offices
60008341,30001700,10000020,0.653494,Remoriu VI - Moon 1 - Amarr Trade Registry Bureau Offices
60008344,30003092,10000038,0.556722,Komaa VI - Moon 19 - Amarr Trade Registry Bureau Offices
60008347,30003092,10000038,0.556722,Komaa V - Moon 3 - Amarr Trade Registry Bureau Offices
60008350,30003097,10000038,0.660755,Satalama II - Amarr Trade Registry Archives
60008353,30003094,10000038,0.488355,Imata VII - Amarr Trade Registry Archives
60008356,30005289,10000067,0.525594,Nasreri V - Moon 4 - Amarr Trade Registry Information Center
60008359,30005290,10000067,0.537723,Heorah V - Moon 7 - Amarr Trade Registry Bureau Offices
60008362,30005293,10000067,0.573759,Doza I - Amarr Trade Registry Information Center
60008365,30005289,10000067,0.525594,Nasreri VII - Moon 4 - Amarr Trade Registry Bureau Offices
60008368,30002279,10000043,0.8099,Safizon II - Moon 1 - Amarr Navy Assembly Plant
60008371,30002277,10000043,0.716798,Ebtesham V - Amarr Navy Assembly Plant
60008374,30002282,10000043,0.949,Bhizheba IX - Moon 1 - Amarr Navy Logistic Support
60008377,30002277,10000043,0.716798,Ebtesham VI - Moon 2 - Amarr Navy Assembly Plant
60008380,30004237,10000054,0.229465,Kenahehab VII - Moon 4 - Amarr Navy Assembly Plant
60008383,30004237,10000054,0.229465,Kenahehab IX - Moon 4 - Amarr Navy Assembly Plant
60008386,30004239,10000054,0.244672,Kamih V - Amarr Navy Logistic Support
60008389,30004237,10000054,0.229465,Kenahehab VI - Moon 11 - Amarr Navy Assembly Plant
60008392,30005229,10000067,0.771331,Diaderi VIII - Moon 4 - Amarr Navy Assembly Plant
60008395,30005234,10000067,0.34512,Beke VI - Moon 4 - Amarr Navy Logistic Support
60008398,30005229,10000067,0.771331,Diaderi II - Amarr Navy Assembly Plant
60008401,30005231,10000067,0.457643,Pashanai III - Moon 2 - Amarr Navy Assembly Plant
60008404,30003531,10000043,0.653281,Hisoufad X - Moon 15 - Amarr Navy Assembly Plant
60008407,30003532,10000043,0.690712,Jesoyeh IX - Moon 15 - Amarr Navy Testing Facilities
60008410,30003537,10000043,0.478576,Erzoh V - Moon 14 - Amarr Navy Testing Facilities
60008413,30003530,10000043,0.441866,Raravath IV - Amarr Navy Assembly Plant
60008416,30001661,10000020,0.43818,Gyerzen IX - Moon 15 - Amarr Navy Testing Facilities
60008419,30001660,10000020,0.64884,Dabrid IV - Moon 6 - Amarr Navy Assembly Plant
60008422,30001658,10000020,0.822145,Mani VII - Moon 10 - Amarr Navy Assembly Plant
60008425,30001661,10000020,0.43818,Gyerzen X - Moon 8 - Amarr Navy Testing Facilities
60008428,30003496,10000043,0.805291,Nakri VI - Moon 1 - Amarr Navy Logistic Support
60008431,30003493,10000043,0.840705,Youl VII - Moon 10 - Amarr Navy Logistic Support
60008434,30003498,10000043,0.573415,Sharhelund VI - Moon 3 - Amarr Navy Assembly Plant
60008437,30003497,10000043,0.524679,Zaimeth IX - Moon 15 - Amarr Navy Assembly Plant
60008440,30004284,10000054,0.103369,Defsunun IX - Moon 15 - Amarr Navy Assembly Plant
60008443,30004283,10000054,0.162919,Shafrak VIII - Moon 9 - Amarr Navy Assembly Plant
60008446,30004280,10000054,0.28601,Nalnifan VI - Moon 3 - Amarr Navy Assembly Plant
60008449,30004286,10000054,0.229008,Yahyerer IV - Moon 9 - Amarr Navy Testing Facilities
60008452,30005060,10000065,0.504533,Ordion VII - Moon 16 - Amarr Navy Testing Facilities
60008455,30005057,10000065,0.598175,Shaha IV - Moon 1 - Amarr Navy Assembly Plant
60008458,30005060,10000065,0.504533,Ordion IV - Moon 2 - Amarr Navy Testing Facilities
60008461,30005059,10000065,0.494895,Misha IV - Moon 3 - Amarr Navy Assembly Plant
60008464,30004110,10000052,0.490505,Finid X - Moon 1 - Amarr Navy Assembly Plant
60008467,30004112,10000052,0.512884,Mandoo III - Moon 13 - Amarr Navy Testing Facilities
60008470,30004111,10000052,0.503344,Yarebap VII - Moon 18 - Amarr Navy Assembly Plant
60008473,30004111,10000052,0.503344,Yarebap VI - Moon 5 - Amarr Navy Assembly Plant
60008476,30004296,10000054,0.295658,Bapraya X - Moon 6 - Amarr Navy Assembly Plant
60008479,30004288,10000054,0.38559,Ghekon V - Moon 11 - Amarr Navy Logistic Support
60008482,30004296,10000054,0.295658,Bapraya XI - Moon 4 - Amarr Navy Logistic Support
60008485,30004288,10000054,0.38559,Ghekon IV - Moon 8 - Amarr Navy Assembly Plant
60008488,30002189,10000043,0.949,Hedion V - Moon 9 - Court Chamberlain Bureau
60008491,30002192,10000043,0.734746,Irnin VIII - Moon 8 - Court Chamberlain Bureau
60008494,30002187,10000043,0.949,Amarr VIII (Oris) - Emperor Family Academy
60008497,30002193,10000043,0.916477,Kehour VIII - Moon 1 - Emperor Family Bureau
60008500,30002190,10000043,0.940368,Mabnen IV - Moon 1 - Emperor Family Bureau
60008503,30002191,10000043,0.813027,Toshabia VI - Moon 6 - Emperor Family Bureau
60008506,30004079,10000052,0.629298,Aphend VII - Moon 4 - Emperor Family Academy
60008509,30004077,10000052,0.481277,Hiroudeh VIII - Moon 3 - Emperor Family Bureau
60008512,30004083,10000052,0.693878,Gensela X - Emperor Family Bureau
60008515,30004078,10000052,0.618912,Dresi I - Moon 18 - Emperor Family Bureau
60008518,30001677,10000020,0.611164,Thashkarai VII - Moon 1 - Emperor Family Bureau
60008521,30001676,10000020,0.526744,Mimen VIII - Emperor Family Bureau
60008524,30001679,10000020,0.647908,Unkah VI - Moon 7 - Emperor Family Bureau
60008527,30001676,10000020,0.526744,Mimen X - Emperor Family Bureau
60008530,30002992,10000036,0.808523,Akes V - Moon 2 - Emperor Family Academy
60008533,30002993,10000036,0.647601,Riavayed IX - Moon 2 - Emperor Family Bureau
60008536,30002988,10000036,0.582039,Nakatre II - Emperor Family Bureau
60008539,30002993,10000036,0.647601,Riavayed II - Emperor Family Bureau
60008542,30002977,10000036,0.386265,Arayar VII - Moon 16 - Emperor Family Bureau
60008545,30002980,10000036,0.335651,Sosan II - Emperor Family Academy
60008548,30002980,10000036,0.335651,Sosan III - Moon 4 - Emperor Family Academy
60008551,30002975,10000036,0.36698,Roushzar II - Emperor Family Bureau
60008554,30005052,10000065,0.601999,Soumi V - Moon 4 - Emperor Family Bureau
60008557,30005052,10000065,0.601999,Soumi I - Moon 1 - Emperor Family Bureau
60008560,30005054,10000065,0.648393,Nare VI - Moon 16 - Emperor Family Bureau
60008563,30005052,10000065,0.601999,Soumi VII - Moon 1 - Emperor Family Bureau
60008566,30004239,10000054,0.244672,Kamih VII - Moon 4 - Emperor Family Bureau
60008569,30004240,10000054,0.36078,Hier IV - Moon 3 - Emperor Family Bureau
60008572,30004240,10000054,0.36078,Hier VII - Emperor Family Bureau
60008575,30004241,10000054,0.25062,Jasson I - Moon 4 - Emperor Family Bureau
60008578,30005030,10000065,0.396833,Fensi V - Moon 1 - Emperor Family Bureau
60008581,30005034,10000065,0.395947,Bridi II - Moon 1 - Emperor Family Academy
60008584,30005031,10000065,0.351497,Nebian VIII - Moon 4 - Emperor Family Bureau
60008587,30005035,10000065,0.438171,Ami XI - Moon 1 - Emperor Family Bureau
60008590,30005276,10000067,0.297987,Sharza VII - Moon 5 - Emperor Family Bureau
60008593,30005276,10000067,0.297987,Sharza VI - Moon 4 - Emperor Family Bureau
60008596,30005275,10000067,0.274415,Azedi III - Emperor Family Bureau
60008599,30005276,10000067,0.297987,Sharza VII - Moon 3 - Emperor Family Bureau
60008602,30005039,10000065,0.617346,Leva XI - Moon 8 - Emperor Family Bureau
60008605,30005043,10000065,0.830615,Nakregde VII - Moon 1 - Emperor Family Bureau
60008608,30005040,10000065,0.576118,Nishah VII - Moon 5 - Emperor Family Treasury
60008611,30005039,10000065,0.617346,Leva II - Emperor Family Bureau
60008614,30004095,10000052,0.618488,Kador Prime VI - Moon 1 - Kador Family Bureau
60008617,30004096,10000052,0.599686,Khafis VII - Moon 3 - Kador Family Bureau
60008620,30004095,10000052,0.618488,Kador Prime I - Kador Family Bureau
60008623,30004084,10000052,0.513195,Ghesis V - Moon 3 - Kador Family Bureau
60008626,30004087,10000052,0.483655,Gonan VI - Moon 12 - Kador Family Bureau
60008629,30004087,10000052,0.483655,Gonan I - Moon 1 - Kador Family Bureau
60008632,30004155,10000052,0.837563,Shemah VIII - Moon 2 - Kador Family Bureau
60008635,30004157,10000052,0.828088,Ithar VI - Moon 14 - Kador Family Academy
60008638,30004160,10000052,0.836696,Zorrabed IX - Moon 14 - Kador Family Academy
60008641,30004142,10000052,0.811302,Hikansog VIII - Moon 16 - Kador Family Bureau
60008644,30004146,10000052,0.846263,Salah III - Kador Family Bureau
60008647,30004147,10000052,0.815058,Akhmoh VII - Moon 6 - Kador Family Academy
60008650,30003522,10000043,0.949,Sarum Prime VI - Moon 7 - Sarum Family Assembly Plant
60008653,30003525,10000043,0.717179,Bagodan VIII - Moon 6 - Sarum Family Logistic Support
60008656,30003521,10000043,0.662153,Alkabsi V - Sarum Family Logistic Support
60008659,30003508,10000043,0.789506,Sayartchen V - Moon 2 - Sarum Family Logistic Support
60008662,30003512,10000043,0.799274,Abaim V - Moon 1 - Sarum Family Assembly Plant
60008665,30003509,10000043,0.739668,Gosalav VI - Sarum Family Logistic Support
60008668,30003494,10000043,0.737273,Ekid X - Sarum Family Logistic Support
60008671,30003496,10000043,0.805291,Nakri V - Moon 5 - Sarum Family Assembly Plant
60008674,30003498,10000043,0.573415,Sharhelund VIII - Moon 5 - Sarum Family Assembly Plant
60008677,30003541,10000043,0.353254,Faswiba IX - Moon 8 - Sarum Family Assembly Plant
60008680,30003541,10000043,0.353254,Faswiba VIII - Moon 11 - Sarum Family Assembly Plant
60008683,30003543,10000043,0.379878,Zanka V - Moon 9 - Sarum Family Testing Facilities
60008686,30005038,10000065,0.913908,Kor-Azor Prime IV (Eclipticum) - Moon Griklaeum - Kor-Azor Family Bureau
60008689,30005040,10000065,0.576118,Nishah VII - Moon 5 - Kor-Azor Family Treasury
60008692,30005038,10000065,0.913908,Kor-Azor Prime II - Kor-Azor Family Bureau
60008695,30005045,10000065,0.770299,Nahyeen VIII - Moon 1 - Kor-Azor Family Bureau
60008698,30005044,10000065,0.773588,Danyana VI - Moon 8 - Kor-Azor Family Bureau
60008701,30005045,10000065,0.770299,Nahyeen IX - Moon 3 - Kor-Azor Family Bureau
60008704,30005082,10000065,0.407628,Enal VIII - Moon 13 - Kor-Azor Family Bureau
60008707,30005085,10000065,0.367557,Ranni VIII - Moon 5 - Kor-Azor Family Academy
60008710,30005085,10000065,0.367557,Ranni VIII - Moon 6 - Kor-Azor Family Bureau
60008713,30005035,10000065,0.438171,Ami X - Moon 17 - Kor-Azor Family Bureau
60008716,30005031,10000065,0.351497,Nebian V - Moon 14 - Kor-Azor Family Bureau
60008719,30005032,10000065,0.340894,Khabara VII - Moon 12 - Kor-Azor Family Bureau
60008722,30002231,10000043,0.740023,Ardishapur Prime IX - Moon 17 - Ardishapur Family Bureau
60008725,30002233,10000043,0.710418,Dakba I - Ardishapur Family Academy
60008728,30002233,10000043,0.710418,Dakba VII - Ardishapur Family Treasury
60008731,30002259,10000043,0.706806,Sahdil III - Moon 1 - Ardishapur Family Bureau
60008734,30002262,10000043,0.581325,Nalu X - Moon 4 - Ardishapur Family Academy
60008737,30002262,10000043,0.581325,Nalu X - Moon 1 - Ardishapur Family Treasury
60008740,30002210,10000043,0.531256,Joppaya IX - Moon 9 - Ardishapur Family Bureau
60008743,30002215,10000043,0.454842,Sakhti VIII - Moon 5 - Ardishapur Family Bureau
60008746,30002216,10000043,0.426876,Aldali VI - Moon 1 - Ardishapur Family Bureau
60008749,30002202,10000043,0.468422,Narai III - Moon 1 - Ardishapur Family Bureau
60008752,30002199,10000043,0.64456,Bashakru VII - Moon 5 - Ardishapur Family Bureau
60008755,30002201,10000043,0.479472,Shuria XI - Moon 2 - Ardishapur Family Bureau
60008758,30001671,10000020,0.832134,Tash-Murkon Prime V - Moon 5 - Tash-Murkon Family Bureau
60008761,30001674,10000020,0.891444,Hilaban II - Moon 7 - Tash-Murkon Family Academy
60008764,30001671,10000020,0.832134,Tash-Murkon Prime V - Moon 1 - Tash-Murkon Family Bureau
60008767,30001651,10000020,0.709062,Nafomeh VIII - Moon 2 - Tash-Murkon Family Bureau
60008770,30001654,10000020,0.554138,Matyas V - Moon 8 - Tash-Murkon Family Bureau
60008773,30001651,10000020,0.709062,Nafomeh VII - Moon 18 - Tash-Murkon Family Bureau
60008776,30001689,10000020,0.645109,Asesamy VI - Moon 13 - Tash-Murkon Family Academy
60008779,30001688,10000020,0.736159,Onazel VII - Moon 2 - Tash-Murkon Family Bureau
60008782,30001690,10000020,0.791946,Hostni VII - Moon 8 - Tash-Murkon Family Bureau
60008785,30001699,10000020,0.509937,Siyi VI - Tash-Murkon Family Academy
60008788,30001699,10000020,0.509937,Siyi IV - Moon 14 - Tash-Murkon Family Treasury
60008791,30001699,10000020,0.509937,Siyi V - Moon 2 - Tash-Murkon Family Treasury
60008794,30004078,10000052,0.618912,Dresi I - Moon 3 - Civic Court Accounting
60008797,30004078,10000052,0.618912,Dresi I - Moon 17 - Civic Court Tribunal
60008800,30004079,10000052,0.629298,Aphend VII - Moon 4 - Civic Court Accounting
60008803,30004077,10000052,0.481277,Hiroudeh VIII - Moon 2 - Civic Court Tribunal
60008806,30004147,10000052,0.815058,Akhmoh IX - Civic Court Accounting
60008809,30004147,10000052,0.815058,Akhmoh V - Moon 14 - Civic Court Law School
60008812,30004146,10000052,0.846263,Salah V - Moon 1 - Civic Court Law School
60008815,30004142,10000052,0.811302,Hikansog VIII - Moon 12 - Civic Court Tribunal
60008818,30005232,10000067,0.497449,Pamah IV - Moon 14 - Civic Court Accounting
60008821,30005231,10000067,0.457643,Pashanai V - Moon 12 - Civic Court Accounting
60008824,30005233,10000067,0.419951,Leran VI - Civic Court Accounting
60008827,30005232,10000067,0.497449,Pamah IV - Moon 10 - Civic Court Tribunal
60008830,30004273,10000054,0.163396,Soliara IX - Moon 18 - Civic Court Tribunal
60008833,30004277,10000054,0.185388,Ajna VIII - Moon 5 - Civic Court Accounting
60008836,30004273,10000054,0.163396,Soliara VII - Moon 7 - Civic Court Tribunal
60008839,30004276,10000054,0.134531,Fageras X - Civic Court Accounting
60008842,30004289,10000054,0.228142,Vaini I - Moon 1 - Civic Court Law School
60008845,30004293,10000054,0.383267,Pserz XII - Moon 4 - Civic Court Tribunal
60008848,30004296,10000054,0.295658,Bapraya XI - Moon 1 - Civic Court Tribunal
60008851,30004288,10000054,0.38559,Ghekon IV - Moon 20 - Civic Court Accounting
60008854,30004111,10000052,0.503344,Yarebap VII - Moon 8 - Civic Court Tribunal
60008857,30004115,10000052,0.574111,Kamda XII - Civic Court Tribunal
60008860,30004113,10000052,0.553991,Miah IV - Civic Court Tribunal
60008863,30004113,10000052,0.553991,Miah VII - Moon 3 - Civic Court Law School
60008866,30003490,10000043,0.810458,Khopa IX - Moon 14 - Civic Court Tribunal
60008869,30003488,10000043,0.858322,Penirgman IX - Moon 6 - Civic Court Tribunal
60008872,30003487,10000043,0.907379,Arbaz IV - Moon 11 - Civic Court Tribunal
60008875,30003491,10000043,0.90946,Ashab VII - Moon 16 - Civic Court Accounting
60008878,30001664,10000020,0.291687,Chamume III - Civic Court Law School
60008881,30001662,10000020,0.50365,Hibi VI - Moon 5 - Civic Court Tribunal
60008884,30001664,10000020,0.291687,Chamume V - Moon 7 - Civic Court Accounting
60008887,30001668,10000020,0.286131,Yong VII - Moon 6 - Civic Court Accounting
60008890,30004309,10000054,0.029147,Hophib III - Civic Court Law School
60008893,30004304,10000054,0.112508,Huna III - Civic Court Law School
60008896,30004309,10000054,0.029147,Hophib VI - Moon 2 - Civic Court Law School
60008899,30004303,10000054,0.175057,Fobiner VII - Moon 13 - Civic Court Tribunal
60008902,30002984,10000036,0.219099,Ibash V - Moon 7 - Civic Court Accounting
60008905,30002982,10000036,0.3935,Rahadalon VI - Moon 3 - Civic Court Accounting
60008908,30002987,10000036,0.16237,Ussad VI - Moon 7 - Civic Court Accounting
60008911,30002982,10000036,0.3935,Rahadalon VI - Moon 4 - Civic Court Accounting
60008914,30002270,10000043,0.411113,Avair VII - Moon 25 - Theology Council Tribunal
60008917,30002272,10000043,0.273498,Asoutar V - Moon 5 - Theology Council Accounting
60008920,30002269,10000043,0.523045,Ebo IX - Theology Council Tribunal
60008923,30002275,10000043,0.496612,Clarelam I - Theology Council Law School
60008926,30002254,10000043,0.481446,Jerma VIII - Moon 3 - Theology Council Tribunal
60008929,30002254,10000043,0.481446,Jerma VI - Moon 12 - Theology Council Tribunal
60008932,30002252,10000043,0.459159,Bika II - Theology Council Law School
60008935,30002253,10000043,0.580904,Arshat VII - Moon 4 - Theology Council Law School
60008938,30003491,10000043,0.90946,Ashab VIII - Moon 10 - Theology Council Tribunal
60008941,30003487,10000043,0.907379,Arbaz VI - Moon 8 - Theology Council Tribunal
60008944,30003488,10000043,0.858322,Penirgman VIII - Moon 2 - Theology Council Tribunal
60008947,30003488,10000043,0.858322,Penirgman V - Moon 1 - Theology Council Tribunal
60008950,30002187,10000043,0.949,Amarr VI (Zorast) - Moon 2 - Theology Council Tribunal
60008953,30002191,10000043,0.813027,Toshabia VII - Moon 5 - Theology Council Tribunal
60008956,30002188,10000043,0.893772,Boranai VII - Moon 9 - Theology Council Law School
60008959,30002191,10000043,0.813027,Toshabia I - Theology Council Tribunal
60008962,30004103,10000052,0.647333,Kothe VI - Moon 15 - Theology Council Accounting
60008965,30004102,10000052,0.909281,Inis-Ilix I - Theology Council Accounting
60008968,30004102,10000052,0.909281,Inis-Ilix II - Moon 1 - Theology Council Law School
60008971,30004102,10000052,0.909281,Inis-Ilix VI - Theology Council Accounting
60008974,30001688,10000020,0.736159,Onazel IX - Theology Council Accounting
60008977,30001690,10000020,0.791946,Hostni VII - Moon 11 - Theology Council Tribunal
60008980,30001688,10000020,0.736159,Onazel VII - Theology Council Tribunal
60008983,30001690,10000020,0.791946,Hostni VII - Moon 14 - Theology Council Tribunal
60008986,30002972,10000036,0.596576,Gheth VII - Moon 12 - Theology Council Law School
60008989,30002971,10000036,0.593644,Sasoutikh V - Moon 11 - Theology Council Accounting
60008992,30002973,10000036,0.759169,Lisudeh IV - Moon 4 - Theology Council Tribunal
60008995,30002969,10000036,0.701652,Eredan VII - Moon 1 - Theology Council Accounting
60008998,30002263,10000043,0.571162,Jarshitsan VIII - Moon 8 - Theology Council Tribunal
60009001,30002268,10000043,0.666568,Adia VI - Moon 8 - Theology Council Accounting
60009004,30002263,10000043,0.571162,Jarshitsan VI - Moon 1 - Theology Council Tribunal
60009007,30002265,10000043,0.62303,Azizora V - Moon 17 - Theology Council Tribunal
60009010,30004130,10000052,0.599191,Hostakoh VI - Moon 2 - Theology Council Tribunal
60009013,30004134,10000052,0.822517,Kasi V - Moon 9 - Theology Council Tribunal
60009016,30004134,10000052,0.822517,Kasi V - Moon 5 - Theology Council Tribunal
60009019,30004133,10000052,0.782406,Hilmar VII - Moon 17 - Theology Council Tribunal
60009022,30005225,10000067,0.443534,Alal VII - Moon 17 - Theology Council Tribunal
60009025,30005225,10000067,0.443534,Alal VII - Moon 14 - Theology Council Tribunal
60009028,30005224,10000067,0.442118,Assez VIII - Moon 21 - Theology Council Tribunal
60009031,30005221,10000067,0.467727,Zoohen III - Theology Council Tribunal
60009034,30002706,10000032,0.76192,Doussivitte VIII - Moon 20 - TransStellar Shipping Storage
60009037,30002711,10000032,0.906329,Stetille VII - Moon 3 - TransStellar Shipping Storage
60009040,30002710,10000032,0.764983,Adiere X - TransStellar Shipping Storage
60009043,30002709,10000032,0.83441,Auberulle V - TransStellar Shipping Storage
60009046,30002711,10000032,0.906329,Stetille V - Moon 1 - TransStellar Shipping Storage
60009049,30002706,10000032,0.76192,Doussivitte X - TransStellar Shipping Storage
60009052,30003824,10000048,0.620765,Archavoinet II - Moon 17 - TransStellar Shipping Storage
60009055,30003826,10000048,0.357455,Frarie VIII - Moon 3 - TransStellar Shipping Storage
60009058,30003826,10000048,0.357455,Frarie VIII - Moon 2 - TransStellar Shipping Storage
60009061,30003826,10000048,0.357455,Frarie IX - Moon 12 - TransStellar Shipping Storage
60009064,30003828,10000048,0.394321,Moclinamaud VIII - Moon 11 - TransStellar Shipping Storage
60009067,30003824,10000048,0.620765,Archavoinet II - Moon 7 - TransStellar Shipping Storage
60009070,30001721,10000020,0.291739,Saminer IX - TransStellar Shipping Storage
60009073,30001718,10000020,0.642081,Paye IX - Moon 1 - TransStellar Shipping Storage
60009076,30001718,10000020,0.642081,Paye VI - Moon 14 - TransStellar Shipping Storage
60009079,30001716,10000020,0.787519,Goni VI - TransStellar Shipping Storage
60009082,30001719,10000020,0.43391,Sagain VIII - Moon 11 - TransStellar Shipping Storage
60009085,30001718,10000020,0.642081,Paye VII - Moon 4 - TransStellar Shipping Storage
60009088,30002082,10000042,0.402952,Floseswin IX - Moon 5 - TransStellar Shipping Storage
60009091,30002089,10000042,0.385905,Avenod VIII - Moon 17 - TransStellar Shipping Storage
60009094,30002084,10000042,0.355244,Aset II - Moon 1 - TransStellar Shipping Storage
60009097,30002082,10000042,0.402952,Floseswin VIII - Moon 2 - TransStellar Shipping Storage
60009100,30002083,10000042,0.392681,Uisper V - Moon 2 - TransStellar Shipping Storage
60009103,30002088,10000042,0.353285,Vimeini VI - Moon 4 - TransStellar Shipping Storage
60009106,30002510,10000030,0.894582,Rens VIII - Moon 3 - TransStellar Shipping Storage
60009109,30002509,10000030,0.816179,Odatrik IX - Moon 2 - Urban Management Storage
60009112,30002509,10000030,0.816179,Odatrik V - Moon 1 - TransStellar Shipping Storage
60009115,30002509,10000030,0.816179,Odatrik VIII - Moon 3 - TransStellar Shipping Storage
60009118,30002508,10000030,0.879659,Trytedald VII - Moon 19 - TransStellar Shipping Storage
60009121,30002507,10000030,0.732448,Abudban VIII - Moon 19 - TransStellar Shipping Storage
60009124,30003810,10000048,0.543845,Vivanier I - TransStellar Shipping Storage
60009127,30003810,10000048,0.543845,Vivanier VII - Moon 19 - TransStellar Shipping Storage
60009130,30003810,10000048,0.543845,Vivanier VII - Moon 4 - TransStellar Shipping Storage
60009133,30003811,10000048,0.725927,Algasienan VII - Moon 3 - TransStellar Shipping Storage
60009136,30003810,10000048,0.543845,Vivanier VI - Moon 1 - TransStellar Shipping Storage
60009139,30003810,10000048,0.543845,Vivanier VII - Moon 3 - TransStellar Shipping Storage
60009142,30004095,10000052,0.618488,Kador Prime VII - Moon 1 - TransStellar Shipping Storage
60009145,30004095,10000052,0.618488,Kador Prime II - TransStellar Shipping Storage
60009148,30004094,10000052,0.571724,Nordar III - TransStellar Shipping Storage
60009151,30004095,10000052,0.618488,Kador Prime VIII - Moon 1 - TransStellar Shipping Storage
60009154,30004096,10000052,0.599686,Khafis VII - Moon 8 - TransStellar Shipping Storage
60009157,30004095,10000052,0.618488,Kador Prime IX - TransStellar Shipping Storage
60009160,30004975,10000064,0.470379,Mesybier II - TransStellar Shipping Storage
60009163,30004974,10000064,0.876884,Jolevier VII - Moon 17 - TransStellar Shipping Storage
60009166,30004977,10000064,0.397838,Yvangier V - TransStellar Shipping Storage
60009169,30004976,10000064,0.55492,Charmerout X - TransStellar Shipping Storage
60009172,30004976,10000064,0.55492,Charmerout IX - Moon 2 - TransStellar Shipping Storage
60009175,30004975,10000064,0.470379,Mesybier X - TransStellar Shipping Storage
60009178,30003001,10000036,0.56056,Mili V - Moon 1 - TransStellar Shipping Storage
60009181,30003003,10000036,0.637247,Halenan VIII - Moon 6 - TransStellar Shipping Storage
60009184,30003004,10000036,0.680707,Ulerah I - Moon 2 - TransStellar Shipping Storage
60009187,30003003,10000036,0.637247,Halenan III - TransStellar Shipping Storage
60009190,30003004,10000036,0.680707,Ulerah II - Moon 7 - TransStellar Shipping Storage
60009193,30003001,10000036,0.56056,Mili VIII - Moon 9 - TransStellar Shipping Storage
60009196,30005235,10000067,0.533899,Malma X - Moon 2 - TransStellar Shipping Storage
60009199,30005235,10000067,0.533899,Malma I - TransStellar Shipping Storage
60009202,30005231,10000067,0.457643,Pashanai IV - Moon 18 - TransStellar Shipping Storage
60009205,30005235,10000067,0.533899,Malma VI - TransStellar Shipping Storage
60009208,30005232,10000067,0.497449,Pamah V - Moon 9 - TransStellar Shipping Storage
60009211,30005234,10000067,0.34512,Beke IV - TransStellar Shipping Storage
60009214,30003451,10000042,0.726191,Dantbeinn IV - Moon 3 - TransStellar Shipping Storage
60009217,30003451,10000042,0.726191,Dantbeinn IV - TransStellar Shipping Storage
60009220,30003448,10000042,0.752286,Nifflung VII - Moon 9 - TransStellar Shipping Storage
60009223,30003452,10000042,0.672906,Irgrus IV - Moon 13 - TransStellar Shipping Storage
60009226,30003451,10000042,0.726191,Dantbeinn III - Moon 6 - TransStellar Shipping Storage
60009229,30003449,10000042,0.723155,Hakeri III - TransStellar Shipping Storage
60009232,30003453,10000042,0.761926,Orduin IX - Moon 4 - TransStellar Shipping Storage
60009235,30003453,10000042,0.761926,Orduin VIII - Moon 12 - TransStellar Shipping Storage
60009238,30003453,10000042,0.761926,Orduin VIII - Moon 7 - TransStellar Shipping Storage
60009241,30003453,10000042,0.761926,Orduin II - Moon 1 - TransStellar Shipping Storage
60009244,30003453,10000042,0.761926,Orduin IV - Moon 5 - TransStellar Shipping Storage
60009247,30003453,10000042,0.761926,Orduin V - Moon 3 - TransStellar Shipping Storage
60009250,30003361,10000041,-0.004874,VSIG-K VIII - Moon 3 - TransStellar Shipping Storage
60009253,30003362,10000041,-0.011838,RSS-KA VIII - Moon 19 - TransStellar Shipping Storage
60009256,30003364,10000041,-0.008127,DCHR-L VIII - Moon 10 - TransStellar Shipping Storage
60009259,30003361,10000041,-0.004874,VSIG-K V - Moon 8 - TransStellar Shipping Storage
60009262,30003362,10000041,-0.011838,RSS-KA VIII - Moon 15 - TransStellar Shipping Storage
60009265,30003361,10000041,-0.004874,VSIG-K VIII - Moon 5 - TransStellar Shipping Storage
60009268,30003512,10000043,0.799274,Abaim VIII - Moon 1 - TransStellar Shipping Storage
60009271,30003507,10000043,0.867301,Teshi I - Moon 1 - TransStellar Shipping Storage
60009274,30003510,10000043,0.820688,Sorzielang VII - Moon 1 - TransStellar Shipping Storage
60009277,30003511,10000043,0.869185,Somouh V - Moon 6 - TransStellar Shipping Storage
60009280,30003508,10000043,0.789506,Sayartchen II - TransStellar Shipping Storage
60009283,30003507,10000043,0.867301,Teshi II - Moon 6 - TransStellar Shipping Storage
60009286,30001654,10000020,0.554138,Matyas VII - Moon 19 - TransStellar Shipping Storage
60009289,30001653,10000020,0.610019,Jarzalad VIII - Moon 8 - TransStellar Shipping Storage
60009292,30001652,10000020,0.725185,Pimsu VIII - Moon 6 - TransStellar Shipping Storage
60009295,30001653,10000020,0.610019,Jarzalad VII - Moon 3 - TransStellar Shipping Storage
60009298,30001650,10000020,0.565731,Riramia VI - Moon 12 - TransStellar Shipping Storage
60009301,30001653,10000020,0.610019,Jarzalad IV - Moon 6 - TransStellar Shipping Storage
60009304,30003039,10000037,0.647193,Leremblompes VIII - Moon 2 - Federal Freight Storage
60009307,30003042,10000037,0.342365,Alachene VII - Moon 13 - Federal Freight Storage
60009310,30003043,10000037,0.578327,Uphene IX - Moon 13 - Federal Freight Storage
60009313,30003041,10000037,0.851225,Colcer IX - Moon 9 - Federal Freight Storage
60009316,30003586,10000044,0.664606,Gererique IV - Moon 1 - Federal Freight Storage
60009319,30003586,10000044,0.664606,Gererique II - Moon 1 - Federal Freight Storage
60009322,30003586,10000044,0.664606,Gererique III - Moon 1 - Federal Freight Storage
60009325,30003584,10000044,0.43883,Sarline IX - Moon 26 - Federal Freight Storage
60009328,30003800,10000048,0.231146,Alperaute V - Moon 5 - Federal Freight Storage
60009331,30003804,10000048,0.094081,Pain IV - Moon 14 - Federal Freight Storage
60009334,30003802,10000048,0.123693,Cumemare I - Federal Freight Storage
60009337,30003801,10000048,0.182975,Aunsou I - Federal Freight Storage
60009340,30002718,10000032,0.364661,Rancer VI - Moon 3 - Federal Freight Storage
60009343,30002718,10000032,0.364661,Rancer VII - Moon 22 - Federal Freight Storage
60009346,30002719,10000032,0.305192,Miroitem VII - Moon 14 - Federal Freight Storage
60009349,30002721,10000032,0.125204,Rorsins II - Moon 1 - Federal Freight Storage
60009352,30003028,10000037,0.506709,Aclan X - Moon 19 - Federal Freight Storage
60009355,30003029,10000037,0.612704,Jaschercis III - Moon 1 - Federal Freight Storage
60009358,30003028,10000037,0.506709,Aclan V - Moon 1 - Federal Freight Storage
60009361,30003026,10000037,0.949,Blameston VI - Moon 2 - Federal Freight Storage
60009364,30002674,10000032,0.750793,Gallareue I - Federal Freight Storage
60009367,30002672,10000032,0.715756,Inghenges VII - Federal Freight Storage
60009370,30002673,10000032,0.766312,Estene I - Moon 1 - Federal Freight Storage
60009373,30002673,10000032,0.766312,Estene VI - Moon 3 - Federal Freight Storage
60009376,30003787,10000048,0.208648,Agoze XII - Moon 8 - Federal Freight Storage
60009379,30003792,10000048,0.172621,Ostingele VI - Moon 4 - Federal Freight Storage
60009382,30003789,10000048,0.094316,Brarel V - Moon 3 - Federal Freight Storage
60009385,30003788,10000048,0.6,Intaki VII - Moon 1 - Federal Freight Storage
60009388,30002647,10000032,0.438755,Ignoitton V - Moon 11 - Federal Freight Storage
60009391,30002643,10000032,0.536504,Faurent I - Federal Freight Storage
60009394,30002643,10000032,0.536504,Faurent V - Moon 2 - Federal Freight Storage
60009397,30002646,10000032,0.501519,Direrie V - Moon 17 - Federal Freight Storage
60009400,30005321,10000068,0.298141,Jovainnon VI - Federal Freight Storage
60009403,30005320,10000068,0.418609,Hevrice VI - Moon 6 - Federal Freight Storage
60009406,30005321,10000068,0.298141,Jovainnon IV - Federal Freight Storage
60009409,30005320,10000068,0.418609,Hevrice V - Federal Freight Storage
60009412,30002703,10000032,0.58084,Brybier I - Moon 1 - Federal Freight Storage
60009415,30002699,10000032,0.672466,Brapelille X - Moon 6 - Federal Freight Storage
60009418,30002700,10000032,0.539168,Bawilan I - Federal Freight Storage
60009421,30002699,10000032,0.672466,Brapelille IV - Moon 2 - Federal Freight Storage
60009424,30003830,10000048,0.746238,Orvolle III - Moon 1 - Inner Zone Shipping Storage
60009427,30003835,10000048,0.248017,Maut VIII - Inner Zone Shipping Storage
60009430,30003570,10000044,0.215066,Elore IV - Moon 1 - Material Acquisition Mining Outpost
60009433,30003566,10000044,0.182694,Aimoguier V - Material Acquisition Mining Outpost
60009436,30003572,10000044,0.119826,Vevelonel VI - Moon 3 - Material Acquisition Mineral Reserve
60009439,30003569,10000044,0.119324,Cadelanne V - Material Acquisition Mining Outpost
60009442,30003607,10000044,0.213756,Straloin IX - Moon 10 - Material Acquisition Mineral Reserve
60009445,30003607,10000044,0.213756,Straloin IX - Moon 17 - Material Acquisition Mining Outpost
60009448,30003604,10000044,0.622236,Pochelympe VI - Material Acquisition Refinery
60009451,30003607,10000044,0.213756,Straloin IX - Moon 15 - Material Acquisition Mining Outpost
60009454,30005026,10000064,0.677354,Cat VII - Moon 4 - Material Acquisition Mineral Reserve
60009457,30005027,10000064,0.726706,Ommare IX - Moon 4 - Material Acquisition Mineral Reserve
60009460,30005027,10000064,0.726706,Ommare VIII - Material Acquisition Mineral Reserve
60009463,30005029,10000070,-1.0,Vale II - Moon 1 - Veles Clade Extractive Terminus
60009466,30003817,10000048,0.626977,Ommaerrer VIII - Moon 5 - Material Acquisition Mining Outpost
60009469,30003814,10000048,0.656913,Mollin VI - Moon 5 - Material Acquisition Mining Outpost
60009472,30003816,10000048,0.609461,Vilinnon I - Material Acquisition Mining Outpost
60009475,30003812,10000048,0.755543,Osmallanais VII - Moon 9 - Material Acquisition Refinery
60009478,30005014,10000064,0.254427,Isenan XI - Moon 4 - Material Acquisition Mining Outpost
60009481,30005014,10000064,0.254427,Isenan VII - Moon 9 - Material Acquisition Mining Outpost
60009484,30005014,10000064,0.254427,Isenan VII - Moon 13 - Material Acquisition Mining Outpost
60009487,30005011,10000064,0.541253,Droselory IX - Moon 4 - Material Acquisition Mineral Reserve
60009490,30003574,10000044,0.523019,Boystin VI - Moon 23 - Material Acquisition Refinery
60009493,30003577,10000044,0.620386,Oerse VI - Moon 6 - Material Acquisition Mineral Reserve
60009496,30003573,10000044,0.442911,Pertnineere VII - Moon 1 - Material Acquisition Refinery
60009499,30003578,10000044,0.696679,Octanneve V - Material Acquisition Mineral Reserve
60009502,30003799,10000048,0.205721,Uphallant III - Moon 4 - Material Acquisition Mining Outpost
60009505,30003796,10000048,0.349445,Iges VIII - Moon 5 - Material Acquisition Refinery
60009508,30003794,10000048,0.60528,Stacmon VIII - Moon 6 - Material Acquisition Refinery
60009511,30003799,10000048,0.205721,Uphallant VII - Moon 2 - Material Acquisition Refinery
60009514,30003014,10000037,0.9,Bereye VII - Moon 1 - Material Acquisition Mineral Reserve
60009517,30003013,10000037,0.59925,Jurlesel II - Material Acquisition Refinery
60009520,30003014,10000037,0.9,Bereye VI - Moon 2 - Material Acquisition Refinery
60009523,30003011,10000037,0.71804,Mormoen VI - Moon 20 - Material Acquisition Mining Outpost
60009526,30003589,10000044,0.788654,Vecodie I - Material Acquisition Mineral Reserve
60009529,30003593,10000044,0.722419,Stoure VI - Moon 4 - Material Acquisition Mining Outpost
60009532,30003588,10000044,0.757058,Yvaeroure XII - Moon 9 - Material Acquisition Refinery
60009535,30003588,10000044,0.757058,Yvaeroure XII - Moon 11 - Material Acquisition Refinery
60009538,30003600,10000044,0.071201,Agaullores IV - Moon 3 - Material Acquisition Mining Outpost
60009541,30003594,10000044,0.232531,Heluene X - Material Acquisition Refinery
60009544,30003601,10000044,0.178823,Babirmoult VI - Moon 15 - Material Acquisition Mineral Reserve
60009547,30003595,10000044,0.262354,Arittant IX - Moon 16 - Material Acquisition Mining Outpost
60009550,30005304,10000068,0.866783,Alentene VII - Moon 1 - Astral Mining Inc. Mineral Reserve
60009553,30005303,10000068,0.884628,Merolles IX - Moon 15 - Astral Mining Inc. Mineral Reserve
60009556,30005304,10000068,0.866783,Alentene VII - Moon 5 - Astral Mining Inc. Refinery
60009559,30005302,10000068,0.923913,Alenia V - Moon 10 - Astral Mining Inc. Refinery
60009562,30005302,10000068,0.923913,Alenia VIII - Astral Mining Inc. Refinery
60009565,30005306,10000068,0.821577,Vaere VIII - Moon 11 - Astral Mining Inc. Mineral Reserve
60009568,30003806,10000048,0.214825,Pelille VI - Moon 2 - Astral Mining Inc. Mineral Reserve
60009571,30003806,10000048,0.214825,Pelille V - Moon 13 - Astral Mining Inc. Refinery
60009574,30003807,10000048,0.384864,Dour V - Moon 7 - Astral Mining Inc. Mineral Reserve
60009577,30003809,10000048,0.503716,Brellystier IV - Moon 2 - Astral Mining Inc. Mineral Reserve
60009580,30003806,10000048,0.214825,Pelille III - Astral Mining Inc. Refinery
60009583,30003810,10000048,0.543845,Vivanier III - Moon 1 - Astral Mining Inc. Refinery
60009586,30002641,10000032,0.52312,Aufay IV - Moon 2 - Astral Mining Inc. Mining Outpost
60009589,30002641,10000032,0.52312,Aufay II - Astral Mining Inc. Mining Outpost
60009592,30002641,10000032,0.52312,Aufay III - Moon 3 - Astral Mining Inc. Mining Outpost
60009595,30002641,10000032,0.52312,Aufay I - Astral Mining Inc. Mining Outpost
60009598,30002637,10000032,0.688239,Metserel V - Moon 8 - Astral Mining Inc. Mineral Reserve
60009601,30002639,10000032,0.872502,Adreland VI - Moon 8 - Astral Mining Inc. Refinery
60009604,30005333,10000068,0.518818,Stou IV - Moon 1 - Astral Mining Inc. Mineral Reserve
60009607,30005330,10000068,0.471987,Arraron III - Astral Mining Inc. Refinery
60009610,30005330,10000068,0.471987,Arraron VII - Astral Mining Inc. Refinery
60009613,30005333,10000068,0.518818,Stou VIII - Astral Mining Inc. Mining Outpost
60009616,30005333,10000068,0.518818,Stou II - Astral Mining Inc. Mining Outpost
60009619,30005333,10000068,0.518818,Stou I - Moon 1 - Astral Mining Inc. Mineral Reserve
60009622,30003594,10000044,0.232531,Heluene IV - Moon 1 - Astral Mining Inc. Mineral Reserve
60009625,30003595,10000044,0.262354,Arittant IX - Moon 7 - Astral Mining Inc. Mining Outpost
60009628,30003594,10000044,0.232531,Heluene V - Astral Mining Inc. Mineral Reserve
60009631,30003598,10000044,0.164001,Ogaria II - Astral Mining Inc. Mining Outpost
60009634,30003600,10000044,0.071201,Agaullores V - Moon 20 - Astral Mining Inc. Mining Outpost
60009637,30003594,10000044,0.232531,Heluene X - Astral Mining Inc. Refinery
60009640,30004969,10000064,0.890615,Oursulaert VIII - Moon 2 - Astral Mining Inc. Mining Outpost
60009643,30004969,10000064,0.890615,Oursulaert IV - Astral Mining Inc. Mining Outpost
60009646,30004968,10000064,0.947378,Mies I - Astral Mining Inc. Mineral Reserve
60009649,30004969,10000064,0.890615,Oursulaert VIII - Astral Mining Inc. Mining Outpost
60009652,30004969,10000064,0.890615,Oursulaert VII - Moon 3 - Astral Mining Inc. Mining Outpost
60009655,30004969,10000064,0.890615,Oursulaert II - Astral Mining Inc. Mining Outpost
60009658,30003791,10000048,0.094076,Annancale IV - Moon 16 - Astral Mining Inc. Mineral Reserve
60009661,30003792,10000048,0.172621,Ostingele VI - Moon 5 - Astral Mining Inc. Mineral Reserve
60009664,30003791,10000048,0.094076,Annancale IV - Moon 1 - Astral Mining Inc. Mining Outpost
60009667,30003788,10000048,0.6,Intaki V (Intaki Prime) - Moon 5 - Astral Mining Inc. Refinery
60009670,30003790,10000048,0.188946,Vey VIII - Moon 19 - Astral Mining Inc. Mining Outpost
60009673,30003790,10000048,0.188946,Vey VI - Moon 10 - Astral Mining Inc. Mineral Reserve
60009676,30002658,10000032,0.850284,Agrallarier VIII - Moon 3 - Astral Mining Inc. Refinery
60009679,30002660,10000032,0.824164,Eglennaert I - Moon 6 - Astral Mining Inc. Mineral Reserve
60009682,30002655,10000032,0.796289,Vylade IV - Moon 16 - Astral Mining Inc. Mineral Reserve
60009685,30002655,10000032,0.796289,Vylade VII - Moon 3 - Astral Mining Inc. Refinery
60009688,30002660,10000032,0.824164,Eglennaert I - Moon 11 - Astral Mining Inc. Mineral Reserve
60009691,30002660,10000032,0.824164,Eglennaert I - Moon 12 - Astral Mining Inc. Mineral Reserve
60009694,30003037,10000037,0.733882,Quier III - Moon 11 - Astral Mining Inc. Mining Outpost
60009697,30003036,10000037,0.79046,Frarolle VII - Astral Mining Inc. Mining Outpost
60009700,30003033,10000037,0.935634,Ethernity V - Moon 1 - Astral Mining Inc. Mineral Reserve
60009703,30003031,10000037,0.949,Athinard VII - Moon 2 - Astral Mining Inc. Mineral Reserve
60009706,30003034,10000037,0.949,Mattere V - Moon 12 - Astral Mining Inc. Refinery
60009709,30003037,10000037,0.733882,Quier III - Moon 7 - Astral Mining Inc. Mining Outpost
60009712,30004989,10000064,0.660626,Annages IV - Moon 1 - Astral Mining Inc. Mineral Reserve
60009715,30004991,10000064,0.299746,Vitrauze XI - Moon 10 - Astral Mining Inc. Mineral Reserve
60009718,30004992,10000064,0.44971,Palmon VI - Astral Mining Inc. Mining Outpost
60009721,30004992,10000064,0.44971,Palmon VII - Moon 4 - Astral Mining Inc. Mining Outpost
60009724,30004989,10000064,0.660626,Annages VII - Astral Mining Inc. Mining Outpost
60009727,30004991,10000064,0.299746,Vitrauze XII - Moon 1 - Astral Mining Inc. Refinery
60009730,30003574,10000044,0.523019,Boystin VI - Moon 13 - Combined Harvest Plantation
60009733,30003574,10000044,0.523019,Boystin VI - Moon 1 - Combined Harvest Plantation
60009736,30003578,10000044,0.696679,Octanneve I - Combined Harvest Food Packaging
60009739,30003578,10000044,0.696679,Octanneve IV - Moon 1 - Combined Harvest Food Packaging
60009742,30003829,10000048,0.309963,Renarelle III - Moon 4 - Combined Harvest Food Packaging
60009745,30003826,10000048,0.357455,Frarie IX - Combined Harvest Warehouse
60009748,30003827,10000048,0.431851,Aubenall V - Moon 9 - Combined Harvest Warehouse
60009751,30003826,10000048,0.357455,Frarie VI - Moon 1 - Combined Harvest Warehouse
60009754,30002709,10000032,0.83441,Auberulle VII - Moon 1 - Combined Harvest Warehouse
60009757,30002706,10000032,0.76192,Doussivitte VIII - Combined Harvest Warehouse
60009760,30002710,10000032,0.764983,Adiere VI - Moon 4 - Combined Harvest Warehouse
60009763,30002711,10000032,0.906329,Stetille IX - Moon 2 - Combined Harvest Food Packaging
60009766,30003041,10000037,0.851225,Colcer IX - Moon 9 - Combined Harvest Plantation
60009769,30003040,10000037,0.515858,Bille VII - Moon 2 - Combined Harvest Food Packaging
60009772,30003042,10000037,0.342365,Alachene VII - Moon 11 - Combined Harvest Plantation
60009775,30003042,10000037,0.342365,Alachene V - Moon 2 - Combined Harvest Plantation
60009778,30003057,10000037,0.268258,Groothese X - Moon 6 - Combined Harvest Warehouse
60009781,30003057,10000037,0.268258,Groothese X - Moon 2 - Combined Harvest Warehouse
60009784,30003059,10000037,0.353048,Adeel VIII - Moon 6 - Combined Harvest Plantation
60009787,30003058,10000037,0.7416,Olide VI - Moon 3 - Combined Harvest Food Packaging
60009790,30005332,10000068,0.768066,Osmomonne VI - Moon 6 - Combined Harvest Warehouse
60009793,30005333,10000068,0.518818,Stou IV - Moon 1 - Combined Harvest Plantation
60009796,30005333,10000068,0.518818,Stou V - Moon 1 - Combined Harvest Warehouse
60009799,30005330,10000068,0.471987,Arraron VII - Moon 12 - Combined Harvest Food Packaging
60009802,30004976,10000064,0.55492,Charmerout IV - Moon 1 - Combined Harvest Food Packaging
60009805,30004976,10000064,0.55492,Charmerout VII - Combined Harvest Food Packaging
60009808,30004975,10000064,0.470379,Mesybier VII - Combined Harvest Food Packaging
60009811,30004973,10000064,0.578162,Caslemon IX - Moon 16 - Combined Harvest Warehouse
60009814,30003845,10000048,0.305396,Ruerrotta IV - Moon 2 - Combined Harvest Plantation
60009817,30003848,10000048,0.366469,Amasiree VII - Moon 1 - Combined Harvest Plantation
60009820,30003843,10000048,0.447705,Avaux VIII - Moon 3 - Combined Harvest Food Packaging
60009823,30003845,10000048,0.305396,Ruerrotta II - Combined Harvest Plantation
60009826,30003834,10000048,0.372552,Chardalane V - Moon 2 - Combined Harvest Plantation
60009829,30003831,10000048,0.728989,Osmeden X - Moon 2 - Combined Harvest Plantation
60009832,30003834,10000048,0.372552,Chardalane I - Combined Harvest Plantation
60009835,30003834,10000048,0.372552,Chardalane III - Moon 2 - Combined Harvest Plantation
60009838,30003811,10000048,0.725927,Algasienan V - Moon 18 - Combined Harvest Food Packaging
60009841,30003810,10000048,0.543845,Vivanier VII - Moon 17 - Combined Harvest Food Packaging
60009844,30003811,10000048,0.725927,Algasienan VI - Moon 11 - Combined Harvest Food Packaging
60009847,30003808,10000048,0.183318,Grispire VI - Moon 3 - Combined Harvest Food Packaging
60009850,30003025,10000037,0.835556,Lirsautton VII - Quafe Company Factory
60009853,30003029,10000037,0.612704,Jaschercis IV - Moon 9 - Quafe Company Factory
60009856,30003030,10000037,0.713632,Ardallabier VII - Moon 3 - Quafe Company Warehouse
60009859,30003027,10000037,0.58431,Vaurent II - Quafe Company Factory
60009862,30003024,10000037,0.603446,Marosier VIII - Moon 7 - Quafe Company Retail Center
60009865,30003026,10000037,0.949,Blameston IV - Moon 12 - Quafe Company Retail Center
60009868,30003510,10000043,0.820688,Sorzielang VII - Moon 17 - Quafe Company Factory
60009871,30003509,10000043,0.739668,Gosalav VI - Moon 1 - Quafe Company Factory
60009874,30003509,10000043,0.739668,Gosalav VII - Moon 1 - Quafe Company Factory
60009877,30003512,10000043,0.799274,Abaim V - Quafe Company Factory
60009880,30003511,10000043,0.869185,Somouh VII - Moon 11 - Quafe Company Retail Center
60009883,30003507,10000043,0.867301,Teshi I - Quafe Company Retail Center
60009886,30001437,10000016,0.338287,Tamo VI - Moon 10 - Quafe Company Factory
60009889,30001437,10000016,0.338287,Tamo IX - Quafe Company Factory
60009892,30001442,10000016,0.096294,Saranen V - Moon 12 - Quafe Company Warehouse
60009895,30001440,10000016,0.284707,Karjataimon VIII - Moon 1 - Quafe Company Factory
60009898,30001442,10000016,0.096294,Saranen V - Moon 9 - Quafe Company Warehouse
60009901,30001437,10000016,0.338287,Tamo VI - Moon 15 - Quafe Company Warehouse
60009904,30003576,10000044,0.686652,Maire V - Moon 2 - Quafe Company Factory
60009907,30003577,10000044,0.620386,Oerse V - Moon 4 - Quafe Company Factory
60009910,30003573,10000044,0.442911,Pertnineere IV - Quafe Company Factory
60009913,30003575,10000044,0.637346,Lour VI - Moon 7 - Quafe Company Factory
60009916,30003577,10000044,0.620386,Oerse VI - Moon 10 - Quafe Company Retail Center
60009919,30003573,10000044,0.442911,Pertnineere VIII - Moon 2 - Quafe Company Warehouse
60009922,30004994,10000064,0.604753,Arant V - Moon 14 - Quafe Company Factory
60009925,30004995,10000064,0.590297,Allamotte VI - Moon 2 - Quafe Company Warehouse
60009928,30004993,10000064,0.9,Villore VII - Moon 8 - Quafe Company Factory
60009931,30004998,10000064,0.370082,Parts IV - Moon 5 - Quafe Company Factory
60009934,30004998,10000064,0.370082,Parts V - Moon 1 - Quafe Company Warehouse
60009937,30005000,10000064,0.335687,Old Man Star VIII - Moon 1 - Quafe Company Warehouse
60009940,30003334,10000041,-0.314841,LSC4-P I - Quafe Company Warehouse
60009943,30003332,10000041,-0.121044,2P-4LS VIII - Moon 10 - Quafe Company Factory
60009946,30003332,10000041,-0.121044,2P-4LS VIII - Moon 7 - Quafe Company Warehouse
60009949,30003332,10000041,-0.121044,2P-4LS VIII - Moon 11 - Quafe Company Warehouse
60009952,30003328,10000041,-0.016751,BY-S36 II - Quafe Company Warehouse
60009955,30003328,10000041,-0.016751,BY-S36 V - Moon 6 - Quafe Company Warehouse
60009958,30002562,10000030,0.712665,Trer IV - Moon 1 - Quafe Company Warehouse
60009961,30002562,10000030,0.712665,Trer X - Moon 2 - Quafe Company Factory
60009964,30002562,10000030,0.712665,Trer VIII - Moon 21 - Quafe Company Factory
60009967,30002566,10000030,0.756942,Klir V - Moon 11 - Quafe Company Factory
60009970,30002566,10000030,0.756942,Klir V - Moon 7 - Quafe Company Warehouse
60009973,30002562,10000030,0.712665,Trer VII - Quafe Company Warehouse
60009976,30001696,10000020,0.563121,Iro IX - Moon 2 - Quafe Company Factory
60009979,30001695,10000020,0.614642,Nehkiah IV - Moon 14 - Quafe Company Factory
60009982,30001696,10000020,0.563121,Iro XI - Quafe Company Factory
60009985,30001695,10000020,0.614642,Nehkiah IV - Moon 7 - Quafe Company Factory
60009988,30001695,10000020,0.614642,Nehkiah II - Quafe Company Retail Center
60009991,30001697,10000020,0.660782,Ahkour IX - Moon 18 - Quafe Company Warehouse
60009994,30005250,10000067,0.635428,Habu VIII - Moon 1 - Quafe Company Factory
60009997,30005252,10000067,0.454556,Anzalaisio V - Moon 10 - Quafe Company Factory
60010000,30005251,10000067,0.450305,Asanot VI - Moon 17 - Quafe Company Factory
60010003,30005254,10000067,0.578663,Abhan VIII - Moon 1 - Quafe Company Warehouse
60010006,30005253,10000067,0.729136,Chiga I - Moon 2 - Quafe Company Warehouse
60010009,30005250,10000067,0.635428,Habu V - Quafe Company Retail Center
60010012,30004245,10000054,0.376389,Udianoor I - Quafe Company Factory
60010015,30004245,10000054,0.376389,Udianoor V - Moon 3 - Quafe Company Warehouse
60010018,30004245,10000054,0.376389,Udianoor IX - Moon 17 - Quafe Company Factory
60010021,30004244,10000054,0.388534,Onanam VIII - Moon 12 - Quafe Company Factory
60010024,30004242,10000054,0.364688,Sadana VIII - Quafe Company Warehouse
60010027,30004245,10000054,0.376389,Udianoor VII - Moon 4 - Quafe Company Warehouse
60010030,30003293,10000041,-0.090794,AAS-8R IV - Moon 2 - Quafe Company Warehouse
60010033,30003294,10000041,-0.070531,V4-L0X IV - Moon 7 - Quafe Company Factory
60010036,30003295,10000041,-0.054182,PFP-GU II - Moon 10 - Quafe Company Factory
60010039,30003298,10000041,-0.049186,UM-Q7F X - Quafe Company Factory
60010042,30003300,10000041,-0.046666,KTHT-O VI - Moon 12 - Quafe Company Warehouse
60010045,30003293,10000041,-0.090794,AAS-8R V - Quafe Company Retail Center
60010048,30002543,10000030,0.949232,Eystur III - Moon 2 - Quafe Company Factory
60010051,30002544,10000030,0.949,Pator V (Vakir) - Moon 1 - Quafe Company Factory
60010054,30002545,10000030,0.946263,Lustrevik III - Moon 2 - Quafe Company Warehouse
60010057,30002543,10000030,0.949232,Eystur IV - Quafe Company Factory
60010060,30002545,10000030,0.946263,Lustrevik VII - Moon 14 - Quafe Company Warehouse
60010063,30002548,10000030,0.530243,Emolgranlan V - Moon 3 - Quafe Company Warehouse
60010066,30002513,10000030,0.478756,Dammalin I - Quafe Company Factory
60010069,30002514,10000030,0.324582,Bosboger VIII - Moon 2 - Quafe Company Factory
60010072,30002513,10000030,0.478756,Dammalin VII - Moon 5 - Quafe Company Factory
60010075,30002516,10000030,0.343974,Lulm III - Quafe Company Factory
60010078,30002512,10000030,0.558836,Alakgur VIII - Moon 2 - Quafe Company Warehouse
60010081,30002515,10000030,0.438684,Olfeim V - Moon 1 - Quafe Company Warehouse
60010084,30003488,10000043,0.858322,Penirgman IX - Moon 2 - Quafe Company Factory
60010087,30003488,10000043,0.858322,Penirgman IX - Moon 13 - Quafe Company Factory
60010090,30003488,10000043,0.858322,Penirgman IX - Quafe Company Factory
60010093,30003488,10000043,0.858322,Penirgman IX - Moon 6 - Quafe Company Factory
60010096,30003490,10000043,0.810458,Khopa X - Moon 4 - Quafe Company Warehouse
60010099,30003487,10000043,0.907379,Arbaz VI - Moon 8 - Quafe Company Warehouse
60010102,30002776,10000033,0.80747,Annaro VIII - Moon 4 - Quafe Company Factory
60010105,30002777,10000033,0.834518,Isutaka IV - Moon 2 - Quafe Company Factory
60010108,30002776,10000033,0.80747,Annaro VI - Moon 1 - Quafe Company Factory
60010111,30002777,10000033,0.834518,Isutaka IV - Moon 3 - Quafe Company Warehouse
60010114,30002776,10000033,0.80747,Annaro I - Quafe Company Retail Center
60010117,30002776,10000033,0.80747,Annaro VII - Quafe Company Warehouse
60010120,30003048,10000037,0.624878,Carirgnottin VIII - CreoDron Factory
60010123,30003055,10000037,0.680553,Aydoteaux VIII - Moon 12 - CreoDron Warehouse
60010126,30003053,10000037,0.710144,Avele V - Moon 11 - CreoDron Warehouse
60010129,30003055,10000037,0.680553,Aydoteaux II - CreoDron Factory
60010132,30003554,10000043,0.518606,Jambu VI - Moon 3 - CreoDron Factory
60010135,30003556,10000043,0.426982,Arton II - CreoDron Factory
60010138,30003555,10000043,0.480322,Bittanshal VII - Moon 9 - CreoDron Factory
60010141,30003553,10000043,0.525562,Warouh VII - Moon 1 - CreoDron Factory
60010144,30003447,10000042,0.644371,Josekorn IV - CreoDron Factory
60010147,30003449,10000042,0.723155,Hakeri XI - Moon 5 - CreoDron Factory
60010150,30003447,10000042,0.644371,Josekorn VIII - CreoDron Factory
60010153,30003447,10000042,0.644371,Josekorn X - Moon 1 - CreoDron Factory
60010156,30005011,10000064,0.541253,Droselory VI - Moon 17 - CreoDron Warehouse
60010159,30005009,10000064,0.460556,Allebin VIII - Moon 4 - CreoDron Factory
60010162,30005010,10000064,0.404096,Atlulle VIII - Moon 6 - CreoDron Factory
60010165,30005010,10000064,0.404096,Atlulle III - CreoDron Factory
60010168,30002558,10000030,0.614612,Endrulf VIII - Moon 1 - CreoDron Warehouse
60010171,30002558,10000030,0.614612,Endrulf IV - Moon 1 - CreoDron Warehouse
60010174,30002559,10000030,0.276796,Ingunn V - Moon 21 - CreoDron Factory
60010177,30002560,10000030,0.309276,Gultratren V - Moon 22 - CreoDron Factory
60010180,30002415,10000028,0.302036,Weld IV - Moon 4 - CreoDron Factory
60010183,30002414,10000028,0.302147,Klingt IX - Moon 11 - CreoDron Factory
60010186,30002418,10000028,0.322562,Hegfunden VIII - Moon 14 - CreoDron Factory
60010189,30002418,10000028,0.322562,Hegfunden VIII - Moon 26 - CreoDron Factory
60010192,30000160,10000002,0.518561,Reisen VI - CreoDron Factory
60010195,30000159,10000002,0.532008,Ikami X - CreoDron Factory
60010198,30000163,10000002,0.324625,Akora IX - Moon 19 - CreoDron Factory
60010201,30000164,10000002,0.315086,Messoya VIII - Moon 6 - CreoDron Factory
60010204,30005020,10000064,0.413983,Seyllin VIII - Moon 14 - CreoDron Warehouse
60010207,30005017,10000064,0.82519,Yona VI - Moon 5 - CreoDron Factory
60010210,30005018,10000064,0.680809,Noghere VII - Moon 15 - CreoDron Warehouse
60010213,30005018,10000064,0.680809,Noghere VIII - Moon 18 - CreoDron Warehouse
60010216,30003025,10000037,0.835556,Lirsautton I - CreoDron Factory
60010219,30003024,10000037,0.603446,Marosier IV - Moon 2 - CreoDron Factory
60010222,30003029,10000037,0.612704,Jaschercis IV - Moon 2 - CreoDron Factory
60010225,30003030,10000037,0.713632,Ardallabier III - Moon 14 - CreoDron Factory
60010228,30004084,10000052,0.513195,Ghesis V - Moon 2 - CreoDron Factory
60010231,30004084,10000052,0.513195,Ghesis V - Moon 9 - CreoDron Factory
60010234,30004084,10000052,0.513195,Ghesis V - Moon 13 - CreoDron Factory
60010237,30004084,10000052,0.513195,Ghesis V - Moon 3 - CreoDron Factory
60010240,30002252,10000043,0.459159,Bika III - CreoDron Factory
60010243,30002252,10000043,0.459159,Bika VIII - Moon 11 - CreoDron Warehouse
60010246,30002252,10000043,0.459159,Bika V - Moon 1 - CreoDron Warehouse
60010249,30002252,10000043,0.459159,Bika VII - Moon 1 - CreoDron Factory
60010252,30003017,10000037,0.833758,Harerget V - Moon 1 - CreoDron Factory
60010255,30003018,10000037,0.65707,Azer VI - Moon 1 - CreoDron Warehouse
60010258,30003017,10000037,0.833758,Harerget VIII - Moon 1 - CreoDron Factory
60010261,30003018,10000037,0.65707,Azer III - Moon 6 - CreoDron Factory
60010264,30004296,10000054,0.295658,Bapraya IV - Moon 1 - CreoDron Factory
60010267,30004288,10000054,0.38559,Ghekon V - Moon 5 - CreoDron Factory
60010270,30004291,10000054,0.138308,Anohel VI - Moon 14 - CreoDron Factory
60010273,30004288,10000054,0.38559,Ghekon II - Moon 2 - CreoDron Factory
60010276,30004112,10000052,0.512884,Mandoo III - Moon 11 - CreoDron Factory
60010279,30004111,10000052,0.503344,Yarebap VII - Moon 8 - CreoDron Factory
60010282,30004112,10000052,0.512884,Mandoo III - Moon 5 - CreoDron Factory
60010285,30004114,10000052,0.540357,Peyiri XI - Moon 21 - CreoDron Warehouse
60010288,30002571,10000030,0.897107,Oremmulf IX - Moon 6 - CreoDron Factory
60010291,30002568,10000030,0.949,Onga VI - CreoDron Factory
60010294,30002569,10000030,0.914868,Osaumuni VII - Moon 16 - CreoDron Factory
60010297,30002568,10000030,0.949,Onga X - Moon 11 - CreoDron Warehouse
60010300,30005304,10000068,0.866783,Alentene VI - Moon 6 - Roden Shipyards Warehouse
60010303,30005302,10000068,0.923913,Alenia V - Moon 4 - Roden Shipyards Factory
60010306,30005302,10000068,0.923913,Alenia V - Moon 12 - Roden Shipyards Factory
60010309,30003010,10000037,0.728363,Halle VII - Moon 1 - Roden Shipyards Factory
60010312,30003016,10000037,0.524183,Junsoraert XI - Moon 9 - Roden Shipyards Factory
60010315,30003014,10000037,0.9,Bereye III - Moon 1 - Roden Shipyards Factory
60010318,30002719,10000032,0.305192,Miroitem I - Roden Shipyards Factory
60010321,30002718,10000032,0.364661,Rancer VII - Moon 17 - Roden Shipyards Warehouse
60010324,30002718,10000032,0.364661,Rancer IV - Moon 18 - Roden Shipyards Factory
60010327,30003836,10000048,0.289309,Vlillirier IV - Roden Shipyards Factory
60010330,30003836,10000048,0.289309,Vlillirier VI - Moon 1 - Roden Shipyards Factory
60010333,30003836,10000048,0.289309,Vlillirier VII - Roden Shipyards Factory
60010336,30005312,10000068,0.761383,Gisleres IV - Moon 6 - Roden Shipyards Warehouse
60010339,30005308,10000068,0.520488,Jufvitte VI - Moon 4 - Roden Shipyards Factory
60010342,30005310,10000068,0.537429,Scheenins II - Moon 2 - Roden Shipyards Factory
60010345,30002693,10000032,0.449268,Egghelende VII - Moon 22 - Roden Shipyards Factory
60010348,30002692,10000032,0.607169,Jel VIII - Moon 12 - Roden Shipyards Factory
60010351,30002692,10000032,0.607169,Jel I - Roden Shipyards Warehouse
60010354,30003598,10000044,0.164001,Ogaria I - Roden Shipyards Warehouse
60010357,30003594,10000044,0.232531,Heluene V - Roden Shipyards Factory
60010360,30003594,10000044,0.232531,Heluene IV - Roden Shipyards Factory
60010363,30005300,10000068,0.265936,Loes V - Moon 19 - Roden Shipyards Warehouse
60010366,30005300,10000068,0.265936,Loes III - Roden Shipyards Factory
60010369,30005296,10000068,0.255253,Melmaniel VII - Moon 8 - Roden Shipyards Factory
60010372,30005020,10000064,0.413983,Seyllin VI - Moon 3 - Roden Shipyards Factory
60010375,30005019,10000064,0.78874,Aporulie VI - Moon 7 - Roden Shipyards Factory
60010378,30005022,10000064,0.309508,Ane IV - Moon 3 - Roden Shipyards Warehouse
60010381,30002645,10000032,0.440589,Carrou IV - Moon 13 - Roden Shipyards Factory
60010384,30002643,10000032,0.536504,Faurent VII - Moon 4 - Roden Shipyards Factory
60010387,30002642,10000032,0.779575,Iyen-Oursta III - Roden Shipyards Factory
60010390,30003570,10000044,0.215066,Elore V - Moon 4 - Allotek Industries Warehouse
60010393,30003571,10000044,0.246409,Anckee V - Moon 10 - Allotek Industries Factory
60010396,30005304,10000068,0.866783,Alentene VI - Moon 16 - Poteque Pharmaceuticals Biotech Research Center
60010399,30005301,10000068,0.911134,Tourier I - Poteque Pharmaceuticals Biotech Production
60010402,30005065,10000065,0.138333,Arzi X - Moon 1 - Poteque Pharmaceuticals Biotech Production
60010405,30005062,10000065,0.166406,Abath V - Moon 2 - Poteque Pharmaceuticals Biotech Production
60010408,30002516,10000030,0.343974,Lulm V - Moon 10 - Poteque Pharmaceuticals Biotech Production
60010411,30002517,10000030,0.376794,Gulmorogod VII - Moon 16 - Poteque Pharmaceuticals Biotech Research Center
60010414,30002082,10000042,0.402952,Floseswin VII - Moon 5 - Poteque Pharmaceuticals Biotech Production
60010417,30002082,10000042,0.402952,Floseswin VI - Moon 2 - Poteque Pharmaceuticals Biotech Production
60010420,30005075,10000065,0.56205,Latari X - Moon 4 - Poteque Pharmaceuticals Biotech Research Center
60010423,30005069,10000065,0.554274,Nahol X - Moon 1 - Poteque Pharmaceuticals Biotech Production
60010426,30005269,10000067,0.513945,Simela VI - Moon 2 - Poteque Pharmaceuticals Biotech Research Center
60010429,30005273,10000067,0.237473,Galnafsad VI - Moon 18 - Poteque Pharmaceuticals Biotech Production
60010432,30003391,10000042,0.725169,Reset V - Moon 14 - Poteque Pharmaceuticals Biotech Production
60010435,30003391,10000042,0.725169,Reset VII - Moon 11 - Poteque Pharmaceuticals Biotech Research Center
60010438,30001413,10000070,-1.0,Nani V - Moon 18 - Svarog Clade Bioadaptation Chambers
60010441,30001413,10000070,-1.0,Nani VIII - Moon 2 - Svarog Clade Mutaplasmid Farm
60010444,30005007,10000064,0.373263,Lisbaetanne I - Moon 1 - Poteque Pharmaceuticals Biotech Production
60010447,30005004,10000064,0.669496,Attyn V - Moon 13 - Poteque Pharmaceuticals Biotech Production
60010450,30002680,10000032,0.539811,Augnais VI - Moon 1 - Poteque Pharmaceuticals Biotech Production
60010453,30002684,10000032,0.46594,Audaerne X - Moon 3 - Poteque Pharmaceuticals Biotech Production
60010456,30000196,10000002,0.238157,Otosela VII - Moon 4 - Poteque Pharmaceuticals Biotech Production
60010459,30000196,10000002,0.238157,Otosela V - Moon 7 - Poteque Pharmaceuticals Biotech Production
60010462,30005053,10000065,0.573442,Imih III - Moon 8 - Poteque Pharmaceuticals Biotech Research Center
60010465,30005054,10000065,0.648393,Nare IV - Moon 6 - Poteque Pharmaceuticals Biotech Production
60010468,30003796,10000048,0.349445,Iges VI - Moon 3 - Poteque Pharmaceuticals Biotech Production
60010471,30003795,10000048,0.355901,Covryn VII - Moon 2 - Poteque Pharmaceuticals Biotech Production
60010474,30002097,10000042,0.298558,Klogori III - Poteque Pharmaceuticals Biotech Production
60010477,30002098,10000042,0.228674,Orfrold VII - Moon 8 - Poteque Pharmaceuticals Biotech Production
60010480,30003588,10000044,0.757058,Yvaeroure XI - Moon 7 - Poteque Pharmaceuticals Biotech Production
60010483,30003593,10000044,0.722419,Stoure IX - Moon 1 - Poteque Pharmaceuticals Biotech Research Center
60010486,30003038,10000037,0.629053,Atlanins III - Impetus Publisher
60010489,30003040,10000037,0.515858,Bille IX - Moon 3 - Impetus Development Studio
60010492,30001644,10000020,0.572842,Tividu V - Moon 7 - Impetus Development Studio
60010495,30001646,10000020,0.597392,Goram III - Moon 2 - Impetus Development Studio
60010498,30005034,10000065,0.395947,Bridi III - Moon 2 - Impetus Publisher
60010501,30005031,10000065,0.351497,Nebian VIII - Moon 2 - Impetus Development Studio
60010504,30001703,10000020,0.750378,Taru IV - Moon 1 - Impetus Development Studio
60010507,30001705,10000020,0.803226,Azhgabid III - Moon 5 - Impetus Development Studio
60010510,30002711,10000032,0.906329,Stetille VII - Moon 2 - Impetus Development Studio
60010513,30002711,10000032,0.906329,Stetille II - Impetus Publisher
60010516,30003576,10000044,0.686652,Maire V - Moon 2 - Impetus Development Studio
60010519,30003573,10000044,0.442911,Pertnineere VI - Moon 11 - Impetus Development Studio
60010522,30002090,10000042,0.306094,Frerstorn V - Moon 1 - Impetus Development Studio
60010525,30002091,10000042,0.321813,Ontorn VII - Moon 11 - Impetus Development Studio
60010528,30004272,10000054,0.315142,Sota III - Moon 12 - Impetus Development Studio
60010531,30004268,10000054,0.455178,Shenda VIII - Moon 15 - Impetus Development Studio
60010534,30002535,10000030,0.774382,Ebasgerdur III - Impetus Development Studio
60010537,30002531,10000030,0.732252,Gerek V - Moon 14 - Impetus Development Studio
60010540,30002750,10000033,0.718557,Oiniken VII - Moon 2 - Impetus Development Studio
60010543,30002750,10000033,0.718557,Oiniken XI - Moon 12 - Impetus Development Studio
60010546,30003309,10000041,-0.167874,VV-VCR VII - Moon 2 - Impetus Development Studio
60010549,30003314,10000041,-0.357557,DP34-U VII - Moon 1 - Impetus Development Studio
60010552,30003381,10000042,0.683899,Eust I - Impetus Development Studio
60010555,30003385,10000042,0.714303,Evuldgenzo VI - Moon 2 - Impetus Development Studio
60010558,30002190,10000043,0.940368,Mabnen V - Moon 16 - Impetus Development Studio
60010561,30002190,10000043,0.940368,Mabnen VII - Moon 5 - Impetus Development Studio
60010564,30005082,10000065,0.407628,Enal X - Impetus Development Studio
60010567,30005085,10000065,0.367557,Ranni IX - Moon 10 - Impetus Development Studio
60010570,30002740,10000033,0.538036,Eitu VII - Moon 4 - Impetus Development Studio
60010573,30002740,10000033,0.538036,Eitu VII - Moon 2 - Impetus Development Studio
60010576,30003043,10000037,0.578327,Uphene VI - Moon 16 - Egonics Inc. Development Studio
60010579,30003040,10000037,0.515858,Bille XI - Moon 1 - Egonics Inc. Development Studio
60010582,30002662,10000032,0.541948,Pulin V - Moon 8 - Egonics Inc. Development Studio
60010585,30002664,10000032,0.775966,Alles VI - Moon 12 - Egonics Inc. Development Studio
60010588,30003057,10000037,0.268258,Groothese X - Moon 10 - Egonics Inc. Development Studio
60010591,30003060,10000037,0.285023,Mannar IV - Moon 1 - Egonics Inc. Publisher
60010594,30003033,10000037,0.935634,Ethernity VI - Moon 17 - Egonics Inc. Development Studio
60010597,30003033,10000037,0.935634,Ethernity VI - Moon 16 - Egonics Inc. Development Studio
60010600,30002709,10000032,0.83441,Auberulle VIII - Moon 1 - Egonics Inc. Development Studio
60010603,30002711,10000032,0.906329,Stetille IX - Moon 2 - Egonics Inc. Development Studio
60010606,30002676,10000032,0.9,Parchanier VI - Moon 15 - Egonics Inc. Development Studio
60010609,30002676,10000032,0.9,Parchanier V - Egonics Inc. Development Studio
60010612,30005296,10000068,0.255253,Melmaniel VI - Moon 6 - Egonics Inc. Development Studio
60010615,30005297,10000068,0.418579,Ouelletta V - Moon 1 - Egonics Inc. Development Studio
60010618,30003025,10000037,0.835556,Lirsautton X - Moon 1 - Egonics Inc. Development Studio
60010621,30003026,10000037,0.949,Blameston VI - Moon 10 - Egonics Inc. Development Studio
60010624,30002718,10000032,0.364661,Rancer V - Moon 7 - Egonics Inc. Development Studio
60010627,30002723,10000032,0.333603,Otou V - Moon 7 - Egonics Inc. Development Studio
60010630,30003602,10000044,0.366468,Ratillose VI - Moon 4 - Egonics Inc. Development Studio
60010633,30003602,10000044,0.366468,Ratillose V - Moon 14 - Egonics Inc. Development Studio
60010636,30003830,10000048,0.746238,Orvolle VI - Moon 1 - The Scope Development Studio
60010639,30003832,10000048,0.548774,Adacyne V - Moon 8 - The Scope Development Studio
60010642,30004122,10000052,0.513639,Chanoun IX - The Scope Development Studio
60010645,30004126,10000052,0.512837,Nidupad VIII - Moon 17 - The Scope Publisher
60010648,30005312,10000068,0.761383,Gisleres V - Moon 7 - The Scope Development Studio
60010651,30005312,10000068,0.761383,Gisleres IV - Moon 2 - The Scope Development Studio
60010654,30005207,10000067,0.431209,Nardiarang VI - The Scope Development Studio
60010657,30005207,10000067,0.431209,Nardiarang II - The Scope Development Studio
60010660,30003578,10000044,0.696679,Octanneve IV - The Scope Development Studio
60010663,30003574,10000044,0.523019,Boystin VI - Moon 14 - The Scope Publisher
60010666,30002685,10000032,0.70661,Dodenvale X - Moon 5 - The Scope Publisher
60010669,30002687,10000032,0.497267,Artisine IV - Moon 2 - The Scope Development Studio
60010672,30002979,10000036,0.327188,Tararan VI - Moon 4 - The Scope Publisher
60010675,30002978,10000036,0.355538,Asghed VI - Moon 12 - The Scope Publisher
60010678,30004987,10000064,0.709388,Deninard VIII - Moon 1 - The Scope Development Studio
60010681,30004991,10000064,0.299746,Vitrauze XI - Moon 8 - The Scope Development Studio
60010684,30005290,10000067,0.537723,Heorah VI - Moon 17 - The Scope Development Studio
60010687,30005290,10000067,0.537723,Heorah VI - Moon 14 - The Scope Publisher
60010690,30004254,10000054,0.105135,Fihrneh VI - Moon 5 - The Scope Development Studio
60010693,30004260,10000054,0.037987,Yiratal VIII - Moon 4 - The Scope Publisher
60010696,30003541,10000043,0.353254,Faswiba VII - Moon 4 - The Scope Development Studio
60010699,30003541,10000043,0.353254,Faswiba VIII - Moon 3 - The Scope Publisher
60010702,30002533,10000030,0.822566,Gerbold III - Moon 2 - The Scope Development Studio
60010705,30002534,10000030,0.618089,Rokofur VIII - Moon 11 - The Scope Development Studio
60010708,30005056,10000065,0.666936,Kizama V - Moon 3 - The Scope Development Studio
60010711,30005058,10000065,0.51806,Neesher V - The Scope Development Studio
60010714,30002190,10000043,0.940368,Mabnen VIII - Moon 2 - The Scope Development Studio
60010717,30002191,10000043,0.813027,Toshabia VI - Moon 1 - The Scope Development Studio
60010720,30005025,10000064,0.818801,Derririntel VII - Moon 4 - The Scope Development Studio
60010723,30005024,10000064,0.880487,Atlangeins V - Moon 13 - The Scope Development Studio
60010726,30002706,10000032,0.76192,Doussivitte VIII - Moon 20 - Chemal Tech Factory
60010729,30002707,10000032,0.890515,Unel IX - Chemal Tech Factory
60010732,30002706,10000032,0.76192,Doussivitte VIII - Moon 8 - Chemal Tech Factory
60010735,30003380,10000042,0.949,Alf III - Moon 1 - Chemal Tech Factory
60010738,30003375,10000042,0.890508,Brundakur VI - Moon 5 - Chemal Tech Factory
60010741,30003374,10000042,0.949,Arlulf III - Moon 1 - Chemal Tech Factory
60010744,30002996,10000036,0.600679,Lower Debyl V - Chemal Tech Factory
60010747,30002996,10000036,0.600679,Lower Debyl VIII - Moon 15 - Chemal Tech Factory
60010750,30002997,10000036,0.567127,Ehnoum II - Chemal Tech Factory
60010753,30003423,10000042,0.542579,Nein II - Chemal Tech Factory
60010756,30003427,10000042,0.513562,Osvestmunnur XI - Moon 4 - Chemal Tech Factory
60010759,30003426,10000042,0.496018,Anstard VI - Moon 1 - Chemal Tech Warehouse
60010762,30005029,10000070,-1.0,Vale VI - Moon 2 - Veles Clade Semiosis Theater
60010765,30005025,10000064,0.818801,Derririntel V - Moon 15 - Chemal Tech Warehouse
60010768,30005024,10000064,0.880487,Atlangeins V - Moon 11 - Chemal Tech Factory
60010771,30003073,10000038,0.483956,Netsalakka VII - Moon 2 - Chemal Tech Factory
60010774,30003075,10000038,0.481707,Myyhera VIII - Moon 12 - Chemal Tech Factory
60010777,30003078,10000038,0.592004,Erkinen XII - Moon 7 - Chemal Tech Factory
60010780,30004968,10000064,0.947378,Mies V - Moon 3 - Chemal Tech Warehouse
60010783,30004969,10000064,0.890615,Oursulaert VI - Chemal Tech Research Center
60010786,30004970,10000064,0.898199,Renyn X - Moon 14 - Chemal Tech Factory
60010789,30002230,10000043,0.744503,Vashkah VI - Moon 2 - Chemal Tech Research Center
60010792,30002228,10000043,0.764729,Nererut VIII - Moon 2 - Chemal Tech Factory
60010795,30002234,10000043,0.654727,Nifshed X - Moon 1 - Chemal Tech Warehouse
60010798,30002697,10000032,0.372319,Ravarin V - Moon 13 - Chemal Tech Research Center
60010801,30002697,10000032,0.372319,Ravarin III - Moon 4 - Chemal Tech Research Center
60010804,30002693,10000032,0.449268,Egghelende VI - Moon 19 - Chemal Tech Factory
60010807,30001430,10000016,0.573492,Endatoh IV - Moon 1 - Chemal Tech Warehouse
60010810,30001430,10000016,0.573492,Endatoh IV - Chemal Tech Factory
60010813,30001430,10000016,0.573492,Endatoh VI - Chemal Tech Factory
60010816,30000193,10000002,0.500279,Vouskiaho VI - Moon 2 - Chemal Tech Factory
60010819,30000190,10000002,0.493712,Vasala VI - Moon 10 - Chemal Tech Factory
60010822,30000189,10000002,0.528522,Kiainti VI - Moon 1 - Chemal Tech Factory
60010825,30004504,10000057,-0.005732,4C-B7X V - Moon 7 - Chemal Tech Factory
60010828,30004502,10000057,-0.001368,D5IW-F VIII - Moon 2 - Chemal Tech Factory
60010831,30004504,10000057,-0.005732,4C-B7X VII - Moon 12 - Chemal Tech Factory
60010834,30005310,10000068,0.537429,Scheenins IV - Chemal Tech Factory
60010837,30005310,10000068,0.537429,Scheenins V - Moon 8 - Chemal Tech Factory
60010840,30005312,10000068,0.761383,Gisleres V - Moon 8 - Chemal Tech Factory
60010843,30001681,10000020,0.420654,Teshkat VI - Chemal Tech Factory
60010846,30001681,10000020,0.420654,Teshkat V - Chemal Tech Factory
60010849,30001683,10000020,0.170233,Nasesharafa VIII - Moon 3 - Chemal Tech Warehouse
60010852,30002575,10000030,0.27597,Sotrenzur XI - Moon 1 - Chemal Tech Factory
60010855,30002575,10000030,0.27597,Sotrenzur V - Chemal Tech Factory
60010858,30002578,10000030,0.475109,Otraren IV - Moon 5 - Chemal Tech Warehouse
60010861,30003048,10000037,0.624878,Carirgnottin X - Moon 1 - Duvolle Laboratories Factory
60010864,30003055,10000037,0.680553,Aydoteaux V - Moon 1 - Duvolle Laboratories Factory
60010867,30003054,10000037,0.641687,Scuelazyns VII - Moon 1 - Duvolle Laboratories Factory
60010870,30005302,10000068,0.923913,Alenia V - Duvolle Laboratories Factory
60010873,30005304,10000068,0.866783,Alentene V - Moon 4 - Duvolle Laboratories Factory
60010876,30005306,10000068,0.821577,Vaere VII - Duvolle Laboratories Warehouse
60010879,30003795,10000048,0.355901,Covryn VI - Moon 12 - Duvolle Laboratories Warehouse
60010882,30003798,10000048,0.487171,Slays II - Duvolle Laboratories Factory
60010885,30003799,10000048,0.205721,Uphallant VIII - Moon 2 - Duvolle Laboratories Factory
60010888,30002670,10000032,0.65415,Dunraelare V - Moon 1 - Duvolle Laboratories Factory
60010891,30002672,10000032,0.715756,Inghenges VI - Moon 15 - Duvolle Laboratories Factory
60010894,30002668,10000032,0.871457,Trosquesere V - Moon 10 - Duvolle Laboratories Factory
60010897,30003808,10000048,0.183318,Grispire V - Duvolle Laboratories Factory
60010900,30003810,10000048,0.543845,Vivanier V - Moon 3 - Duvolle Laboratories Factory
60010903,30003806,10000048,0.214825,Pelille V - Moon 14 - Duvolle Laboratories Factory
60010906,30004967,10000064,0.949,Luminaire III (Astrin) - Moon 1 - Duvolle Laboratories Factory
60010909,30004969,10000064,0.890615,Oursulaert VII - Moon 3 - Duvolle Laboratories Research Center
60010912,30004968,10000064,0.947378,Mies VII - Moon 3 - Duvolle Laboratories Factory
60010915,30003576,10000044,0.686652,Maire IV - Moon 4 - Duvolle Laboratories Factory
60010918,30003578,10000044,0.696679,Octanneve III - Duvolle Laboratories Factory
60010921,30003577,10000044,0.620386,Oerse VII - Moon 8 - Duvolle Laboratories Factory
60010924,30002734,10000032,0.809249,Fricoure VIII - Moon 3 - Duvolle Laboratories Factory
60010927,30002736,10000032,0.845294,Ainaille VII - Moon 5 - Duvolle Laboratories Factory
60010930,30002732,10000032,0.779691,Mirilene VIII - Moon 9 - Duvolle Laboratories Factory
60010933,30004979,10000064,0.306625,Heydieles III - Moon 13 - Duvolle Laboratories Factory
60010936,30004981,10000064,0.501465,Actee I - Duvolle Laboratories Factory
60010939,30004979,10000064,0.306625,Heydieles IV - Moon 19 - Duvolle Laboratories Warehouse
60010942,30002696,10000032,0.453173,Stegette III - Moon 6 - Duvolle Laboratories Factory
60010945,30002694,10000032,0.483016,Odette VII - Moon 6 - Duvolle Laboratories Factory
60010948,30002692,10000032,0.607169,Jel V - Duvolle Laboratories Factory
60010951,30003792,10000048,0.172621,Ostingele VIII - Moon 3 - FedMart Warehouse
60010954,30003787,10000048,0.208648,Agoze V - FedMart Retail Center
60010957,30003790,10000048,0.188946,Vey VIII - Moon 15 - FedMart Warehouse
60010960,30003789,10000048,0.094316,Brarel I - FedMart Warehouse
60010963,30003788,10000048,0.6,Intaki VI - Moon 5 - FedMart Storage
60010966,30003793,10000048,0.085061,Harroule VIII - Moon 5 - FedMart Storage
60010969,30005009,10000064,0.460556,Allebin VII - Moon 4 - FedMart Retail Center
60010972,30005014,10000064,0.254427,Isenan VIII - Moon 12 - FedMart Warehouse
60010975,30005009,10000064,0.460556,Allebin VI - FedMart Warehouse
60010978,30005014,10000064,0.254427,Isenan VIII - Moon 7 - FedMart Warehouse
60010981,30005014,10000064,0.254427,Isenan VII - Moon 2 - FedMart Storage
60010984,30005010,10000064,0.404096,Atlulle VIII - FedMart Storage
60010987,30003825,10000048,0.404252,Eugales VII - Moon 9 - FedMart Retail Center
60010990,30003828,10000048,0.394321,Moclinamaud I - FedMart Retail Center
60010993,30003826,10000048,0.357455,Frarie IX - Moon 17 - FedMart Retail Center
60010996,30003829,10000048,0.309963,Renarelle III - Moon 10 - FedMart Warehouse
60010999,30003824,10000048,0.620765,Archavoinet III - Moon 1 - FedMart Storage
60011002,30003826,10000048,0.357455,Frarie IX - Moon 14 - FedMart Storage
60011005,30003840,10000048,0.339596,Anchauttes III - Moon 13 - FedMart Retail Center
60011008,30003836,10000048,0.289309,Vlillirier VII - Moon 19 - FedMart Warehouse
60011011,30003838,10000048,0.330045,Oicx VI - Moon 11 - FedMart Warehouse
60011014,30003837,10000048,0.36751,Aldranette IX - Moon 1 - FedMart Warehouse
60011017,30003836,10000048,0.289309,Vlillirier V - Moon 1 - FedMart Storage
60011020,30003839,10000048,0.366836,Evaulon V - Moon 2 - FedMart Storage
60011023,30002695,10000032,0.581145,Ation II - Moon 1 - FedMart Warehouse
60011026,30002693,10000032,0.449268,Egghelende IV - Moon 1 - FedMart Warehouse
60011029,30002692,10000032,0.607169,Jel VIII - Moon 1 - FedMart Warehouse
60011032,30002696,10000032,0.453173,Stegette V - Moon 3 - FedMart Warehouse
60011035,30002696,10000032,0.453173,Stegette IV - Moon 11 - FedMart Storage
60011038,30002692,10000032,0.607169,Jel VIII - Moon 22 - FedMart Storage
60011041,30003588,10000044,0.757058,Yvaeroure XI - Moon 14 - FedMart Retail Center
60011044,30003588,10000044,0.757058,Yvaeroure VI - Moon 1 - FedMart Retail Center
60011047,30003588,10000044,0.757058,Yvaeroure X - Moon 8 - FedMart Warehouse
60011050,30003591,10000044,0.781364,Yvelet VI - Moon 2 - FedMart Warehouse
60011053,30003590,10000044,0.811738,Arasare V - Moon 6 - FedMart Storage
60011056,30003588,10000044,0.757058,Yvaeroure X - Moon 15 - FedMart Storage
60011059,30003579,10000044,0.596159,Larryn IX - Moon 4 - FedMart Warehouse
60011062,30003582,10000044,0.65176,Odinesyn VIII - Moon 15 - FedMart Warehouse
60011065,30003579,10000044,0.596159,Larryn II - FedMart Warehouse
60011068,30003584,10000044,0.43883,Sarline VIII - Moon 1 - FedMart Warehouse
60011071,30003586,10000044,0.664606,Gererique IV - Moon 4 - FedMart Storage
60011074,30003584,10000044,0.43883,Sarline IX - Moon 20 - FedMart Storage
60011077,30005022,10000064,0.309508,Ane III - Moon 1 - FedMart Warehouse
60011080,30005019,10000064,0.78874,Aporulie VII - Moon 16 - FedMart Retail Center
60011083,30005023,10000064,0.515623,Clorteler II - Moon 1 - FedMart Warehouse
60011086,30005019,10000064,0.78874,Aporulie VIII - FedMart Retail Center
60011089,30005022,10000064,0.309508,Ane IV - Moon 6 - FedMart Storage
60011092,30005016,10000064,0.822095,Wysalan VIII - Moon 1 - FedMart Storage
60011095,30003023,10000037,0.354437,Gerper VI - Moon 12 - FedMart Warehouse
60011098,30003023,10000037,0.354437,Gerper V - Moon 14 - FedMart Warehouse
60011101,30003017,10000037,0.833758,Harerget VIII - FedMart Warehouse
60011104,30003023,10000037,0.354437,Gerper V - Moon 10 - FedMart Warehouse
60011107,30003018,10000037,0.65707,Azer VI - Moon 2 - FedMart Storage
60011110,30003023,10000037,0.354437,Gerper VI - Moon 2 - FedMart Storage
60011113,30003028,10000037,0.506709,Aclan IX - Moon 2 - FedMart Warehouse
60011116,30003030,10000037,0.713632,Ardallabier V - Moon 12 - FedMart Retail Center
60011119,30003030,10000037,0.713632,Ardallabier VII - Moon 18 - FedMart Warehouse
60011122,30003029,10000037,0.612704,Jaschercis IV - Moon 1 - FedMart Retail Center
60011125,30003029,10000037,0.612704,Jaschercis IV - Moon 14 - FedMart Storage
60011128,30003028,10000037,0.506709,Aclan X - Moon 24 - FedMart Storage
60011131,30002712,10000032,0.847828,Alillere IV - Aliastra Retail Center
60011134,30002717,10000032,0.902979,Aymaerne VIII - Moon 2 - Aliastra Warehouse
60011137,30002716,10000032,0.54945,Aurcel IV - Moon 17 - Aliastra Warehouse
60011140,30002717,10000032,0.902979,Aymaerne VI - Moon 10 - Aliastra Warehouse
60011143,30001358,10000016,0.530137,Ossa VII - Moon 8 - Aliastra Retail Center
60011146,30001359,10000016,0.590755,Semiki V - Aliastra Warehouse
60011149,30001357,10000016,0.560299,Antiainen II - Moon 1 - Aliastra Retail Center
60011152,30001356,10000016,0.398268,Dantumi VI - Moon 5 - Aliastra Warehouse
60011155,30001727,10000020,0.866089,Rand V - Aliastra Warehouse
60011158,30001726,10000020,0.835361,Iswa II - Aliastra Warehouse
60011161,30001724,10000020,0.910481,Rumida V - Moon 21 - Aliastra Retail Center
60011164,30001724,10000020,0.910481,Rumida IV - Moon 12 - Aliastra Retail Center
60011167,30001414,10000016,0.633785,Ajanen VI - Moon 2 - Aliastra Warehouse
60011170,30001413,10000070,-1.0,Nani IV - Moon 2 - The Convocation of Triglav Semiosis Theater
60011173,30001413,10000070,-1.0,Nani I - Svarog Clade Extractive Terminus
60011176,30001411,10000016,0.775104,Autama IX - Moon 12 - Aliastra Warehouse
60011179,30002554,10000030,0.404436,Wiskeber VII - Moon 9 - Aliastra Warehouse
60011182,30002553,10000030,0.36637,Bogelek IV - Moon 2 - Aliastra Warehouse
60011185,30002551,10000030,0.321559,Aralgrund V - Moon 2 - Aliastra Warehouse
60011188,30002552,10000030,0.587064,Eddar VIII - Moon 7 - Aliastra Retail Center
60011191,30003479,10000043,0.331138,Akila VI - Moon 13 - Aliastra Retail Center
60011194,30003476,10000043,0.451701,Ealur IX - Moon 16 - Aliastra Warehouse
60011197,30003474,10000043,0.415743,Sahda VII - Moon 2 - Aliastra Retail Center
60011200,30003473,10000043,0.518156,Fahruni X - Moon 1 - Aliastra Retail Center
60011203,30005311,10000068,0.637569,Amygnon VII - Moon 21 - Aliastra Warehouse
60011206,30005313,10000068,0.861044,Ellmay VIII - Moon 10 - Aliastra Warehouse
60011209,30005311,10000068,0.637569,Amygnon VII - Moon 10 - Aliastra Warehouse
60011212,30005308,10000068,0.520488,Jufvitte IX - Aliastra Warehouse
60011215,30003349,10000041,-0.010193,0T-AMZ VII - Moon 10 - Aliastra Warehouse
60011218,30003349,10000041,-0.010193,0T-AMZ IX - Moon 6 - Aliastra Retail Center
60011221,30003351,10000041,-0.009858,4L-E5P VI - Moon 6 - Aliastra Retail Center
60011224,30003351,10000041,-0.009858,4L-E5P VII - Moon 1 - Aliastra Warehouse
60011227,30005255,10000067,0.314386,Saphthar IX - Moon 16 - Aliastra Warehouse
60011230,30005258,10000067,0.324548,Korridi III - Aliastra Retail Center
60011233,30005256,10000067,0.388429,Itrin V - Moon 7 - Aliastra Warehouse
60011236,30005256,10000067,0.388429,Itrin V - Moon 19 - Aliastra Retail Center
60011239,30003822,10000048,0.049927,Espigoure VIII - Moon 5 - Aliastra Warehouse
60011242,30003818,10000048,0.135812,Aulbres X - Aliastra Warehouse
60011245,30003820,10000048,0.042595,Vestouve IX - Moon 11 - Aliastra Warehouse
60011248,30003821,10000048,0.074843,Ausmaert VIII - Moon 1 - Aliastra Warehouse
60011251,30005270,10000067,0.306287,Shalne VII - Moon 1 - Aliastra Retail Center
60011254,30005272,10000067,0.311446,Olin IV - Moon 3 - Aliastra Warehouse
60011257,30005268,10000067,0.342482,Gonditsa IV - Moon 8 - Aliastra Retail Center
60011260,30005269,10000067,0.513945,Simela III - Aliastra Warehouse
60011263,30002692,10000032,0.607169,Jel VIII - Aliastra Retail Center
60011266,30002695,10000032,0.581145,Ation VI - Aliastra Warehouse
60011269,30002698,10000032,0.371283,Aliette VII - Moon 14 - Aliastra Warehouse
60011272,30002698,10000032,0.371283,Aliette VII - Moon 25 - Aliastra Warehouse
60011275,30003322,10000041,-0.013616,3KNK-A IX - Moon 4 - Aliastra Warehouse
60011278,30003323,10000041,-0.013113,TXW-EI VIII - Moon 8 - Aliastra Retail Center
60011281,30003326,10000041,-0.007948,XYY-IA IV - Moon 6 - Aliastra Warehouse
60011284,30003326,10000041,-0.007948,XYY-IA III - Moon 10 - Aliastra Warehouse
60011287,30002053,10000042,0.8,Hek VIII - Moon 17 - Aliastra Retail Center
60011290,30002051,10000042,0.464528,Anher V - Moon 8 - Aliastra Retail Center
60011293,30002052,10000042,0.389339,Ragnarg VI - Moon 6 - Aliastra Warehouse
60011296,30002052,10000042,0.389339,Ragnarg IV - Moon 2 - Aliastra Warehouse
60011299,30001699,10000020,0.509937,Siyi V - Moon 6 - Aliastra Warehouse
60011302,30001698,10000020,0.614769,Gaknem VI - Moon 6 - Aliastra Retail Center
60011305,30001699,10000020,0.509937,Siyi II - Aliastra Warehouse
60011308,30001699,10000020,0.509937,Siyi IV - Moon 11 - Aliastra Warehouse
60011311,30004972,10000064,0.925366,Algogille IX - Moon 3 - Bank of Luminaire Depository
60011314,30004969,10000064,0.890615,Oursulaert VII - Moon 3 - Bank of Luminaire Vault
60011317,30003055,10000037,0.680553,Aydoteaux VII - Moon 20 - Bank of Luminaire Depository
60011320,30003051,10000037,0.689427,Antollare VI - Bank of Luminaire Depository
60011323,30003848,10000048,0.366469,Amasiree VI - Moon 6 - Bank of Luminaire Depository
60011326,30003845,10000048,0.305396,Ruerrotta IV - Moon 5 - Bank of Luminaire Depository
60011329,30003603,10000044,0.530892,Ondree VII - Moon 21 - Bank of Luminaire Depository
60011332,30003603,10000044,0.530892,Ondree VIII - Bank of Luminaire Depository
60011335,30004980,10000064,0.345511,Fliet IV - Bank of Luminaire Depository
60011338,30004981,10000064,0.501465,Actee III - Bank of Luminaire Depository
60011341,30003600,10000044,0.071201,Agaullores VI - Moon 11 - Bank of Luminaire Vault
60011344,30003595,10000044,0.262354,Arittant IX - Moon 21 - Bank of Luminaire Vault
60011347,30003060,10000037,0.285023,Mannar IV - Moon 4 - Bank of Luminaire Depository
60011350,30003060,10000037,0.285023,Mannar V - Moon 17 - Bank of Luminaire Depository
60011353,30003842,10000048,0.290698,Esesier X - Moon 3 - Bank of Luminaire Vault
60011356,30003839,10000048,0.366836,Evaulon VI - Moon 1 - Bank of Luminaire Depository
60011359,30004988,10000064,0.431834,Hulmate I - Moon 11 - Bank of Luminaire Depository
60011362,30004992,10000064,0.44971,Palmon IV - Moon 13 - Bank of Luminaire Vault
60011365,30003584,10000044,0.43883,Sarline IX - Moon 10 - Bank of Luminaire Depository
60011368,30003584,10000044,0.43883,Sarline IX - Moon 15 - Bank of Luminaire Depository
60011371,30003792,10000048,0.172621,Ostingele VII - Pend Insurance Depository
60011374,30003788,10000048,0.6,Intaki VI - Moon 5 - Pend Insurance Depository
60011377,30003788,10000048,0.6,Intaki III - Pend Insurance Depository
60011380,30001728,10000020,0.717975,Sizamod VIII - Moon 5 - Pend Insurance Vault
60011383,30001728,10000020,0.717975,Sizamod V - Moon 1 - Pend Insurance Vault
60011386,30001725,10000020,0.929034,Nosodnis VII - Pend Insurance Vault
60011389,30004293,10000054,0.383267,Pserz X - Pend Insurance Depository
60011392,30004295,10000054,0.472105,Keba VII - Moon 15 - Pend Insurance Depository
60011395,30004289,10000054,0.228142,Vaini III - Moon 1 - Pend Insurance Depository
60011398,30005302,10000068,0.923913,Alenia VII - Moon 18 - Pend Insurance Depository
60011401,30005302,10000068,0.923913,Alenia V - Pend Insurance Depository
60011404,30005302,10000068,0.923913,Alenia VII - Pend Insurance Depository
60011407,30002546,10000030,0.808855,Isendeldik IX - Moon 8 - Pend Insurance Depository
60011410,30002543,10000030,0.949232,Eystur V - Pend Insurance Depository
60011413,30002546,10000030,0.808855,Isendeldik IX - Moon 3 - Pend Insurance Depository
60011416,30003430,10000042,0.671349,Oppold VIII - Moon 7 - Pend Insurance Depository
60011419,30003432,10000042,0.58107,Lumegen V - Moon 1 - Pend Insurance Vault
60011422,30003430,10000042,0.671349,Oppold V - Moon 5 - Pend Insurance Depository
60011425,30002679,10000032,0.507774,Jolia I - Moon 1 - Pend Insurance Depository
60011428,30002680,10000032,0.539811,Augnais VIII - Moon 14 - Pend Insurance Depository
60011431,30002677,10000032,0.56165,Fluekele IV - Moon 1 - Pend Insurance Depository
60011434,30002078,10000042,0.12731,Arwa IX - Moon 2 - Pend Insurance Depository
60011437,30002081,10000042,0.13638,Ansen I - Moon 1 - Pend Insurance Depository
60011440,30002078,10000042,0.12731,Arwa VIII - Moon 13 - Pend Insurance Depository
60011443,30005085,10000065,0.367557,Ranni VII - Moon 2 - Pend Insurance Depository
60011446,30005083,10000065,0.419224,Jedandan VI - Moon 13 - Pend Insurance Depository
60011449,30005086,10000065,0.327651,Arza II - Pend Insurance Vault
60011452,30003398,10000042,0.703797,Anbald I - Pend Insurance Vault
60011455,30003397,10000042,0.911898,Bongveber V - Pend Insurance Depository
60011458,30003397,10000042,0.911898,Bongveber VII - Moon 1 - Pend Insurance Depository
60011461,30004235,10000054,0.337204,Maseera VII - Moon 15 - Pend Insurance Depository
60011464,30004232,10000054,0.321585,Zayi X - Moon 7 - Pend Insurance Depository
60011467,30004235,10000054,0.337204,Maseera VII - Moon 5 - Pend Insurance Depository
60011470,30004111,10000052,0.503344,Yarebap VI - Moon 11 - Pend Insurance Depository
60011473,30004111,10000052,0.503344,Yarebap VII - Moon 20 - Pend Insurance Depository
60011476,30004114,10000052,0.540357,Peyiri VIII - Moon 12 - Pend Insurance Depository
60011479,30005250,10000067,0.635428,Habu V - Moon 2 - Pend Insurance Depository
60011482,30005250,10000067,0.635428,Habu V - Moon 12 - Pend Insurance Depository
60011485,30005253,10000067,0.729136,Chiga III - Moon 15 - Pend Insurance Vault
60011488,30004141,10000052,0.321715,Hiremir VIII - Moon 2 - Pend Insurance Vault
60011491,30004139,10000052,0.354133,Sechmaren VIII - Moon 10 - Pend Insurance Depository
60011494,30004139,10000052,0.354133,Sechmaren IX - Pend Insurance Depository
60011497,30001365,10000016,0.780999,Isikemi VII - Moon 3 - Pend Insurance Depository
60011500,30001366,10000016,0.694322,Uosusuokko VII - Moon 11 - Pend Insurance Depository
60011503,30001365,10000016,0.780999,Isikemi IV - Pend Insurance Depository
60011506,30003025,10000037,0.835556,Lirsautton IV - Moon 1 - Garoun Investment Bank Depository
60011509,30003028,10000037,0.506709,Aclan VI - Garoun Investment Bank Vault
60011512,30003590,10000044,0.811738,Arasare VI - Garoun Investment Bank Depository
60011515,30003592,10000044,0.790979,Lazer VIII - Moon 2 - Garoun Investment Bank Depository
60011518,30005319,10000068,0.550235,Raneilles VI - Moon 1 - Garoun Investment Bank Depository
60011521,30005316,10000068,0.892424,Luse VII - Moon 4 - Garoun Investment Bank Depository
60011524,30003801,10000048,0.182975,Aunsou IV - Moon 1 - Garoun Investment Bank Depository
60011527,30003804,10000048,0.094081,Pain V - Garoun Investment Bank Vault
60011530,30005311,10000068,0.637569,Amygnon VIII - Moon 5 - Garoun Investment Bank Vault
60011533,30005311,10000068,0.637569,Amygnon VI - Moon 1 - Garoun Investment Bank Vault
60011536,30003796,10000048,0.349445,Iges IV - Moon 2 - Garoun Investment Bank Depository
60011539,30003796,10000048,0.349445,Iges VI - Moon 6 - Garoun Investment Bank Depository
60011542,30002696,10000032,0.453173,Stegette IV - Moon 4 - Garoun Investment Bank Depository
60011545,30002696,10000032,0.453173,Stegette V - Moon 19 - Garoun Investment Bank Depository
60011548,30003058,10000037,0.7416,Olide V - Moon 3 - Garoun Investment Bank Depository
60011551,30003058,10000037,0.7416,Olide V - Moon 5 - Garoun Investment Bank Depository
60011554,30002733,10000032,0.826737,Pucherie VI - Moon 18 - Garoun Investment Bank Vault
60011557,30002733,10000032,0.826737,Pucherie VI - Moon 2 - Garoun Investment Bank Vault
60011560,30005329,10000068,0.404852,Amoderia VI - Moon 1 - Garoun Investment Bank Depository
60011563,30005333,10000068,0.518818,Stou V - Moon 3 - Garoun Investment Bank Depository
60011566,30002715,10000032,0.949,Bourynes VII - Moon 2 - University of Caille
60011569,30003040,10000037,0.515858,Bille X - Moon 1 - University of Caille
60011572,30003831,10000048,0.728989,Osmeden IX - Moon 6 - University of Caille
60011575,30005302,10000068,0.923913,Alenia IV - Moon 3 - Quafe Company School
60011578,30002693,10000032,0.449268,Egghelende V - Moon 13 - University of Caille
60011581,30005315,10000068,0.943509,Eletta VIII - Moon 19 - University of Caille
60011584,30002650,10000032,0.456755,Ney IV - University of Caille
60011587,30005322,10000068,0.822736,Scolluzer VII - Moon 1 - University of Caille
60011590,30005019,10000064,0.78874,Aporulie VI - Moon 9 - University of Caille
60011593,30002672,10000032,0.715756,Inghenges VI - Moon 7 - University of Caille
60011596,30004999,10000064,0.285,Ladistier VI - Moon 4 - President Bureau
60011599,30004998,10000064,0.370082,Parts IV - Moon 3 - President Bureau
60011602,30004993,10000064,0.9,Villore VII - Moon 6 - Senate Bureau
60011605,30005000,10000064,0.335687,Old Man Star VIII - Moon 2 - Senate Bureau
60011608,30004993,10000064,0.9,Villore VIII - Moon 2 - Supreme Court Law School
60011611,30004998,10000064,0.370082,Parts VI - Supreme Court Tribunal
60011614,30004972,10000064,0.925366,Algogille IX - Moon 3 - Federal Administration Information Center
60011617,30004967,10000064,0.949,Luminaire VII (Caldari Prime) - Federal Administration Information Center
60011620,30004968,10000064,0.947378,Mies V - Moon 17 - Federal Administration Information Center
60011623,30004967,10000064,0.949,Luminaire VII (Caldari Prime) - Moon 4 - Federal Administration Bureau Offices
60011626,30003010,10000037,0.728363,Halle VII - Federal Administration Bureau Offices
60011629,30003011,10000037,0.71804,Mormoen VI - Moon 2 - Federal Administration Archives
60011632,30003013,10000037,0.59925,Jurlesel VI - Moon 20 - Federal Administration Information Center
60011635,30003015,10000037,0.691167,Aice II - Moon 1 - Federal Administration Information Center
60011638,30003823,10000048,0.114963,Kenninck VIII - Federal Administration Archives
60011641,30003818,10000048,0.135812,Aulbres VI - Moon 6 - Federal Administration Information Center
60011644,30003819,10000048,0.068201,Barleguet VII - Federal Administration Information Center
60011647,30003823,10000048,0.114963,Kenninck IX - Moon 6 - Federal Administration Archives
60011650,30003052,10000037,0.708052,Tolle VI - Moon 19 - Federal Administration Information Center
60011653,30003054,10000037,0.641687,Scuelazyns III - Moon 1 - Federal Administration Information Center
60011656,30003050,10000037,0.550303,Odixie VII - Moon 1 - Federal Administration Bureau Offices
60011659,30003049,10000037,0.793173,Laic IX - Moon 2 - Federal Administration Archives
60011662,30004976,10000064,0.55492,Charmerout VII - Federal Administration Information Center
60011665,30004976,10000064,0.55492,Charmerout IX - Moon 1 - Federal Administration Information Center
60011668,30004976,10000064,0.55492,Charmerout VII - Moon 4 - Federal Administration Information Center
60011671,30004976,10000064,0.55492,Charmerout IV - Moon 1 - Federal Administration Information Center
60011674,30002701,10000032,0.626695,Atier II - Federal Administration Archives
60011677,30002699,10000032,0.672466,Brapelille X - Moon 5 - Federal Administration Information Center
60011680,30002699,10000032,0.672466,Brapelille IX - Moon 18 - Federal Administration Information Center
60011683,30002699,10000032,0.672466,Brapelille IV - Moon 2 - Federal Administration Bureau Offices
60011686,30003025,10000037,0.835556,Lirsautton IX - Moon 15 - Federal Administration Information Center
60011689,30003024,10000037,0.603446,Marosier IX - Moon 1 - Federal Administration Information Center
60011692,30003028,10000037,0.506709,Aclan X - Moon 7 - Federal Administration Archives
60011695,30003025,10000037,0.835556,Lirsautton IX - Moon 3 - Federal Administration Bureau Offices
60011698,30003799,10000048,0.205721,Uphallant VIII - Moon 2 - Federal Administration Archives
60011701,30003794,10000048,0.60528,Stacmon X - Moon 1 - Federal Administration Bureau Offices
60011704,30003798,10000048,0.487171,Slays VII - Moon 3 - Federal Administration Bureau Offices
60011707,30003797,10000048,0.252395,Dastryns VIII - Moon 17 - Federal Administration Bureau Offices
60011710,30002666,10000032,0.378678,Basgerin VII - Moon 7 - Federal Administration Archives
60011713,30002664,10000032,0.775966,Alles VII - Moon 16 - Federal Administration Bureau Offices
60011716,30002663,10000032,0.630377,Foves VII - Moon 13 - Federal Administration Bureau Offices
60011719,30002667,10000032,0.693713,Chelien IV - Moon 20 - Federal Administration Information Center
60011722,30003831,10000048,0.728989,Osmeden III - Federal Administration Information Center
60011725,30003832,10000048,0.548774,Adacyne IV - Moon 14 - Federal Administration Bureau Offices
60011728,30003832,10000048,0.548774,Adacyne III - Moon 14 - Federal Administration Information Center
60011731,30003830,10000048,0.746238,Orvolle VI - Moon 1 - Federal Administration Bureau Offices
60011734,30004972,10000064,0.925366,Algogille XIII - Federation Navy Testing Facilities
60011737,30004969,10000064,0.890615,Oursulaert VII - Moon 1 - Federation Navy Testing Facilities
60011740,30004969,10000064,0.890615,Oursulaert III - Federation Navy Testing Facilities
60011743,30004969,10000064,0.890615,Oursulaert IV - Federation Navy Testing Facilities
60011746,30004968,10000064,0.947378,Mies V - Moon 3 - Federation Navy Assembly Plant
60011749,30004967,10000064,0.949,Luminaire VII (Caldari Prime) - Moon 6 - Federation Navy Assembly Plant
60011752,30003580,10000044,0.620189,Niballe V - Moon 1 - Federation Navy Testing Facilities
60011755,30003584,10000044,0.43883,Sarline VII - Moon 18 - Federation Navy Assembly Plant
60011758,30003585,10000044,0.349169,Aeter VI - Moon 23 - Federation Navy Testing Facilities
60011761,30003584,10000044,0.43883,Sarline VIII - Moon 7 - Federation Navy Assembly Plant
60011764,30003584,10000044,0.43883,Sarline VII - Moon 16 - Federation Navy Assembly Plant
60011767,30003586,10000044,0.664606,Gererique VI - Moon 3 - Federation Navy Testing Facilities
60011770,30003818,10000048,0.135812,Aulbres VI - Moon 5 - Federation Navy Logistic Support
60011773,30003820,10000048,0.042595,Vestouve VIII - Moon 13 - Federation Navy Logistic Support
60011776,30003820,10000048,0.042595,Vestouve IX - Moon 14 - Federation Navy Logistic Support
60011779,30003819,10000048,0.068201,Barleguet VII - Moon 9 - Federation Navy Assembly Plant
60011782,30003818,10000048,0.135812,Aulbres V - Moon 5 - Federation Navy Assembly Plant
60011785,30003819,10000048,0.068201,Barleguet VII - Federation Navy Assembly Plant
60011788,30002692,10000032,0.607169,Jel VI - Federation Navy Logistic Support
60011791,30002695,10000032,0.581145,Ation IX - Moon 4 - Federation Navy Logistic Support
60011794,30002693,10000032,0.449268,Egghelende VII - Moon 20 - Federation Navy Assembly Plant
60011797,30002692,10000032,0.607169,Jel VIII - Moon 20 - Federation Navy Assembly Plant
60011800,30002692,10000032,0.607169,Jel V - Federation Navy Logistic Support
60011803,30002697,10000032,0.372319,Ravarin IV - Moon 2 - Federation Navy Testing Facilities
60011806,30003607,10000044,0.213756,Straloin VI - Moon 11 - Federation Navy Assembly Plant
60011809,30003604,10000044,0.622236,Pochelympe IX - Federation Navy Assembly Plant
60011812,30003602,10000044,0.366468,Ratillose V - Moon 19 - Federation Navy Logistic Support
60011815,30003606,10000044,0.411824,Toustain VI - Moon 16 - Federation Navy Assembly Plant
60011818,30003602,10000044,0.366468,Ratillose V - Moon 8 - Federation Navy Logistic Support
60011821,30003607,10000044,0.213756,Straloin VI - Moon 17 - Federation Navy Logistic Support
60011824,30003830,10000048,0.746238,Orvolle I - Federation Navy Assembly Plant
60011827,30003834,10000048,0.372552,Chardalane III - Federation Navy Testing Facilities
60011830,30003831,10000048,0.728989,Osmeden XII - Moon 1 - Federation Navy Assembly Plant
60011833,30003831,10000048,0.728989,Osmeden VII - Moon 18 - Federation Navy Assembly Plant
60011836,30003833,10000048,0.338416,Oulley IV - Federation Navy Assembly Plant
60011839,30003833,10000048,0.338416,Oulley IV - Moon 1 - Federation Navy Assembly Plant
60011842,30002735,10000032,0.823123,Caretyn VII - Moon 13 - Federation Navy Assembly Plant
60011845,30002735,10000032,0.823123,Caretyn VII - Moon 18 - Federation Navy Assembly Plant
60011848,30002731,10000032,0.90355,Vittenyn VI - Moon 13 - Federation Navy Assembly Plant
60011851,30002734,10000032,0.809249,Fricoure VIII - Moon 2 - Federation Navy Assembly Plant
60011854,30002732,10000032,0.779691,Mirilene IV - Moon 1 - Federation Navy Logistic Support
60011857,30002733,10000032,0.826737,Pucherie VI - Moon 11 - Federation Navy Testing Facilities
60011860,30002660,10000032,0.824164,Eglennaert I - Moon 16 - Federation Navy Logistic Support
60011863,30002660,10000032,0.824164,Eglennaert I - Moon 1 - Federation Navy Assembly Plant
60011866,30002659,10000032,0.868407,Dodixie IX - Moon 20 - Federation Navy Assembly Plant
60011869,30002660,10000032,0.824164,Eglennaert I - Moon 4 - Federation Navy Assembly Plant
60011872,30002657,10000032,0.84141,Aunia I - Moon 11 - Federation Navy Assembly Plant
60011875,30002655,10000032,0.796289,Vylade VII - Moon 6 - Federation Navy Logistic Support
60011878,30003796,10000048,0.349445,Iges VI - Moon 12 - Federation Navy Assembly Plant
60011881,30003799,10000048,0.205721,Uphallant VII - Federation Navy Testing Facilities
60011884,30003799,10000048,0.205721,Uphallant III - Federation Navy Testing Facilities
60011887,30003799,10000048,0.205721,Uphallant V - Moon 14 - Federation Navy Assembly Plant
60011890,30003796,10000048,0.349445,Iges I - Federation Navy Assembly Plant
60011893,30003794,10000048,0.60528,Stacmon V - Moon 9 - Federation Navy Assembly Plant
60011896,30005328,10000068,0.398014,Reblier VII - Moon 10 - Federation Navy Assembly Plant
60011899,30005322,10000068,0.822736,Scolluzer VII - Moon 2 - Federation Navy Logistic Support
60011902,30005328,10000068,0.398014,Reblier VI - Federation Navy Logistic Support
60011905,30005325,10000068,0.783203,Masalle VI - Moon 9 - Federation Navy Logistic Support
60011908,30005323,10000068,0.775814,Sortet V - Moon 1 - Federation Navy Assembly Plant
60011911,30005328,10000068,0.398014,Reblier VII - Moon 4 - Federation Navy Assembly Plant
60011914,30004970,10000064,0.898199,Renyn IX - Moon 4 - Federal Intelligence Office Logistic Support
60011917,30004969,10000064,0.890615,Oursulaert VII - Moon 2 - Federal Intelligence Office Testing Facilities
60011920,30004969,10000064,0.890615,Oursulaert VII - Moon 4 - Federal Intelligence Office Testing Facilities
60011923,30002636,10000032,0.848063,Grinacanne I - Federal Intelligence Office Assembly Plant
60011926,30002635,10000032,0.383779,Decon VI - Moon 10 - Federal Intelligence Office Assembly Plant
60011929,30002641,10000032,0.52312,Aufay V - Moon 1 - Federal Intelligence Office Testing Facilities
60011932,30004994,10000064,0.604753,Arant IV - Moon 1 - Federal Intelligence Office Assembly Plant
60011935,30004993,10000064,0.9,Villore VIII - Moon 7 - Federal Intelligence Office Logistic Support
60011938,30004998,10000064,0.370082,Parts V - Moon 1 - Federal Intelligence Office Assembly Plant
60011941,30005012,10000064,0.436471,Haine III - Moon 2 - Federal Intelligence Office Logistic Support
60011944,30005012,10000064,0.436471,Haine VI - Moon 6 - Federal Intelligence Office Assembly Plant
60011947,30005014,10000064,0.254427,Isenan X - Moon 7 - Federal Intelligence Office Testing Facilities
60011950,30003574,10000044,0.523019,Boystin V - Moon 6 - Federal Intelligence Office Assembly Plant
60011953,30003573,10000044,0.442911,Pertnineere VI - Federal Intelligence Office Logistic Support
60011956,30003576,10000044,0.686652,Maire VI - Moon 23 - Federal Intelligence Office Assembly Plant
60011959,30005027,10000064,0.726706,Ommare VI - Federal Intelligence Office Assembly Plant
60011962,30005027,10000064,0.726706,Ommare VII - Moon 5 - Federal Intelligence Office Assembly Plant
60011965,30005026,10000064,0.677354,Cat VI - Moon 7 - Federal Intelligence Office Logistic Support
60011968,30005005,10000070,-1.0,Ignebaener VI - Moon 1 - Perun Clade Extractive Terminus
60011971,30005008,10000064,0.15653,Aeschee VI - Moon 4 - Federal Intelligence Office Logistic Support
60011974,30005005,10000070,-1.0,Ignebaener IV - Perun Clade Semiosis Theater
60011977,30002660,10000032,0.824164,Eglennaert I - Moon 14 - Federal Intelligence Office Assembly Plant
60011980,30002660,10000032,0.824164,Eglennaert I - Moon 4 - Federal Intelligence Office Logistic Support
60011983,30002656,10000032,0.892461,Auvergne V - Moon 5 - Federal Intelligence Office Assembly Plant
60011986,30003590,10000044,0.811738,Arasare V - Moon 7 - Federal Intelligence Office Assembly Plant
60011989,30003589,10000044,0.788654,Vecodie II - Federal Intelligence Office Testing Facilities
60011992,30003588,10000044,0.757058,Yvaeroure X - Moon 14 - Federal Intelligence Office Assembly Plant
60011995,30003014,10000037,0.9,Bereye VI - Federal Intelligence Office Assembly Plant
60011998,30003010,10000037,0.728363,Halle VII - Moon 6 - Federal Intelligence Office Assembly Plant
60012001,30003016,10000037,0.524183,Junsoraert VI - Moon 1 - Federal Intelligence Office Assembly Plant
60012004,30004967,10000064,0.949,Luminaire VII (Caldari Prime) - Moon 1 - Federation Customs Testing Facilities
60012007,30004967,10000064,0.949,Luminaire VII (Caldari Prime) - Moon 5 - Federation Customs Assembly Plant
60012010,30004970,10000064,0.898199,Renyn IX - Federation Customs Assembly Plant
60012013,30004969,10000064,0.890615,Oursulaert IX - Federation Customs Testing Facilities
60012016,30003801,10000048,0.182975,Aunsou II - Moon 1 - Federation Customs Assembly Plant
60012019,30003801,10000048,0.182975,Aunsou III - Moon 4 - Federation Customs Assembly Plant
60012022,30003803,10000048,0.15681,Reynire VIII - Moon 2 - Federation Customs Logistic Support
60012025,30003801,10000048,0.182975,Aunsou III - Moon 1 - Federation Customs Assembly Plant
60012028,30002647,10000032,0.438755,Ignoitton V - Moon 13 - Federation Customs Logistic Support
60012031,30002646,10000032,0.501519,Direrie I - Federation Customs Logistic Support
60012034,30002645,10000032,0.440589,Carrou III - Moon 7 - Federation Customs Logistic Support
60012037,30002646,10000032,0.501519,Direrie V - Moon 19 - Federation Customs Logistic Support
60012040,30002665,10000032,0.546916,Misneden IV - Moon 2 - Federation Customs Testing Facilities
60012043,30002663,10000032,0.630377,Foves VII - Moon 10 - Federation Customs Assembly Plant
60012046,30002663,10000032,0.630377,Foves VII - Moon 4 - Federation Customs Assembly Plant
60012049,30002666,10000032,0.378678,Basgerin V - Moon 1 - Federation Customs Testing Facilities
60012052,30003023,10000037,0.354437,Gerper VI - Moon 7 - Federation Customs Testing Facilities
60012055,30003020,10000037,0.530309,Torvi VII - Moon 1 - Federation Customs Logistic Support
60012058,30003022,10000037,0.371081,Mya IV - Moon 2 - Federation Customs Testing Facilities
60012061,30003018,10000037,0.65707,Azer VI - Moon 3 - Federation Customs Assembly Plant
60012064,30005298,10000068,0.20681,Costolle III - Moon 1 - Federation Customs Logistic Support
60012067,30005295,10000068,0.286453,Murethand VIII - Moon 2 - Federation Customs Assembly Plant
60012070,30005296,10000068,0.255253,Melmaniel VIII - Moon 11 - Federation Customs Assembly Plant
60012073,30005296,10000068,0.255253,Melmaniel VI - Moon 5 - Federation Customs Assembly Plant
60012076,30003578,10000044,0.696679,Octanneve V - Moon 1 - Federation Customs Assembly Plant
60012079,30003578,10000044,0.696679,Octanneve III - Moon 1 - Federation Customs Logistic Support
60012082,30003578,10000044,0.696679,Octanneve III - Federation Customs Assembly Plant
60012085,30003578,10000044,0.696679,Octanneve IV - Federation Customs Assembly Plant
60012088,30003808,10000048,0.183318,Grispire I - Federation Customs Logistic Support
60012091,30003806,10000048,0.214825,Pelille III - Moon 5 - Federation Customs Assembly Plant
60012094,30003810,10000048,0.543845,Vivanier VI - Moon 8 - Federation Customs Assembly Plant
60012097,30003810,10000048,0.543845,Vivanier II - Federation Customs Assembly Plant
60012100,30005317,10000068,0.793052,Ekuenbiron VII - Moon 12 - Federation Customs Logistic Support
60012103,30005316,10000068,0.892424,Luse VI - Moon 1 - Federation Customs Assembly Plant
60012106,30005317,10000068,0.793052,Ekuenbiron VI - Federation Customs Logistic Support
60012109,30005315,10000068,0.943509,Eletta IX - Federation Customs Assembly Plant
60012112,30002720,10000032,0.226993,Thelan VI - Moon 8 - Federation Customs Testing Facilities
60012115,30002722,10000032,0.341173,Lamadent I - Federation Customs Logistic Support
60012118,30002721,10000032,0.125204,Rorsins IV - Moon 1 - Federation Customs Testing Facilities
60012121,30002721,10000032,0.125204,Rorsins II - Moon 1 - Federation Customs Testing Facilities
60012124,30000005,10000001,0.814337,Sasta VI - Moon 3 - Ammatar Fleet Assembly Plant
60012127,30000007,10000001,0.906556,Yuzier V - Moon 1 - Ammatar Fleet Assembly Plant
60012130,30000111,10000001,0.422981,Hothomouh VII - Moon 2 - Ammatar Fleet Assembly Plant
60012133,30000107,10000001,0.473906,Gamis X - Ammatar Fleet Logistic Support
60012136,30000102,10000001,0.236195,Dysa II - Ammatar Fleet Assembly Plant
60012139,30000103,10000001,0.525836,Serad IV - Moon 12 - Ammatar Fleet Logistic Support
60012142,30000087,10000001,0.701676,Gelhan IX - Moon 6 - Ammatar Fleet Assembly Plant
60012145,30000082,10000001,0.765431,Jarizza II - Moon 1 - Ammatar Fleet Assembly Plant
60012148,30000059,10000001,0.665586,Salashayama VII - Moon 8 - Ammatar Fleet Logistic Support
60012151,30000069,10000001,0.542033,Thiarer VII - Moon 4 - Ammatar Fleet Assembly Plant
60012154,30000033,10000001,0.75392,Radima VIII - Moon 1 - Ammatar Fleet Testing Facilities
60012157,30000034,10000001,0.782123,Alkez VII - Moon 3 - Ammatar Fleet Testing Facilities
60012160,30000049,10000001,0.212977,Camal IX - Ammatar Fleet Testing Facilities
60012163,30000044,10000001,0.128258,Faspera I - Ammatar Fleet Testing Facilities
60012166,30000075,10000001,0.297802,Assah VII - Moon 7 - Ammatar Fleet Assembly Plant
60012169,30000072,10000001,0.363864,Nakah IV - Moon 1 - Ammatar Fleet Logistic Support
60012172,30000040,10000001,0.390646,Uzistoon VII - Moon 15 - Ammatar Fleet Assembly Plant
60012175,30000040,10000001,0.390646,Uzistoon VI - Moon 3 - Ammatar Fleet Assembly Plant
60012178,30000092,10000001,0.242789,Aranir VIII - Moon 8 - Ammatar Fleet Logistic Support
60012181,30000093,10000001,0.366036,Ishkad VIII - Ammatar Fleet Testing Facilities
60012184,30001006,10000012,-0.037292,K-MGJ7 IV - Moon 11 - Archangels Testing Facilities
60012187,30001001,10000012,-0.124763,H-ADOC IV - Moon 12 - Archangels Logistic Support
60012190,30001006,10000012,-0.037292,K-MGJ7 IV - Moon 4 - Archangels Testing Facilities
60012193,30001012,10000012,-0.088037,PO4F-3 VI - Moon 4 - Archangels Assembly Plant
60012196,30001010,10000012,-0.059471,D87E-A VII - Moon 16 - Archangels Assembly Plant
60012199,30001015,10000012,-0.038972,V7D-JD IX - Moon 17 - Archangels Assembly Plant
60012202,30001016,10000012,-0.022751,HLW-HP VI - Moon 1 - Archangels Assembly Plant
60012205,30001016,10000012,-0.022751,HLW-HP III - Moon 3 - Archangels Assembly Plant
60012208,30001018,10000012,-0.032974,RA-NXN I - Archangels Assembly Plant
60012211,30001025,10000012,-0.018164,CL-85V IX - Moon 2 - Archangels Assembly Plant
60012214,30001026,10000012,-0.019424,K-QWHE V - Moon 4 - Archangels Assembly Plant
60012217,30001022,10000012,-0.019144,AAM-1A II - Moon 11 - Archangels Testing Facilities
60012220,30001029,10000012,-0.113747,ES-UWY VI - Archangels Logistic Support
60012223,30001031,10000012,-0.100096,Y-DW5K IV - Moon 5 - Archangels Logistic Support
60012226,30001030,10000012,-0.087508,S1DP-Y IX - Moon 17 - Archangels Testing Facilities
60012229,30001042,10000012,-0.061845,CL-1JE III - Archangels Assembly Plant
60012232,30001037,10000012,-0.03707,BPK-XK V - Moon 20 - Archangels Logistic Support
60012235,30001041,10000012,-0.017343,G-0Q86 V - Moon 5 - Archangels Logistic Support
60012238,30001047,10000012,-0.014319,Doril I - Archangels Assembly Plant
60012241,30001044,10000012,-0.014633,Hemin VII - Moon 12 - Archangels Logistic Support
60012244,30001046,10000012,-0.007396,Jorund VI - Archangels Assembly Plant
60012247,30004623,10000058,-0.124803,Serpentis Prime II - Archangels Testing Facilities
60012250,30004618,10000058,-0.276726,MN5N-X VII - Moon 5 - Archangels Assembly Plant
60012253,30004618,10000058,-0.276726,MN5N-X VIII - Moon 15 - Archangels Assembly Plant
60012256,30005204,10000067,0.949,Yulai IX (Kjarval) - CONCORD Bureau
60012259,30005200,10000067,0.594752,Tekaima I - Moon 1 - CONCORD Bureau
60012262,30005206,10000067,0.76699,Kemerk V - Moon 10 - CONCORD Bureau
60012265,30005198,10000067,0.845483,Pakhshi IX - Moon 20 - CONCORD Bureau
60012268,30005200,10000067,0.594752,Tekaima V - Moon 9 - CONCORD Assembly Plant
60012271,30005204,10000067,0.949,Yulai VIII - Moon 10 - CONCORD Logistic Support
60012274,30003432,10000042,0.58107,Lumegen IV - Moon 2 - CONCORD Academy
60012277,30003429,10000042,0.709046,Geffur VII - Moon 8 - CONCORD Bureau
60012280,30003431,10000042,0.631807,Tratokard II - Moon 1 - CONCORD Bureau
60012283,30003432,10000042,0.58107,Lumegen III - CONCORD Academy
60012286,30003428,10000042,0.78964,Hilfhurmur VIII - Moon 6 - CONCORD Logistic Support
60012289,30003430,10000042,0.671349,Oppold III - CONCORD Assembly Plant
60012292,30000012,10000001,0.322884,Asabona IX - Moon 5 - CONCORD Bureau
60012295,30000009,10000001,0.577819,Sooma X - CONCORD Academy
60012298,30000014,10000001,0.355242,Shamahi IX - Moon 12 - CONCORD Bureau
60012301,30000015,10000001,0.293933,Sendaya V - CONCORD Bureau
60012304,30000010,10000001,0.539052,Chidah V - CONCORD Assembly Plant
60012307,30000010,10000001,0.539052,Chidah VIII - Moon 17 - CONCORD Assembly Plant
60012310,30000202,10000002,0.456966,Mastakomon V - CONCORD Bureau
60012313,30000201,10000002,0.474179,Uchoshi I - CONCORD Bureau
60012316,30000202,10000002,0.456966,Mastakomon IX - CONCORD Bureau
60012319,30000202,10000002,0.456966,Mastakomon VIII - Moon 1 - CONCORD Bureau
60012322,30000201,10000002,0.474179,Uchoshi IX - Moon 2 - CONCORD Assembly Plant
60012325,30000202,10000002,0.456966,Mastakomon IX - Moon 2 - CONCORD Assembly Plant
60012328,30001380,10000016,0.581139,Vellaine V - Moon 2 - CONCORD Bureau
60012331,30001384,10000016,0.468632,Autaris VIII - Moon 5 - CONCORD Bureau
60012334,30001385,10000016,0.416954,Jan VI - Moon 21 - CONCORD Academy
60012337,30001381,10000070,-1.0,Arvasaras IV - Moon 15 - Veles Clade Semiosis Theater
60012340,30001384,10000016,0.468632,Autaris IV - CONCORD Assembly Plant
60012343,30001384,10000016,0.468632,Autaris I - CONCORD Assembly Plant
60012346,30003375,10000042,0.890508,Brundakur IV - Moon 1 - CONCORD Bureau
60012349,30003376,10000042,0.922674,Stirht VII - Moon 14 - CONCORD Bureau
60012352,30003378,10000042,0.768314,Nedegulf VII - Moon 4 - CONCORD Academy
60012355,30003374,10000042,0.949,Arlulf III - Moon 10 - CONCORD Bureau
60012358,30003374,10000042,0.949,Arlulf VI - Moon 1 - CONCORD Assembly Plant
60012361,30003374,10000042,0.949,Arlulf III - Moon 11 - CONCORD Assembly Plant
60012364,30003059,10000037,0.353048,Adeel VIII - Moon 1 - CONCORD Treasury
60012367,30003058,10000037,0.7416,Olide VI - Moon 10 - CONCORD Bureau
60012370,30003058,10000037,0.7416,Olide VI - Moon 14 - CONCORD Bureau
60012373,30003057,10000037,0.268258,Groothese X - Moon 13 - CONCORD Bureau
60012376,30003061,10000037,0.232084,Mormelot I - CONCORD Testing Facilities
60012379,30003058,10000037,0.7416,Olide IV - Moon 7 - CONCORD Assembly Plant
60012382,30004248,10000054,0.498555,Haimeh IX - Moon 16 - CONCORD Bureau
60012385,30004251,10000054,0.714664,Mishi VII - Moon 4 - CONCORD Bureau
60012388,30004253,10000054,0.751878,Pahineh V - Moon 1 - CONCORD Bureau
60012391,30004250,10000054,0.478673,Chibi VI - Moon 15 - CONCORD Treasury
60012394,30004249,10000054,0.68935,Avada V - CONCORD Assembly Plant
60012397,30004251,10000054,0.714664,Mishi VIII - CONCORD Assembly Plant
60012400,30003861,10000049,0.899686,Ipref IV - Moon 5 - CONCORD Bureau
60012403,30003859,10000049,0.809547,Neyi VII - Moon 7 - CONCORD Academy
60012406,30003860,10000049,0.913252,Kihtaled VIII - CONCORD Bureau
60012409,30003860,10000049,0.913252,Kihtaled VIII - Moon 17 - CONCORD Bureau
60012412,30003862,10000049,0.853896,Agil VI - Moon 2 - CONCORD Logistic Support
60012415,30003861,10000049,0.899686,Ipref II - Moon 1 - CONCORD Assembly Plant
60012418,30002414,10000028,0.302147,Klingt III - CONCORD Bureau
60012421,30002419,10000028,0.214491,Aeditide V - CONCORD Bureau
60012424,30002420,10000028,0.034555,Egbinger XII - CONCORD Academy
60012427,30002420,10000028,0.034555,Egbinger V - CONCORD Treasury
60012430,30002414,10000028,0.302147,Klingt VIII - CONCORD Logistic Support
60012433,30002414,10000028,0.302147,Klingt IX - CONCORD Assembly Plant
60012436,30003819,10000048,0.068201,Barleguet IV - Moon 2 - CONCORD Bureau
60012439,30003818,10000048,0.135812,Aulbres X - Moon 2 - CONCORD Bureau
60012442,30003818,10000048,0.135812,Aulbres VII - CONCORD Bureau
60012445,30003818,10000048,0.135812,Aulbres X - CONCORD Bureau
60012448,30003818,10000048,0.135812,Aulbres VII - Moon 16 - CONCORD Assembly Plant
60012451,30003818,10000048,0.135812,Aulbres V - Moon 4 - CONCORD Logistic Support
60012454,30002404,10000028,0.241078,Half VII - Moon 1 - CONCORD Bureau
60012457,30002402,10000028,0.29488,Istodard IX - Moon 5 - CONCORD Bureau
60012460,30002402,10000028,0.29488,Istodard IX - Moon 16 - CONCORD Bureau
60012463,30002406,10000028,0.303156,Hedaleolfarber VII - Moon 17 - CONCORD Treasury
60012466,30002407,10000028,0.349869,Altbrard IX - Moon 8 - CONCORD Testing Facilities
60012469,30002404,10000028,0.241078,Half VII - Moon 4 - CONCORD Assembly Plant
60012472,30005079,10000065,0.408385,Zatamaka XI - CONCORD Bureau
60012475,30005080,10000065,0.398826,Rannoze V - Moon 8 - CONCORD Bureau
60012478,30005079,10000065,0.408385,Zatamaka VII - Moon 2 - CONCORD Bureau
60012481,30005079,10000065,0.408385,Zatamaka X - Moon 2 - CONCORD Bureau
60012484,30005078,10000065,0.453541,Keproh VIII - Moon 3 - CONCORD Assembly Plant
60012487,30005080,10000065,0.398826,Rannoze VII - Moon 2 - CONCORD Assembly Plant
60012490,30002725,10000032,0.342349,Goinard IV - Moon 2 - CONCORD Bureau
60012493,30002730,10000032,0.105689,Esmes IV - Moon 2 - CONCORD Treasury
60012496,30002728,10000032,0.270577,Lermireve VIII - Moon 15 - CONCORD Treasury
60012499,30002725,10000032,0.342349,Goinard III - Moon 2 - CONCORD Bureau
60012502,30002724,10000032,0.642555,Assiettes IV - Moon 1 - CONCORD Logistic Support
60012505,30002726,10000032,0.366403,Raeghoscon VIII - CONCORD Logistic Support
60012508,30002764,10000033,0.941061,Hatakani VI - Moon 10 - CONCORD Bureau
60012511,30002762,10000033,0.949,Yashunen VII - CONCORD Bureau
60012514,30002762,10000033,0.949,Yashunen VII - Moon 2 - CONCORD Bureau
60012517,30002764,10000033,0.941061,Hatakani VI - CONCORD Bureau
60012520,30002766,10000033,0.737108,Iivinen VIII - Moon 10 - CONCORD Assembly Plant
60012523,30002763,10000033,0.91903,Tennen VIII - Moon 4 - CONCORD Assembly Plant
60012526,30000001,10000001,0.858324,Tanoo V - Moon 1 - Ammatar Consulate Bureau
60012529,30000056,10000001,0.613596,Khankenirdia V - Moon 17 - Ammatar Consulate Academy
60012532,30000082,10000001,0.765431,Jarizza VI - Moon 1 - Ammatar Consulate Bureau
60012535,30000039,10000001,0.400722,Bayuka VI - Moon 1 - Ammatar Consulate Bureau
60012538,30000098,10000001,0.364844,Kehrara VI - Moon 9 - Ammatar Consulate Bureau
60012541,30000023,10000001,0.869394,Fovihi V - Ammatar Consulate Bureau
60012544,30000032,10000001,0.798188,Hasiari VIII - Moon 4 - Ammatar Consulate Bureau
60012547,30000010,10000001,0.539052,Chidah VII - Moon 10 - Ammatar Consulate Bureau
60012550,30000109,10000001,0.489557,Berta VI - Moon 19 - Ammatar Consulate Bureau
60012553,30000076,10000001,0.820099,Tidacha VIII - Moon 13 - Ammatar Consulate Bureau
60012556,30001290,10000015,-0.179321,6NJ8-V VII - Moon 2 - Guristas Logistic Support
60012559,30001291,10000015,-0.190475,Y-4CFK V - Moon 17 - Guristas Testing Facilities
60012562,30001277,10000015,-0.245205,N5Y-4N VII - Moon 20 - Guristas Logistic Support
60012565,30001274,10000015,-0.13866,K3JR-J VIII - Guristas Assembly Plant
60012568,30001269,10000015,-0.241054,H-PA29 V - Moon 1 - Guristas Assembly Plant
60012571,30001269,10000015,-0.241054,H-PA29 IV - Moon 2 - Guristas Assembly Plant
60012574,30001329,10000015,-0.125219,P-VYVL VII - Moon 1 - Guristas Assembly Plant
60012577,30001324,10000015,-0.134402,PF-QHK VII - Moon 6 - Guristas Logistic Support
60012580,30002005,10000023,-0.229454,5ZXX-K V - Moon 17 - Mordu's Legion Testing Facilities
60012583,30004504,10000057,-0.005732,4C-B7X VIII - Moon 1 - Outer Ring Excavations Mining Outpost
60012586,30004504,10000057,-0.005732,4C-B7X VI - Moon 1 - Outer Ring Excavations Refinery
60012589,30004518,10000057,-0.400044,NM-OEA V - Moon 4 - Outer Ring Excavations Mining Outpost
60012592,30004518,10000057,-0.400044,NM-OEA VI - Moon 23 - Outer Ring Excavations Mining Outpost
60012595,30001978,10000023,-0.141435,X-7OMU IV - Moon 3 - Sisters of EVE Academy
60012598,30001977,10000023,-0.243942,J-CIJV VII - Moon 14 - Sisters of EVE Bureau
60012601,30001983,10000023,-0.239697,ROIR-Y II - Sisters of EVE Bureau
60012604,30005007,10000064,0.373263,Lisbaetanne IV - Moon 15 - Sisters of EVE Bureau
60012607,30005001,10000064,0.8,Arnon IX - Moon 3 - Sisters of EVE Bureau
60012610,30005008,10000064,0.15653,Aeschee X - Moon 20 - Sisters of EVE Academy
60012613,30005216,10000067,0.488194,Apanake VIII - Moon 8 - Sisters of EVE Bureau
60012616,30005217,10000067,0.599966,Sheroo X - Moon 3 - Sisters of EVE Bureau
60012619,30005219,10000067,0.542145,Sigga VIII - Moon 15 - Sisters of EVE Bureau
60012622,30002069,10000042,0.629521,Traun X - Moon 6 - Sisters of EVE Bureau
60012625,30002074,10000042,0.461206,Lanngisi III - Moon 2 - Sisters of EVE Bureau
60012628,30002072,10000042,0.510338,Inder VII - Moon 11 - Sisters of EVE Bureau
60012631,30003470,10000042,0.3078,Odebeinn III - Moon 10 - Sisters of EVE Academy
60012634,30003472,10000042,0.603009,Erindur VI - Moon 1 - Sisters of EVE Academy
60012637,30003472,10000042,0.603009,Erindur VII - Moon 2 - Sisters of EVE Academy
60012640,30005272,10000067,0.311446,Olin II - Moon 13 - Sisters of EVE Bureau
60012643,30005271,10000067,0.349652,Shapisin I - Sisters of EVE Bureau
60012646,30005269,10000067,0.513945,Simela IV - Moon 7 - Sisters of EVE Academy
60012649,30003031,10000037,0.949,Athinard IV - Sisters of EVE Bureau
60012652,30003035,10000037,0.858426,Gicodel VII - Moon 14 - Sisters of EVE Bureau
60012655,30003037,10000037,0.733882,Quier IV - Moon 27 - Sisters of EVE Treasury
60012658,30003604,10000044,0.622236,Pochelympe VII - Moon 2 - Sisters of EVE Bureau
60012661,30003604,10000044,0.622236,Pochelympe IX - Sisters of EVE Bureau
60012664,30003606,10000044,0.411824,Toustain V - Moon 7 - Sisters of EVE Bureau
60012667,30000180,10000002,0.680264,Osmon II - Moon 1 - Sisters of EVE Bureau
60012670,30000185,10000002,0.503992,Airaken V - Moon 1 - Sisters of EVE Academy
60012673,30000185,10000002,0.503992,Airaken VI - Moon 1 - Sisters of EVE Bureau
60012676,30003810,10000048,0.543845,Vivanier VII - Moon 24 - Sisters of EVE Bureau
60012679,30003810,10000048,0.543845,Vivanier VII - Moon 5 - Sisters of EVE Bureau
60012682,30003807,10000048,0.384864,Dour VIII - Moon 1 - Sisters of EVE Academy
60012685,30003575,10000044,0.637346,Lour VIII - Moon 1 - Sisters of EVE Bureau
60012688,30003574,10000044,0.523019,Boystin V - Moon 7 - Sisters of EVE Bureau
60012691,30003578,10000044,0.696679,Octanneve V - Sisters of EVE Bureau
60012694,30004297,10000054,0.092313,Efu VII - Sisters of EVE Bureau
60012697,30004298,10000054,0.089876,Tisot VI - Sisters of EVE Bureau
60012700,30004297,10000054,0.092313,Efu V - Moon 12 - Sisters of EVE Bureau
60012703,30003475,10000043,0.309692,Naguton VIII - Moon 1 - Sisters of EVE Academy
60012706,30003480,10000043,0.295886,Amod VII - Moon 1 - Sisters of EVE Academy
60012709,30003473,10000043,0.518156,Fahruni XII - Sisters of EVE Bureau
60012712,30000178,10000002,0.689046,Akkilen VIII - Moon 5 - Sisters of EVE Bureau
60012715,30000175,10000002,0.634221,Soshin II - Sisters of EVE Bureau
60012718,30000173,10000002,0.708073,Vattuolen X - Moon 15 - Sisters of EVE Bureau
60012721,30002510,10000030,0.894582,Rens VII - Moon 20 - Sisters of EVE Bureau
60012724,30002510,10000030,0.894582,Rens VII - Moon 21 - Sisters of EVE Bureau
60012727,30002510,10000030,0.894582,Rens VII - Moon 19 - Sisters of EVE Bureau
60012730,30002423,10000029,-0.231162,FDZ4-A VIII - Moon 3 - Society of Conscious Thought School
60012733,30002423,10000029,-0.231162,FDZ4-A IX - Moon 6 - Society of Conscious Thought School
60012736,30005204,10000067,0.949,Yulai III - Moon 1 - Secure Commerce Commission Depository
60012739,30005199,10000067,0.756677,Tar III - Secure Commerce Commission Depository
60012742,30001001,10000012,-0.124763,H-ADOC VII - Moon 12 - Salvation Angels Warehouse
60012745,30001002,10000012,-0.162519,G-G78S VII - Salvation Angels Chemical Refinery
60012748,30001008,10000012,-0.142841,V-IUEL VII - Moon 15 - Salvation Angels Warehouse
60012751,30001014,10000012,-0.069202,5E-VR8 I - Moon 10 - Salvation Angels Chemical Refinery
60012754,30001021,10000012,-0.0631,XX9-WV VII - Moon 3 - Salvation Angels Trading Post
60012757,30001016,10000012,-0.022751,HLW-HP VI - Moon 10 - Salvation Angels Chemical Refinery
60012760,30001027,10000012,-0.005198,MDD-79 VIII - Moon 15 - Salvation Angels Warehouse
60012763,30001026,10000012,-0.019424,K-QWHE VI - Moon 10 - Salvation Angels Chemical Refinery
60012766,30001032,10000012,-0.079987,M-N7WD VIII - Moon 18 - Salvation Angels Trading Post
60012769,30001033,10000012,-0.130312,QFEW-K IV - Salvation Angels Chemical Refinery
60012772,30001038,10000012,-0.012514,LJ-YSW VI - Moon 14 - Salvation Angels Trading Post
60012775,30001042,10000012,-0.061845,CL-1JE V - Moon 15 - Salvation Angels Chemical Refinery
60012778,30001048,10000012,-0.041773,Litom III - Salvation Angels Trading Post
60012781,30001047,10000012,-0.014319,Doril V - Moon 1 - Salvation Angels Chemical Refinery
60012784,30004619,10000058,-0.084509,A-1CON X - Moon 2 - Salvation Angels Warehouse
60012787,30004621,10000058,-0.154704,WY-9LL IX - Moon 1 - Salvation Angels Reprocessing Facility
60012790,30003088,10000038,0.258891,Oyonata IV - Moon 1 - Amarr Navy Assembly Plant
60012793,30003086,10000038,0.279867,Sahtogas IV - Moon 2 - Amarr Navy Logistic Support
60012796,30001002,10000012,-0.162519,G-G78S X - Moon 11 - Serpentis Corporation Chemical Refinery
60012799,30001005,10000012,-0.159361,OSY-UD IX - Moon 16 - Serpentis Corporation Chemical Storage
60012802,30001002,10000012,-0.162519,G-G78S XI - Moon 7 - Serpentis Corporation Chemical Refinery
60012805,30001012,10000012,-0.088037,PO4F-3 VI - Moon 18 - Serpentis Corporation Chemical Refinery
60012808,30001012,10000012,-0.088037,PO4F-3 VI - Moon 7 - Serpentis Corporation Chemical Refinery
60012811,30001012,10000012,-0.088037,PO4F-3 V - Moon 10 - Serpentis Corporation Chemical Refinery
60012814,30001016,10000012,-0.022751,HLW-HP VI - Moon 14 - Serpentis Corporation Chemical Refinery
60012817,30001016,10000012,-0.022751,HLW-HP III - Moon 5 - Serpentis Corporation Chemical Refinery
60012820,30001016,10000012,-0.022751,HLW-HP IV - Moon 1 - Serpentis Corporation Chemical Refinery
60012823,30001026,10000012,-0.019424,K-QWHE VII - Moon 11 - Serpentis Corporation Chemical Refinery
60012826,30001026,10000012,-0.019424,K-QWHE VI - Moon 15 - Serpentis Corporation Chemical Refinery
60012829,30001025,10000012,-0.018164,CL-85V V - Serpentis Corporation Chemical Storage
60012832,30001033,10000012,-0.130312,QFEW-K V - Moon 1 - Serpentis Corporation Chemical Refinery
60012835,30001030,10000012,-0.087508,S1DP-Y VIII - Moon 15 - Serpentis Corporation Reprocessing Facility
60012838,30001034,10000012,-0.202599,CVY-UC IX - Moon 17 - Serpentis Corporation Reprocessing Facility
60012841,30001038,10000012,-0.012514,LJ-YSW IV - Moon 2 - Serpentis Corporation Reprocessing Facility
60012844,30001042,10000012,-0.061845,CL-1JE V - Moon 1 - Serpentis Corporation Chemical Refinery
60012847,30001042,10000012,-0.061845,CL-1JE V - Moon 3 - Serpentis Corporation Chemical Refinery
60012850,30001045,10000012,-0.022101,Utopia VI - Moon 6 - Serpentis Corporation Chemical Refinery
60012853,30001045,10000012,-0.022101,Utopia VI - Moon 12 - Serpentis Corporation Chemical Refinery
60012856,30001046,10000012,-0.007396,Jorund VII - Moon 2 - Serpentis Corporation Chemical Refinery
60012859,30004623,10000058,-0.124803,Serpentis Prime VIII - Moon 2 - Serpentis Corporation Chemical Refinery
60012862,30004619,10000058,-0.084509,A-1CON X - Moon 10 - Serpentis Corporation Chemical Storage
60012865,30004621,10000058,-0.154704,WY-9LL IX - Moon 1 - Serpentis Corporation Reprocessing Facility
60012868,30001001,10000012,-0.124763,H-ADOC IV - Moon 1 - Guardian Angels Assembly Plant
60012871,30001003,10000012,-0.13305,UW9B-F X - Guardian Angels Logistic Support
60012874,30001010,10000012,-0.059471,D87E-A VII - Moon 6 - Guardian Angels Assembly Plant
60012877,30001012,10000012,-0.088037,PO4F-3 V - Moon 6 - Guardian Angels Assembly Plant
60012880,30001016,10000012,-0.022751,HLW-HP VI - Moon 7 - Guardian Angels Assembly Plant
60012883,30001018,10000012,-0.032974,RA-NXN VII - Moon 18 - Guardian Angels Assembly Plant
60012886,30001024,10000012,-0.007013,YKE4-3 III - Moon 1 - Guardian Angels Testing Facilities
60012889,30001025,10000012,-0.018164,CL-85V VI - Moon 8 - Guardian Angels Assembly Plant
60012892,30001033,10000012,-0.130312,QFEW-K VI - Moon 1 - Guardian Angels Assembly Plant
60012895,30001033,10000012,-0.130312,QFEW-K IV - Guardian Angels Assembly Plant
60012898,30001041,10000012,-0.017343,G-0Q86 VII - Moon 1 - Guardian Angels Assembly Plant
60012901,30001043,10000012,-0.119813,J4UD-J VI - Moon 3 - Guardian Angels Testing Facilities
60012904,30001048,10000012,-0.041773,Litom XI - Moon 2 - Guardian Angels Assembly Plant
60012907,30001044,10000012,-0.014633,Hemin VII - Moon 15 - Guardian Angels Logistic Support
60012910,30004617,10000058,-0.107308,YZ-LQL VI - Moon 19 - Guardian Angels Logistic Support
60012913,30004617,10000058,-0.107308,YZ-LQL VII - Moon 1 - Guardian Angels Assembly Plant
60012916,30005204,10000067,0.949,Yulai VIII - Moon 12 - DED Logistic Support
60012919,30005205,10000067,0.498364,Tarta IX - Moon 14 - DED Assembly Plant
60012922,30005204,10000067,0.949,Yulai X - DED Assembly Plant
60012925,30005323,10000068,0.775814,Sortet VI - Moon 5 - DED Logistic Support
60012928,30005328,10000068,0.398014,Reblier VIII - Moon 7 - DED Logistic Support
60012931,30005322,10000068,0.822736,Scolluzer VI - DED Logistic Support
60012934,30002249,10000043,0.363668,Ruchy I - DED Testing Facilities
60012937,30002242,10000043,0.703849,Mamenkhanar IX - Moon 11 - DED Logistic Support
60012940,30002246,10000043,0.449944,Neziel I - DED Assembly Plant
60012943,30000052,10000001,0.799901,Maspah V - Moon 6 - DED Assembly Plant
60012946,30000052,10000001,0.799901,Maspah IV - Moon 7 - DED Assembly Plant
60012949,30000051,10000001,0.649137,Juddi VII - DED Logistic Support
60012952,30002260,10000043,0.551632,Esteban VIII - Moon 4 - DED Logistic Support
60012955,30002262,10000043,0.581325,Nalu VII - Moon 7 - DED Testing Facilities
60012958,30002259,10000043,0.706806,Sahdil III - DED Logistic Support
60012961,30001693,10000020,0.857557,Perdan VI - Moon 16 - DED Testing Facilities
60012964,30001689,10000020,0.645109,Asesamy VI - Moon 8 - DED Assembly Plant
60012967,30001690,10000020,0.791946,Hostni VII - Moon 18 - DED Assembly Plant
60012970,30002060,10000042,0.247392,Evati IX - Moon 1 - DED Assembly Plant
60012973,30002065,10000042,0.237848,Lasleinur VI - Moon 17 - DED Assembly Plant
60012976,30002062,10000042,0.115855,Todifrauan VII - Moon 8 - DED Assembly Plant
60012979,30001674,10000020,0.891444,Hilaban II - Moon 5 - DED Testing Facilities
60012982,30001669,10000020,0.684396,Pimebeka VII - Moon 13 - DED Logistic Support
60012985,30001671,10000020,0.832134,Tash-Murkon Prime III - Moon 1 - DED Assembly Plant
60012988,30005319,10000068,0.550235,Raneilles V - Moon 2 - DED Assembly Plant
60012991,30005319,10000068,0.550235,Raneilles III - DED Assembly Plant
60012994,30005315,10000068,0.943509,Eletta VII - Moon 7 - DED Logistic Support
60012997,30004284,10000054,0.103369,Defsunun IV - Moon 1 - DED Assembly Plant
60013000,30004281,10000054,0.344131,Jerhesh VI - Moon 11 - DED Logistic Support
60013003,30004280,10000054,0.28601,Nalnifan IV - Moon 2 - DED Assembly Plant
60013006,30000087,10000001,0.701676,Gelhan V - Moon 10 - DED Logistic Support
60013009,30000087,10000001,0.701676,Gelhan V - Moon 1 - DED Assembly Plant
60013012,30000084,10000001,0.794778,Asghatil IX - Moon 3 - DED Assembly Plant
60013015,30005069,10000065,0.554274,Nahol X - Moon 2 - DED Assembly Plant
60013018,30005069,10000065,0.554274,Nahol II - Moon 1 - DED Assembly Plant
60013021,30005069,10000065,0.554274,Nahol IV - DED Assembly Plant
60013024,30000030,10000001,0.573076,Kasrasi IX - Moon 7 - DED Assembly Plant
60013027,30000024,10000001,0.840835,Kiereend VII - Moon 3 - DED Assembly Plant
60013030,30000025,10000001,0.803266,Rashy VI - DED Assembly Plant
60013033,30001644,10000020,0.572842,Tividu IV - Moon 10 - DED Assembly Plant
60013036,30001644,10000020,0.572842,Tividu IV - Moon 3 - DED Assembly Plant
60013039,30001646,10000020,0.597392,Goram VII - Moon 4 - DED Assembly Plant
60013042,30000202,10000002,0.456966,Mastakomon IX - Moon 3 - DED Assembly Plant
60013045,30000205,10000002,0.346931,Obe VI - Moon 2 - DED Testing Facilities
60013048,30000202,10000002,0.456966,Mastakomon XI - Moon 2 - DED Assembly Plant
60013051,30001002,10000012,-0.162519,G-G78S XI - Moon 3 - Dominations Assembly Plant
60013054,30001013,10000012,-0.300095,J7A-UR VI - Dominations Testing Facilities
60013057,30001021,10000012,-0.0631,XX9-WV VII - Moon 1 - Dominations Logistic Support
60013060,30001026,10000012,-0.019424,K-QWHE VII - Moon 8 - Dominations Assembly Plant
60013063,30001032,10000012,-0.079987,M-N7WD VIII - Moon 12 - Dominations Assembly Plant
60013066,30001038,10000012,-0.012514,LJ-YSW VII - Moon 11 - Dominations Logistic Support
60013069,30001045,10000012,-0.022101,Utopia VI - Moon 22 - Dominations Assembly Plant
60013072,30004621,10000058,-0.154704,WY-9LL VIII - Moon 3 - Dominations Testing Facilities
60013075,30001978,10000023,-0.141435,X-7OMU IV - Moon 16 - Food Relief Plantation
60013078,30001983,10000023,-0.239697,ROIR-Y II - Moon 2 - Food Relief Food Packaging
60013081,30001484,10000017,-0.102718,9-ERCP VIII - Genolution Biotech Production
60013084,30001484,10000017,-0.102718,9-ERCP V - Genolution Biotech Production
60013087,30001485,10000017,-0.040371,KN7M-N VI - Moon 3 - Genolution Biotech Research Center
60013090,30001485,10000017,-0.040371,KN7M-N IV - Moon 4 - Genolution Biotech Research Center
60013093,30003078,10000038,0.592004,Erkinen XII - Moon 8 - Genolution Biotech Production
60013096,30003074,10000038,0.542635,Sasiekko I - Genolution Biotech Production
60013099,30003077,10000038,0.402339,Uusanen IV - Moon 2 - Genolution Biotech Production
60013102,30003071,10000038,0.4146,Anka IV - Moon 15 - Genolution Biotech Production
60013105,30001368,10000016,0.605931,Uemisaisen VII - Moon 12 - Genolution Biotech Production
60013108,30001369,10000016,0.51257,Sotrentaira VII - Moon 3 - Genolution Biotech Production
60013111,30001371,10000016,0.634758,Erenta VI - Moon 6 - Genolution Biotech Production
60013114,30001373,10000016,0.453233,Raussinen XI - Moon 2 - Genolution Biotech Research Center
60013117,30005208,10000067,0.442405,Ziasad IX - Moon 3 - Genolution Biotech Production
60013120,30005212,10000067,0.35355,Toon VIII - Moon 2 - Genolution Biotech Research Center
60013123,30005209,10000067,0.456226,Sibe VI - Moon 1 - Genolution Biotech Production
60013126,30005211,10000067,0.368477,Zarer VI - Moon 10 - Genolution Biotech Production
60013129,30001682,10000020,0.236506,Keshirou IX - Moon 4 - Genolution Biotech Production
60013132,30001682,10000020,0.236506,Keshirou VIII - Moon 2 - Genolution Biotech Production
60013135,30001686,10000020,0.37302,Rethan VII - Moon 21 - Genolution Biotech Production
60013138,30001685,10000020,0.269502,Ordat I - Genolution Biotech Production
60013141,30000194,10000002,0.3844,Otsela VI - Moon 17 - Genolution Biotech Production
60013144,30000193,10000002,0.500279,Vouskiaho III - Genolution Biotech Production
60013147,30000189,10000002,0.528522,Kiainti VII - Genolution Biotech Production
60013150,30000190,10000002,0.493712,Vasala VI - Moon 10 - Genolution Biotech Production
60013153,30004298,10000054,0.089876,Tisot V - Moon 1 - Genolution Biotech Production
60013156,30004300,10000054,0.033684,Naga X - Moon 16 - Genolution Biotech Production
60013159,30004299,10000054,0.041499,Sakht VI - Moon 7 - Genolution Biotech Production
60013162,30004297,10000054,0.092313,Efu V - Moon 1 - Genolution Biotech Production
60013165,30001713,10000020,0.628312,Yasud VI - Moon 18 - Genolution Biotech Production
60013168,30001708,10000020,0.640194,Asezai I - Moon 1 - Genolution Biotech Production
60013171,30001708,10000020,0.640194,Asezai V - Moon 1 - Genolution Biotech Production
60013174,30001712,10000020,0.493032,Lari VI - Moon 4 - Genolution Biohazard Containment Facility
60013177,30001422,10000016,0.305869,Iitanmadan III - Moon 1 - Genolution Biotech Production
60013180,30001418,10000016,0.645797,Aikantoh IV - Moon 1 - Genolution Biohazard Containment Facility
60013183,30001423,10000016,0.582824,Jotenen II - Moon 1 - Genolution Biohazard Containment Facility
60013186,30001419,10000016,0.481114,Atai II - Moon 15 - Genolution Biotech Production
60013189,30002766,10000033,0.737108,Iivinen X - Moon 10 - Genolution Biohazard Containment Facility
60013192,30002763,10000033,0.91903,Tennen VIII - Moon 11 - Genolution Biotech Production
60013195,30002762,10000033,0.949,Yashunen III - Genolution Biotech Production
60013198,30002766,10000033,0.737108,Iivinen VIII - Moon 7 - Genolution Biohazard Containment Facility
60013201,30001441,10000016,0.119319,Tartoken III - Moon 3 - Genolution Biotech Production
60013204,30001437,10000016,0.338287,Tamo V - Moon 2 - Genolution Biotech Production
60013207,30001438,10000016,0.389715,Nannaras III - Moon 1 - Genolution Biotech Production
60013210,30001437,10000016,0.338287,Tamo I - Genolution Biotech Production
60013213,30003808,10000048,0.183318,Grispire IV - Moon 14 - Genolution Biotech Production
60013216,30003810,10000048,0.543845,Vivanier VI - Moon 5 - Genolution Biotech Production
60013219,30003808,10000048,0.183318,Grispire V - Moon 15 - Genolution Biotech Production
60013222,30003811,10000048,0.725927,Algasienan VI - Moon 4 - Genolution Biotech Production
60013225,30002573,10000030,0.949,Vullat VIII - Moon 1 - Genolution Biohazard Containment Facility
60013228,30002573,10000030,0.949,Vullat VII - Moon 11 - Genolution Biotech Research Center
60013231,30002572,10000030,0.876929,Hurjafren VII - Moon 10 - Genolution Biotech Production
60013234,30002571,10000030,0.897107,Oremmulf VII - Moon 11 - Genolution Biohazard Containment Facility
60013237,30002090,10000042,0.306094,Frerstorn VI - Genolution Biotech Production
60013240,30002093,10000042,0.263332,Gebuladi X - Moon 3 - Genolution Biotech Production
60013243,30002095,10000042,0.212796,Eszur I - Moon 1 - Genolution Biotech Production
60013246,30002093,10000042,0.263332,Gebuladi VIII - Moon 2 - Genolution Biotech Production
60013249,30002774,10000033,0.572713,Huttaken VI - Genolution Biotech Production
60013252,30002769,10000033,0.448785,Enderailen VIII - Moon 16 - Genolution Biotech Production
60013255,30002772,10000033,0.62936,Rairomon VIII - Moon 1 - Genolution Biohazard Containment Facility
60013258,30002771,10000033,0.475369,Kulelen V - Moon 18 - Genolution Biotech Production
60013261,30001290,10000015,-0.179321,6NJ8-V VI - Moon 6 - Guristas Production Shipyard
60013264,30001481,10000017,-0.069469,IAMZ-5 VIII - Moon 9 - Impro Factory
60013267,30001485,10000017,-0.040371,KN7M-N IV - Moon 7 - Impro Research Center
60013270,30003427,10000042,0.513562,Osvestmunnur VIII - Moon 10 - Impro Factory
60013273,30003423,10000042,0.542579,Nein VII - Moon 4 - Impro Factory
60013276,30005084,10000065,0.415573,Miroona IV - Moon 19 - Impro Factory
60013279,30005084,10000065,0.415573,Miroona IV - Moon 5 - Impro Factory
60013282,30003048,10000037,0.624878,Carirgnottin IX - Moon 5 - Impro Factory
60013285,30003052,10000037,0.708052,Tolle VI - Moon 6 - Impro Factory
60013288,30000185,10000002,0.503992,Airaken V - Moon 6 - Impro Warehouse
60013291,30000182,10000002,0.55235,Inaya IX - Moon 13 - Impro Factory
60013294,30002270,10000043,0.411113,Avair VII - Moon 12 - Impro Factory
60013297,30002275,10000043,0.496612,Clarelam VI - Moon 8 - Impro Research Center
60013300,30002725,10000032,0.342349,Goinard IV - Moon 5 - Impro Factory
60013303,30002724,10000032,0.642555,Assiettes IV - Impro Factory
60013306,30002578,10000030,0.475109,Otraren VI - Moon 16 - Impro Factory
60013309,30002574,10000030,0.317424,Hrondedir VII - Moon 15 - Impro Factory
60013312,30004273,10000054,0.163396,Soliara IX - Moon 13 - Impro Factory
60013315,30004275,10000054,0.114,Tukanas VIII - Moon 6 - Impro Factory
60013318,30002413,10000028,0.304135,Unertek IX - Moon 2 - Impro Factory
60013321,30002412,10000028,0.058349,Ennur IX - Moon 7 - Impro Research Center
60013324,30002672,10000032,0.715756,Inghenges V - Moon 15 - Impro Factory
60013327,30002672,10000032,0.715756,Inghenges VI - Moon 4 - Impro Factory
60013330,30003794,10000048,0.60528,Stacmon V - Impro Factory
60013333,30003794,10000048,0.60528,Stacmon VII - Moon 1 - Impro Factory
60013336,30003818,10000048,0.135812,Aulbres IX - Moon 22 - Impro Factory
60013339,30003818,10000048,0.135812,Aulbres VIII - Moon 15 - Impro Factory
60013342,30001685,10000020,0.269502,Ordat VI - Moon 2 - Impro Factory
60013345,30001681,10000020,0.420654,Teshkat VI - Impro Factory
60013348,30003572,10000044,0.119826,Vevelonel VI - Moon 1 - Impro Factory
60013351,30003568,10000044,0.272516,Meunvon IV - Moon 3 - Impro Factory
60013354,30005204,10000067,0.949,Yulai VIII - Inner Circle Tribunal
60013357,30003274,10000041,-0.040967,X-BV98 VIII - Moon 5 - Intaki Bank Depository
60013360,30003276,10000041,-0.038608,FD-MLJ VII - Moon 2 - Intaki Bank Depository
60013363,30003289,10000041,-0.234831,ZN0-SR V - Moon 7 - Intaki Bank Depository
60013366,30003289,10000041,-0.234831,ZN0-SR III - Intaki Bank Depository
60013369,30003323,10000041,-0.013113,TXW-EI I - Intaki Bank Depository
60013372,30003323,10000041,-0.013113,TXW-EI IX - Moon 2 - Intaki Bank Depository
60013375,30003344,10000041,-0.013906,KLYN-8 II - Moon 14 - Intaki Bank Depository
60013378,30003345,10000041,-0.023505,D85-VD VII - Intaki Bank Vault
60013381,30003269,10000041,-0.023411,F67E-Q VIII - Moon 2 - Intaki Commerce Trading Post
60013384,30003278,10000041,-0.125911,X-M2LR VI - Moon 8 - Intaki Commerce Warehouse
60013387,30003286,10000041,-0.156372,PC9-AY III - Intaki Commerce Trading Post
60013390,30003286,10000041,-0.156372,PC9-AY VIII - Moon 7 - Intaki Commerce Warehouse
60013393,30003314,10000041,-0.357557,DP34-U V - Moon 1 - Intaki Commerce Trading Post
60013396,30003318,10000041,-0.387648,MXYS-8 II - Intaki Commerce Warehouse
60013399,30003369,10000041,-0.416184,ZV-72W IX - Moon 1 - Intaki Commerce Trading Post
60013402,30003373,10000041,-0.390363,98Q-8O VII - Moon 16 - Intaki Commerce Trading Post
60013405,30003271,10000041,-0.019552,Poitot VI - Moon 17 - Intaki Space Police Assembly Plant
60013408,30003276,10000041,-0.038608,FD-MLJ VII - Moon 4 - Intaki Space Police Assembly Plant
60013411,30003311,10000041,-0.25679,IIRH-G VIII - Intaki Space Police Logistic Support
60013414,30003317,10000041,-0.252131,I0AB-R VI - Intaki Space Police Assembly Plant
60013417,30003287,10000041,-0.172372,T22-QI VI - Moon 9 - Intaki Space Police Testing Facilities
60013420,30003289,10000041,-0.234831,ZN0-SR VI - Moon 4 - Intaki Space Police Assembly Plant
60013423,30003353,10000041,-0.008893,RLL-9R IX - Intaki Space Police Assembly Plant
60013426,30003350,10000041,-0.005675,57-YRU IV - Moon 9 - Intaki Space Police Logistic Support
60013429,30003355,10000041,-0.02879,EF-F36 III - Moon 1 - Intaki Space Police Logistic Support
60013432,30003360,10000041,-0.034618,GRNJ-3 III - Intaki Space Police Testing Facilities
60013435,30003338,10000041,-0.046995,9GYL-O V - Moon 13 - Intaki Space Police Assembly Plant
60013438,30003339,10000041,-0.019453,VLGD-R V - Moon 3 - Intaki Space Police Logistic Support
60013441,30003294,10000041,-0.070531,V4-L0X IV - Moon 1 - Intaki Space Police Assembly Plant
60013444,30003297,10000041,-0.160034,1-NKVT X - Intaki Space Police Logistic Support
60013447,30003368,10000041,-0.445749,S-U8A4 V - Intaki Space Police Logistic Support
60013450,30003373,10000041,-0.390363,98Q-8O V - Moon 8 - Intaki Space Police Assembly Plant
60013453,30003342,10000041,-0.009272,Y-W6GF VIII - Moon 17 - Intaki Space Police Logistic Support
60013456,30003343,10000041,-0.012945,KFR-ZE VII - Moon 6 - Intaki Space Police Assembly Plant
60013459,30003330,10000041,-0.219249,0LTQ-C V - Moon 18 - Intaki Space Police Assembly Plant
60013462,30003327,10000041,-0.184234,BMNV-P XI - Moon 11 - Intaki Space Police Assembly Plant
60013465,30003271,10000041,-0.019552,Poitot V - Moon 14 - Intaki Syndicate Bureau
60013468,30003275,10000041,-0.062467,2X-PQG III - Moon 17 - Intaki Syndicate Academy
60013471,30003279,10000041,-0.091496,K5-JRD VIII - Moon 2 - Intaki Syndicate Bureau
60013474,30003338,10000041,-0.046995,9GYL-O VI - Moon 16 - Intaki Syndicate Bureau
60013477,30003339,10000041,-0.019453,VLGD-R III - Moon 2 - Intaki Syndicate Academy
60013480,30003338,10000041,-0.046995,9GYL-O V - Moon 9 - Intaki Syndicate Bureau
60013483,30003333,10000041,-0.246618,RF-GGF V - Intaki Syndicate Academy
60013486,30003335,10000041,-0.086757,A-SJ8X VII - Moon 1 - Intaki Syndicate Bureau
60013489,30003329,10000041,-0.165359,31-MLU X - Moon 8 - Intaki Syndicate Bureau
60013492,30003305,10000041,-0.334748,A-ZLHX VII - Moon 2 - Intaki Syndicate Bureau
60013495,30003305,10000041,-0.334748,A-ZLHX XI - Moon 1 - Intaki Syndicate Bureau
60013498,30003307,10000041,-0.376813,Y9G-KS VI - Moon 14 - Intaki Syndicate Bureau
60013501,30003363,10000041,-0.009063,CIS-7X VII - Intaki Syndicate Bureau
60013504,30003361,10000041,-0.004874,VSIG-K VIII - Moon 1 - Intaki Syndicate Bureau
60013507,30003363,10000041,-0.009063,CIS-7X IX - Moon 6 - Intaki Syndicate Bureau
60013510,30003342,10000041,-0.009272,Y-W6GF IX - Moon 3 - Intaki Syndicate Bureau
60013513,30003344,10000041,-0.013906,KLYN-8 IV - Moon 21 - Intaki Syndicate Bureau
60013516,30003344,10000041,-0.013906,KLYN-8 IV - Moon 14 - Intaki Syndicate Academy
60013519,30003287,10000041,-0.172372,T22-QI VI - Moon 12 - Intaki Syndicate Academy
60013522,30003287,10000041,-0.172372,T22-QI VI - Moon 6 - Intaki Syndicate Academy
60013525,30003287,10000041,-0.172372,T22-QI V - Moon 14 - Intaki Syndicate Academy
60013528,30003324,10000041,-0.004728,3MOG-V X - Moon 2 - Intaki Syndicate Bureau
60013531,30003322,10000041,-0.013616,3KNK-A IX - Moon 12 - Intaki Syndicate Bureau
60013534,30003321,10000041,-0.031898,5-FGQI V - Moon 13 - Intaki Syndicate Academy
60013537,30003317,10000041,-0.252131,I0AB-R VI - Moon 2 - Intaki Syndicate Bureau
60013540,30003312,10000041,-0.246905,35-RK9 IX - Moon 4 - Intaki Syndicate Bureau
60013543,30003318,10000041,-0.387648,MXYS-8 IV - Moon 1 - Intaki Syndicate Treasury
60013546,30003284,10000041,-0.135094,M2-CF1 X - Moon 3 - Intaki Syndicate Bureau
60013549,30003280,10000041,-0.157213,6-CZ49 VI - Moon 6 - Intaki Syndicate Bureau
60013552,30003281,10000041,-0.160266,EZA-FM IV - Intaki Syndicate Bureau
60013555,30001480,10000017,-0.079888,54-VNO XI - Moon 2 - Jove Navy Testing Facilities
60013558,30001480,10000017,-0.079888,54-VNO V - Moon 2 - Jove Navy Assembly Plant
60013561,30001480,10000017,-0.079888,54-VNO X - Jove Navy Assembly Plant
60013564,30001631,10000019,-0.045009,T-YWDD VII - Moon 13 - Jove Navy Assembly Plant
60013567,30001633,10000019,-0.101223,T-C5A0 X - Moon 9 - Jove Navy Logistic Support
60013570,30001632,10000019,-0.065068,DLY-RG VIII - Moon 3 - Jove Navy Assembly Plant
60013573,30001492,10000017,-0.034132,6-NCE7 IV - Jove Navy Logistic Support
60013576,30001496,10000017,-0.032935,CZ-CED IV - Moon 18 - Jove Navy Assembly Plant
60013579,30001499,10000017,-0.023353,L-TPN0 II - Moon 2 - Jove Navy Testing Facilities
60013582,30001624,10000019,-0.033719,69A-54 VIII - Jove Navy Assembly Plant
60013585,30001629,10000019,-0.008386,BWO-UU VIII - Jove Navy Testing Facilities
60013588,30001628,10000019,-0.010469,PQWA-L VII - Jove Navy Assembly Plant
60013591,30001524,10000017,-0.37509,1C-TD6 X - Moon 4 - Jove Navy Testing Facilities
60013594,30001519,10000017,-0.279697,TO21-U VIII - Moon 1 - Jove Navy Assembly Plant
60013597,30001518,10000017,-0.28427,H7OL-I IV - Moon 6 - Jove Navy Assembly Plant
60013600,30001453,10000017,-0.077983,SQ-2XA II - Jove Navy Testing Facilities
60013603,30001453,10000017,-0.077983,SQ-2XA IV - Jove Navy Testing Facilities
60013606,30001449,10000017,-0.088264,PZP1-D IX - Moon 5 - Jove Navy Assembly Plant
60013609,30001603,10000019,-0.023295,6-HFD6 V - Moon 14 - Jove Navy Assembly Plant
60013612,30001603,10000019,-0.023295,6-HFD6 V - Moon 19 - Jove Navy Assembly Plant
60013615,30001600,10000019,-0.016288,9-BUSQ VII - Moon 4 - Jove Navy Assembly Plant
60013618,30001514,10000017,-0.286628,8-ULAA VI - Moon 13 - Jove Navy Testing Facilities
60013621,30001513,10000017,-0.321139,H-EDXD VIII - Moon 3 - Jove Navy Assembly Plant
60013624,30001515,10000017,-0.419956,KF1-DU VII - Moon 3 - Jove Navy Assembly Plant
60013627,30001508,10000017,-0.251666,I9D-0D VI - Moon 3 - Jove Navy Assembly Plant
60013630,30001507,10000017,-0.217057,LH-J8H X - Moon 1 - Jove Navy Assembly Plant
60013633,30001508,10000017,-0.251666,I9D-0D II - Jove Navy Assembly Plant
60013636,30001643,10000019,-0.006288,0IRK-R IX - Jove Navy Testing Facilities
60013639,30001637,10000019,-0.016974,FR-RCH IV - Moon 2 - Jove Navy Assembly Plant
60013642,30001638,10000019,-0.021389,FNS3-F VII - Moon 7 - Jove Navy Logistic Support
60013645,30001480,10000017,-0.079888,54-VNO X - Moon 3 - Jovian Directorate Bureau
60013648,30001483,10000017,-0.054043,PBXG-A IV - Moon 3 - Jovian Directorate Bureau
60013651,30001483,10000017,-0.054043,PBXG-A IV - Jovian Directorate Bureau
60013654,30001480,10000017,-0.079888,54-VNO VI - Moon 1 - Jovian Directorate Bureau
60013657,30001481,10000017,-0.069469,IAMZ-5 XII - Moon 2 - Jovian Directorate Bureau
60013660,30001480,10000017,-0.079888,54-VNO VIII - Moon 3 - Jovian Directorate Bureau
60013663,30001639,10000019,-0.010587,7BA-TK VI - Moon 4 - Jovian Directorate Bureau
60013666,30001637,10000019,-0.016974,FR-RCH I - Moon 11 - Jovian Directorate Bureau
60013669,30001643,10000019,-0.006288,0IRK-R VIII - Moon 3 - Jovian Directorate Academy
60013672,30001637,10000019,-0.016974,FR-RCH I - Moon 10 - Jovian Directorate Bureau
60013675,30001639,10000019,-0.010587,7BA-TK III - Moon 2 - Jovian Directorate Bureau
60013678,30001638,10000019,-0.021389,FNS3-F VII - Moon 3 - Jovian Directorate Academy
60013681,30001631,10000019,-0.045009,T-YWDD VII - Moon 18 - Jovian Directorate Bureau
60013684,30001632,10000019,-0.065068,DLY-RG X - Jovian Directorate Bureau
60013687,30001631,10000019,-0.045009,T-YWDD VII - Moon 1 - Jovian Directorate Bureau
60013690,30001633,10000019,-0.101223,T-C5A0 XII - Moon 17 - Jovian Directorate Bureau
60013693,30001631,10000019,-0.045009,T-YWDD V - Moon 5 - Jovian Directorate Bureau
60013696,30001631,10000019,-0.045009,T-YWDD VI - Moon 21 - Jovian Directorate Bureau
60013699,30001487,10000017,-0.43518,FO-3PJ III - Moon 2 - Jovian Directorate Bureau
60013702,30001487,10000017,-0.43518,FO-3PJ VI - Moon 11 - Jovian Directorate Bureau
60013705,30001490,10000017,-0.363308,X7-8IG VIII - Moon 9 - Jovian Directorate Treasury
60013708,30001487,10000017,-0.43518,FO-3PJ III - Moon 10 - Jovian Directorate Bureau
60013711,30001488,10000017,-0.472905,6-QXE6 VI - Moon 22 - Jovian Directorate Bureau
60013714,30001489,10000017,-0.649492,N-FKXV V - Moon 12 - Jovian Directorate Academy
60013717,30001518,10000017,-0.28427,H7OL-I III - Moon 3 - Jovian Directorate Bureau
60013720,30001524,10000017,-0.37509,1C-TD6 VIII - Moon 2 - Jovian Directorate Treasury
60013723,30001518,10000017,-0.28427,H7OL-I IV - Moon 10 - Jovian Directorate Bureau
60013726,30001524,10000017,-0.37509,1C-TD6 X - Moon 16 - Jovian Directorate Treasury
60013729,30001521,10000017,-0.293175,0M-M64 VII - Moon 5 - Jovian Directorate Bureau
60013732,30001525,10000017,-0.233588,YBYX-1 I - Jovian Directorate Academy
60013735,30001613,10000019,-0.060426,Z-KPAR VIII - Moon 21 - Jovian Directorate Academy
60013738,30001611,10000019,-0.066618,B-Y06L VII - Moon 4 - Jovian Directorate Bureau
60013741,30001616,10000019,-0.050133,CLDT-L III - Moon 5 - Jovian Directorate Bureau
60013744,30001616,10000019,-0.050133,CLDT-L IV - Moon 7 - Jovian Directorate Bureau
60013747,30001615,10000019,-0.078274,2RV-06 VIII - Moon 11 - Jovian Directorate Treasury
60013750,30001611,10000019,-0.066618,B-Y06L VII - Moon 1 - Jovian Directorate Bureau
60013753,30001629,10000019,-0.008386,BWO-UU VII - Moon 4 - Jovian Directorate Treasury
60013756,30001627,10000019,-0.012699,8-UWFS II - Jovian Directorate Academy
60013759,30001624,10000019,-0.033719,69A-54 X - Moon 8 - Jovian Directorate Bureau
60013762,30001624,10000019,-0.033719,69A-54 X - Moon 12 - Jovian Directorate Bureau
60013765,30001626,10000019,-0.028158,5V-YL6 VII - Moon 11 - Jovian Directorate Academy
60013768,30001630,10000019,-0.030393,SQVI-U V - Moon 1 - Jovian Directorate Treasury
60013771,30001608,10000019,-0.031276,7-8XK0 VII - Moon 8 - Jovian Directorate Bureau
60013774,30001607,10000019,-0.023593,G-N6MC VI - Moon 5 - Jovian Directorate Bureau
60013777,30001608,10000019,-0.031276,7-8XK0 VI - Jovian Directorate Bureau
60013780,30001604,10000019,-0.039543,P3UD-M VII - Moon 7 - Jovian Directorate Bureau
60013783,30001607,10000019,-0.023593,G-N6MC VI - Moon 9 - Jovian Directorate Bureau
60013786,30001609,10000019,-0.033255,90G-OA XII - Moon 19 - Jovian Directorate Bureau
60013789,30001496,10000017,-0.032935,CZ-CED VI - Moon 2 - Jovian Directorate Bureau
60013792,30001499,10000017,-0.023353,L-TPN0 I - Jovian Directorate Academy
60013795,30001497,10000017,-0.049954,BKK4-H IX - Moon 11 - Jovian Directorate Bureau
60013798,30001499,10000017,-0.023353,L-TPN0 IV - Moon 13 - Jovian Directorate Academy
60013801,30001496,10000017,-0.032935,CZ-CED VI - Moon 3 - Jovian Directorate Bureau
60013804,30001499,10000017,-0.023353,L-TPN0 IV - Moon 6 - Jovian Directorate Treasury
60013807,30001500,10000017,-0.015112,3-XORH VI - Moon 1 - Jovian Directorate Bureau
60013810,30001503,10000017,-0.008158,6-23NU II - Moon 1 - Jovian Directorate Academy
60013813,30001501,10000017,-0.014799,G1VU-H IX - Moon 18 - Jovian Directorate Bureau
60013816,30001502,10000017,-0.038404,W6H6-K II - Jovian Directorate Bureau
60013819,30001502,10000017,-0.038404,W6H6-K IV - Moon 15 - Jovian Directorate Bureau
60013822,30001503,10000017,-0.008158,6-23NU V - Moon 13 - Jovian Directorate Bureau
60013825,30003863,10000049,0.897374,Khanid Prime V - Moon 1 - Khanid Innovation Factory
60013828,30003863,10000049,0.897374,Khanid Prime IX - Khanid Transport Storage
60013831,30003922,10000049,0.250969,Nahrneder VI - Moon 15 - Khanid Transport Storage
60013834,30003939,10000049,0.282545,Zirsem IX - Khanid Transport Storage
60013837,30003873,10000049,0.719451,Kahah I - Khanid Transport Storage
60013840,30003879,10000049,0.667616,Safshela V - Moon 6 - Khanid Transport Storage
60013843,30003908,10000049,0.471126,Bashyam X - Moon 7 - Khanid Transport Storage
60013846,30003928,10000049,0.255655,Zephan VIII - Moon 1 - Khanid Transport Storage
60013849,30003912,10000049,0.56257,Danera III - Moon 3 - Khanid Transport Storage
60013852,30003933,10000049,0.105173,Ibani VI - Moon 15 - Khanid Transport Storage
60013855,30003890,10000049,0.674511,Ashi VI - Moon 5 - Khanid Transport Storage
60013858,30003863,10000049,0.897374,Khanid Prime VII - Moon 2 - Khanid Works Shipyard
60013861,30000007,10000001,0.906556,Yuzier III - Nefantar Miner Association Mining Outpost
60013864,30000098,10000001,0.364844,Kehrara IV - Nefantar Miner Association Refinery
60013867,30000019,10000001,0.109705,Podion VIII - Moon 15 - Nefantar Miner Association Mining Outpost
60013870,30000037,10000001,0.422069,Uplingur II - Moon 1 - Nefantar Miner Association Mining Outpost
60013873,30001480,10000017,-0.079888,54-VNO VIII - Moon 3 - Prosper Depository
60013876,30001480,10000017,-0.079888,54-VNO XII - Moon 2 - Prosper Depository
60013879,30001607,10000019,-0.023593,G-N6MC VIII - Moon 9 - Prosper Depository
60013882,30001608,10000019,-0.031276,7-8XK0 VIII - Moon 5 - Prosper Depository
60013885,30001521,10000017,-0.293175,0M-M64 VI - Prosper Depository
60013888,30001519,10000017,-0.279697,TO21-U VII - Prosper Depository
60013891,30001462,10000017,-0.033622,E2AX-5 VIII - Moon 1 - Prosper Depository
60013894,30001463,10000017,-0.033943,HPE-KP VI - Moon 7 - Prosper Depository
60013897,30001599,10000019,-0.023703,0Z-VHC VI - Moon 12 - Prosper Depository
60013900,30001603,10000019,-0.023295,6-HFD6 V - Moon 1 - Prosper Depository
60013903,30001642,10000019,-0.021143,3-CE1R VIII - Moon 5 - Prosper Vault
60013906,30001640,10000019,-0.019002,IAWJ-X VI - Moon 16 - Prosper Depository
60013909,30001505,10000017,-0.009097,J-JS0D VIII - Moon 15 - Prosper Vault
60013912,30001505,10000017,-0.009097,J-JS0D IX - Moon 8 - Prosper Vault
60013915,30001628,10000019,-0.010469,PQWA-L XI - Moon 6 - Prosper Depository
60013918,30001625,10000019,-0.024802,M9-OS2 I - Moon 1 - Prosper Depository
60013921,30001473,10000017,-0.121968,QO-3LC IV - Moon 2 - Prosper Depository
60013924,30001478,10000017,-0.095863,5-P3CQ VIII - Moon 5 - Prosper Depository
60013927,30001611,10000019,-0.066618,B-Y06L VII - Moon 2 - Prosper Depository
60013930,30001617,10000019,-0.01567,QU7-EE V - Moon 7 - Prosper Vault
60013933,30003860,10000049,0.913252,Kihtaled VIII - Moon 7 - Royal Khanid Navy Assembly Plant
60013936,30003860,10000049,0.913252,Kihtaled VIII - Royal Khanid Navy Assembly Plant
60013939,30003939,10000049,0.282545,Zirsem VII - Royal Khanid Navy Testing Facilities
60013942,30003939,10000049,0.282545,Zirsem IX - Moon 4 - Royal Khanid Navy Testing Facilities
60013945,30003935,10000049,0.062148,Irmalin VIII - Moon 13 - Royal Khanid Navy Testing Facilities
60013948,30003930,10000049,0.145549,Goudiyah VIII - Moon 1 - Royal Khanid Navy Logistic Support
60013951,30003912,10000049,0.56257,Danera IV - Moon 9 - Royal Khanid Navy Assembly Plant
60013954,30003912,10000049,0.56257,Danera IV - Moon 1 - Royal Khanid Navy Assembly Plant
60013957,30003909,10000049,0.498691,Parses VI - Moon 11 - Royal Khanid Navy Assembly Plant
60013960,30003905,10000049,0.444911,Chamemi VI - Moon 1 - Royal Khanid Navy Assembly Plant
60013963,30003926,10000049,0.192019,Kuhri III - Moon 13 - Royal Khanid Navy Testing Facilities
60013966,30003923,10000049,0.246713,Nandeza IX - Moon 13 - Royal Khanid Navy Assembly Plant
60013969,30003920,10000049,0.154082,Baratar X - Moon 9 - Royal Khanid Navy Logistic Support
60013972,30003921,10000049,0.296703,Arzieh V - Moon 3 - Royal Khanid Navy Testing Facilities
60013975,30003878,10000049,0.505996,Palas II - Royal Khanid Navy Assembly Plant
60013978,30003878,10000049,0.505996,Palas VII - Moon 11 - Royal Khanid Navy Assembly Plant
60013981,30003888,10000049,0.658747,Badivefi VIII - Moon 10 - Royal Khanid Navy Logistic Support
60013984,30003888,10000049,0.658747,Badivefi VI - Moon 2 - Royal Khanid Navy Logistic Support
60013987,30003899,10000049,0.265951,Vezila IV - Royal Khanid Navy Assembly Plant
60013990,30003897,10000049,0.296805,Gehi IX - Moon 4 - Royal Khanid Navy Assembly Plant
60013993,30004623,10000058,-0.124803,Serpentis Prime VI - Moon 1 - Serpentis Inquest Biotech Research Center
60013996,30001481,10000017,-0.069469,IAMZ-5 X - Moon 14 - Shapeset Shipyard
60013999,30001480,10000017,-0.079888,54-VNO VIII - Moon 3 - Shapeset Shipyard
60014002,30001513,10000017,-0.321139,H-EDXD VIII - Moon 1 - Shapeset Shipyard
60014005,30001515,10000017,-0.419956,KF1-DU VII - Moon 15 - Shapeset Shipyard
60014008,30001628,10000019,-0.010469,PQWA-L IX - Moon 1 - Shapeset Shipyard
60014011,30001628,10000019,-0.010469,PQWA-L I - Shapeset Shipyard
60014014,30001500,10000017,-0.015112,3-XORH IV - Shapeset Shipyard
60014017,30001501,10000017,-0.014799,G1VU-H IX - Moon 18 - Shapeset Shipyard
60014020,30001452,10000017,-0.120075,1SR-HT I - Shapeset Storage Bay
60014023,30001449,10000017,-0.088264,PZP1-D IX - Moon 1 - Shapeset Shipyard
60014026,30001470,10000017,-0.052897,PQA-9K IV - Shapeset Storage Bay
60014029,30001469,10000017,-0.045119,BJC4-8 XI - Moon 2 - Shapeset Shipyard
60014032,30001599,10000019,-0.023703,0Z-VHC VI - Moon 12 - Shapeset Shipyard
60014035,30001602,10000019,-0.023502,II-1B3 IX - Moon 9 - Shapeset Storage Bay
60014038,30001507,10000017,-0.217057,LH-J8H VI - Shapeset Shipyard
60014041,30001507,10000017,-0.217057,LH-J8H V - Moon 13 - Shapeset Shipyard
60014044,30001611,10000019,-0.066618,B-Y06L II - Shapeset Shipyard
60014047,30001611,10000019,-0.066618,B-Y06L IV - Shapeset Shipyard
60014050,30001640,10000019,-0.019002,IAWJ-X VI - Moon 10 - Shapeset Shipyard
60014053,30001641,10000019,-0.028392,50-TJY VII - Moon 8 - Shapeset Shipyard
60014056,30001978,10000023,-0.141435,X-7OMU II - Moon 7 - The Sanctuary School
60014059,30000905,10000011,-0.119346,M-MD3B X - Moon 3 - Thukker Mix Factory
60014062,30000903,10000011,-0.060932,E02-IK VIII - Moon 1 - Thukker Mix Factory
60014065,30000074,10000001,0.426496,Hasateem VI - Moon 12 - Thukker Mix Factory
60014068,30000072,10000001,0.363864,Nakah I - Moon 1 - Thukker Mix Factory
60014071,30000017,10000001,0.172229,Futzchag IX - Moon 9 - Thukker Mix Factory
60014074,30000017,10000001,0.172229,Futzchag II - Thukker Mix Factory
60014077,30003389,10000042,0.768874,Altrinur XI - Moon 3 - Thukker Mix Factory
60014080,30003389,10000042,0.768874,Altrinur XII - Moon 2 - Thukker Mix Factory
60014083,30003402,10000042,0.868023,Totkubad III - Thukker Mix Factory
60014086,30003404,10000042,0.881108,Agtver VI - Thukker Mix Factory
60014089,30003283,10000041,-0.103963,PVH8-0 VI - Moon 8 - Thukker Mix Factory
60014092,30003281,10000041,-0.160266,EZA-FM IV - Moon 16 - Thukker Mix Factory
60014095,30000040,10000001,0.390646,Uzistoon VII - Moon 2 - Thukker Mix Factory
60014098,30000041,10000001,0.364088,Bairshir IV - Moon 11 - Thukker Mix Factory
60014101,30003409,10000042,0.949,Leurtmar III - Thukker Mix Factory
60014104,30003412,10000042,0.8885,Elgoi VIII - Moon 19 - Thukker Mix Factory
60014107,30002572,10000030,0.876929,Hurjafren VII - Moon 25 - Thukker Mix Factory
60014110,30002571,10000030,0.897107,Oremmulf V - Moon 20 - Thukker Mix Warehouse
60014113,30003469,10000042,0.596073,Hodrold VII - Moon 8 - Thukker Mix Factory
60014116,30003467,10000042,0.434329,Frulegur IX - Moon 5 - Thukker Mix Factory
60014119,30003333,10000041,-0.246618,RF-GGF VI - Moon 4 - Thukker Mix Factory
60014122,30003329,10000041,-0.165359,31-MLU IX - Moon 1 - Thukker Mix Factory
60014125,30003394,10000042,0.826576,Freatlidur V - Moon 4 - Thukker Mix Factory
60014128,30003394,10000042,0.826576,Freatlidur VII - Moon 3 - Thukker Mix Factory
60014131,30002059,10000042,0.407542,Auner VIII - Moon 10 - Thukker Mix Factory
60014134,30002058,10000042,0.366011,Ardar IV - Moon 2 - Thukker Mix Factory
60014137,30000053,10000001,0.730979,Ibaria III - Thukker Mix Warehouse
60014140,30000055,10000001,0.725159,Zemalu IX - Moon 2 - Thukker Mix Factory
60014143,30002065,10000042,0.237848,Lasleinur IV - Moon 16 - Thukker Mix Factory
60014146,30002067,10000042,0.154826,Brin V - Moon 7 - Thukker Mix Factory
60014149,30001868,10000022,-0.036925,37S-KO III - Moon 1 - True Creations Shipyard
60014152,30001868,10000022,-0.036925,37S-KO V - Moon 2 - True Creations Shipyard
60014155,30001868,10000022,-0.036925,37S-KO VI - Moon 14 - True Creations Assembly Plant
60014158,30001874,10000022,-0.021909,NZG-LF III - Moon 5 - True Creations Shipyard
60014161,30001874,10000022,-0.021909,NZG-LF III - Moon 11 - True Creations Shipyard
60014164,30001873,10000022,-0.031773,GDO-7H VI - Moon 1 - True Creations Assembly Plant
60014167,30001907,10000022,-0.006347,6Y-0TW II - Moon 12 - True Creations Shipyard
60014170,30001907,10000022,-0.006347,6Y-0TW II - Moon 5 - True Creations Shipyard
60014173,30001907,10000022,-0.006347,6Y-0TW II - Moon 16 - True Creations Assembly Plant
60014176,30001854,10000022,-0.053254,UF-KKH III - Moon 4 - True Creations Shipyard
60014179,30001855,10000022,-0.084912,O5Y3-W VII - Moon 3 - True Creations Shipyard
60014182,30001852,10000022,-0.076661,FV-SE8 VIII - Moon 1 - True Creations Logistic Support
60014185,30001894,10000022,-0.132584,42-UOW V - True Creations Shipyard
60014188,30001896,10000022,-0.13047,A4UG-O VII - Moon 16 - True Creations Shipyard
60014191,30001897,10000022,-0.15655,W-VXL9 IV - Moon 21 - True Creations Assembly Plant
60014194,30001958,10000022,-0.185926,XFBE-T I - Moon 5 - True Creations Shipyard
60014197,30001959,10000022,-0.302784,T-NNJZ V - Moon 2 - True Creations Storage Bay
60014200,30001961,10000022,-0.206225,0T-LIB V - Moon 6 - True Creations Testing Facilities
60014203,30001883,10000022,-0.005934,GU-54G VIII - Moon 1 - True Creations Shipyard
60014206,30001881,10000022,-0.004944,D9D-GD V - Moon 2 - True Creations Shipyard
60014209,30001883,10000022,-0.005934,GU-54G VIII - Moon 5 - True Creations Assembly Plant
60014212,30001932,10000022,-0.057834,Y-4U62 VIII - Moon 2 - True Creations Shipyard
60014215,30001932,10000022,-0.057834,Y-4U62 V - Moon 1 - True Creations Shipyard
60014218,30001931,10000022,-0.038169,RRWI-5 III - True Creations Logistic Support
60014221,30001840,10000022,-0.069378,9RQ-L8 VII - Moon 11 - True Creations Shipyard
60014224,30001842,10000022,-0.050998,TG-Z23 V - Moon 7 - True Creations Storage Bay
60014227,30001842,10000022,-0.050998,TG-Z23 II - Moon 4 - True Creations Logistic Support
60014230,30001847,10000022,-0.248875,HM-UVD VI - Moon 4 - True Creations Shipyard
60014233,30001847,10000022,-0.248875,HM-UVD VII - Moon 5 - True Creations Shipyard
60014236,30001848,10000022,-0.262748,G-ME2K VIII - Moon 14 - True Creations Testing Facilities
60014239,30001922,10000022,-0.186279,ZH-KEV VI - Moon 6 - True Creations Storage Bay
60014242,30001918,10000022,-0.222267,S-BWWQ III - Moon 4 - True Creations Storage Bay
60014245,30001914,10000022,-0.195234,I-ME3L V - Moon 1 - True Creations Testing Facilities
60014248,30001951,10000022,-0.147938,5J-UEX IV - Moon 7 - True Creations Shipyard
60014251,30001952,10000022,-0.100037,1H4V-O II - Moon 1 - True Creations Shipyard
60014254,30001951,10000022,-0.147938,5J-UEX IV - Moon 1 - True Creations Assembly Plant
60014257,30001901,10000022,-0.109468,KP-FQ1 III - Moon 9 - True Creations Storage Bay
60014260,30001902,10000022,-0.103091,RLDS-R I - True Creations Shipyard
60014263,30001901,10000022,-0.109468,KP-FQ1 III - True Creations Assembly Plant
60014266,30001858,10000022,-0.029418,4GQ-XQ XIV - Moon 10 - True Creations Shipyard
60014269,30001858,10000022,-0.029418,4GQ-XQ IX - Moon 1 - True Creations Shipyard
60014272,30001866,10000022,-0.038233,ZG8Q-N VII - Moon 6 - True Creations Testing Facilities
60014275,30001939,10000022,-0.026992,W-Q233 VI - Moon 1 - True Creations Shipyard
60014278,30001938,10000022,-0.042107,O-FTHE V - True Creations Storage Bay
60014281,30001946,10000022,-0.012482,OOO-FS IV - Moon 10 - True Creations Logistic Support
60014284,30001868,10000022,-0.036925,37S-KO VII - True Power Mining Outpost
60014287,30001868,10000022,-0.036925,37S-KO VI - Moon 9 - True Power Assembly Plant
60014290,30001878,10000022,-0.014547,WEQT-K I - Moon 12 - True Power Mineral Reserve
60014293,30001874,10000022,-0.021909,NZG-LF VI - True Power Assembly Plant
60014296,30001884,10000022,-0.014616,7-X3RN VII - Moon 12 - True Power Mining Outpost
60014299,30001886,10000022,-0.006046,9O-ZTS II - Moon 1 - True Power Testing Facilities
60014302,30001848,10000022,-0.262748,G-ME2K VIII - Moon 3 - True Power Mining Outpost
60014305,30001847,10000022,-0.248875,HM-UVD VIII - Moon 2 - True Power Assembly Plant
60014308,30001920,10000022,-0.367488,J-AYLV III - Moon 14 - True Power Mining Outpost
60014311,30001911,10000022,-0.242257,T-8UOF VII - Moon 2 - True Power Logistic Support
60014314,30001901,10000022,-0.109468,KP-FQ1 III - Moon 12 - True Power Mineral Reserve
60014317,30001900,10000022,-0.119389,RV5-DW VII - Moon 2 - True Power Assembly Plant
60014320,30001961,10000022,-0.206225,0T-LIB V - Moon 5 - True Power Mining Outpost
60014323,30001962,10000022,-0.326985,NRT4-U II - True Power Logistic Support
60014326,30001831,10000022,-0.262415,DSS-EZ IV - Moon 1 - True Power Refinery
60014329,30001833,10000022,-0.115761,LGK-VP V - Moon 3 - True Power Assembly Plant
60014332,30001930,10000022,-0.24983,6QBH-S IV - Moon 13 - True Power Mining Outpost
60014335,30001924,10000022,-0.209691,RPS-0K VIII - Moon 1 - True Power Assembly Plant
60014338,30001889,10000022,-0.021005,0G-A25 VI - Moon 20 - True Power Mining Outpost
60014341,30001888,10000022,-0.012751,F9SX-1 V - Moon 1 - True Power Assembly Plant
60014344,30001939,10000022,-0.026992,W-Q233 V - Moon 10 - True Power Refinery
60014347,30001945,10000022,-0.01273,L-A9FS V - Moon 2 - True Power Logistic Support
60014350,30001842,10000022,-0.050998,TG-Z23 II - Moon 7 - True Power Refinery
60014353,30001842,10000022,-0.050998,TG-Z23 III - Moon 8 - True Power Logistic Support
60014356,30001854,10000022,-0.053254,UF-KKH III - Moon 2 - True Power Mineral Reserve
60014359,30001855,10000022,-0.084912,O5Y3-W VI - Moon 1 - True Power Logistic Support
60014362,30001950,10000022,-0.150682,A-XASO IV - Moon 4 - True Power Mining Outpost
60014365,30001952,10000022,-0.100037,1H4V-O V - Moon 2 - True Power Logistic Support
60014368,30001910,10000022,-0.005767,B-G1LG VI - Moon 3 - True Power Mining Outpost
60014371,30001907,10000022,-0.006347,6Y-0TW III - True Power Assembly Plant
60014374,30000905,10000011,-0.119346,M-MD3B IV - Trust Partners Warehouse
60014377,30000904,10000011,-0.067485,N-DQ0D IV - Trust Partners Trading Post
60014380,30002386,10000028,0.559771,Gelfiven VI - Moon 1 - Trust Partners Trading Post
60014383,30002385,10000028,0.586314,Teonusude III - Moon 6 - Trust Partners Trading Post
60014386,30002560,10000030,0.309276,Gultratren III - Moon 2 - Trust Partners Trading Post
60014389,30002557,10000030,0.48302,Atgur VIII - Moon 1 - Trust Partners Warehouse
60014392,30002406,10000028,0.303156,Hedaleolfarber VI - Moon 5 - Trust Partners Warehouse
60014395,30002402,10000028,0.29488,Istodard V - Moon 2 - Trust Partners Trading Post
60014398,30002529,10000030,0.798143,Gyng IV - Trust Partners Trading Post
60014401,30002527,10000030,0.84636,Illinfrik VIII - Moon 1 - Trust Partners Trading Post
60014404,30000061,10000001,0.718783,Agha IX - Moon 6 - Trust Partners Warehouse
60014407,30000057,10000001,0.774198,Nikh V - Moon 2 - Trust Partners Trading Post
60014410,30003322,10000041,-0.013616,3KNK-A IX - Moon 2 - Trust Partners Trading Post
60014413,30003323,10000041,-0.013113,TXW-EI VI - Trust Partners Trading Post
60014416,30003317,10000041,-0.252131,I0AB-R II - Trust Partners Trading Post
60014419,30003317,10000041,-0.252131,I0AB-R V - Moon 1 - Trust Partners Trading Post
60014422,30000075,10000001,0.297802,Assah V - Moon 14 - Trust Partners Warehouse
60014425,30000073,10000001,0.429507,Irshah VIII - Moon 9 - Trust Partners Trading Post
60014428,30002399,10000028,0.804725,Orien IV - Trust Partners Warehouse
60014431,30002399,10000028,0.804725,Orien III - Moon 3 - Trust Partners Trading Post
60014434,30000007,10000001,0.906556,Yuzier VII - Trust Partners Trading Post
60014437,30000001,10000001,0.858324,Tanoo IV - Trust Partners Trading Post
60014440,30002580,10000030,0.171291,Katugumur V - Moon 12 - Trust Partners Warehouse
60014443,30002575,10000030,0.27597,Sotrenzur IX - Moon 1 - Trust Partners Warehouse
60014446,30003287,10000041,-0.172372,T22-QI IV - Moon 8 - Trust Partners Warehouse
60014449,30003287,10000041,-0.172372,T22-QI VI - Moon 13 - Trust Partners Warehouse
60014452,30000112,10000001,0.462835,Arnola VII - Moon 1 - Trust Partners Trading Post
60014455,30000118,10000001,0.433972,Uanzin V - Moon 1 - Trust Partners Warehouse
60014458,30000030,10000001,0.573076,Kasrasi IX - Moon 5 - Trust Partners Trading Post
60014461,30000023,10000001,0.869394,Fovihi V - Moon 6 - Trust Partners Warehouse
60014464,30001484,10000017,-0.102718,9-ERCP VII - Moon 9 - X-Sense Chemical Refinery
60014467,30001485,10000017,-0.040371,KN7M-N V - Moon 17 - X-Sense Reprocessing Facility
60014470,30001480,10000017,-0.079888,54-VNO IX - Moon 1 - X-Sense Chemical Refinery
60014473,30005313,10000068,0.861044,Ellmay VIII - Moon 12 - X-Sense Chemical Refinery
60014476,30005313,10000068,0.861044,Ellmay I - X-Sense Chemical Storage
60014479,30005311,10000068,0.637569,Amygnon VIII - Moon 5 - X-Sense Reprocessing Facility
60014482,30003013,10000037,0.59925,Jurlesel VI - Moon 17 - X-Sense Chemical Refinery
60014485,30003010,10000037,0.728363,Halle X - Moon 4 - X-Sense Chemical Refinery
60014488,30003013,10000037,0.59925,Jurlesel VIII - X-Sense Chemical Refinery
60014491,30005325,10000068,0.783203,Masalle VIII - Moon 1 - X-Sense Chemical Refinery
60014494,30005322,10000068,0.822736,Scolluzer XI - Moon 2 - X-Sense Chemical Storage
60014497,30005322,10000068,0.822736,Scolluzer VIII - Moon 1 - X-Sense Chemical Storage
60014500,30005217,10000067,0.599966,Sheroo VII - X-Sense Chemical Refinery
60014503,30005217,10000067,0.599966,Sheroo VIII - X-Sense Chemical Refinery
60014506,30005217,10000067,0.599966,Sheroo X - Moon 11 - X-Sense Chemical Refinery
60014509,30002711,10000032,0.906329,Stetille VII - Moon 1 - X-Sense Chemical Refinery
60014512,30002711,10000032,0.906329,Stetille V - X-Sense Chemical Refinery
60014515,30002711,10000032,0.906329,Stetille IV - Moon 11 - X-Sense Chemical Refinery
60014518,30003000,10000036,0.352545,Thakala III - Moon 2 - X-Sense Reprocessing Facility
60014521,30002995,10000036,0.581827,Naeel III - X-Sense Chemical Storage
60014524,30003000,10000036,0.352545,Thakala III - Moon 21 - X-Sense Reprocessing Facility
60014527,30001386,10000016,0.549477,Saatuban V - Moon 2 - X-Sense Chemical Storage
60014530,30001390,10000016,0.42091,Pakkonen V - Moon 7 - X-Sense Reprocessing Facility
60014533,30001386,10000016,0.549477,Saatuban I - X-Sense Chemical Refinery
60014536,30004977,10000064,0.397838,Yvangier VIII - X-Sense Chemical Storage
60014539,30004976,10000064,0.55492,Charmerout IX - Moon 3 - X-Sense Chemical Refinery
60014542,30004976,10000064,0.55492,Charmerout I - X-Sense Chemical Refinery
60014545,30002675,10000032,0.582954,Stayme VI - Moon 3 - X-Sense Chemical Refinery
60014548,30002672,10000032,0.715756,Inghenges V - Moon 3 - X-Sense Chemical Refinery
60014551,30002672,10000032,0.715756,Inghenges IV - Moon 4 - X-Sense Chemical Refinery
60014554,30003057,10000037,0.268258,Groothese XI - Moon 11 - X-Sense Chemical Storage
60014557,30003059,10000037,0.353048,Adeel VIII - X-Sense Reprocessing Facility
60014560,30003058,10000037,0.7416,Olide IV - Moon 1 - X-Sense Chemical Refinery
60014563,30003068,10000038,0.36348,Kourmonen V - Moon 4 - X-Sense Chemical Refinery
60014566,30003068,10000038,0.36348,Kourmonen II - Moon 2 - X-Sense Chemical Refinery
60014569,30003068,10000038,0.36348,Kourmonen V - Moon 13 - X-Sense Chemical Refinery
60014572,30003831,10000048,0.728989,Osmeden IX - Moon 8 - X-Sense Chemical Refinery
60014575,30003834,10000048,0.372552,Chardalane V - X-Sense Reprocessing Facility
60014578,30003831,10000048,0.728989,Osmeden VII - Moon 2 - X-Sense Chemical Refinery
60014581,30004084,10000052,0.513195,Ghesis V - Moon 2 - X-Sense Chemical Refinery
60014584,30004084,10000052,0.513195,Ghesis V - Moon 22 - X-Sense Chemical Refinery
60014587,30004084,10000052,0.513195,Ghesis V - Moon 9 - X-Sense Chemical Refinery
60014590,30004099,10000052,0.773736,Sonama VII - Moon 16 - X-Sense Chemical Refinery
60014593,30004099,10000052,0.773736,Sonama VII - Moon 14 - X-Sense Chemical Refinery
60014596,30004099,10000052,0.773736,Sonama VI - Moon 15 - X-Sense Chemical Refinery
60014599,30005042,10000065,0.949,Sehmy VIII - Moon 2 - Hedion University
60014602,30005275,10000067,0.274415,Azedi II - Hedion University
60014605,30001724,10000020,0.910481,Rumida V - Moon 1 - Hedion University
60014608,30002270,10000043,0.411113,Avair X - Hedion University
60014611,30002993,10000036,0.647601,Riavayed IX - Moon 12 - Hedion University
60014614,30003092,10000038,0.556722,Komaa VI - Moon 17 - Hedion University
60014617,30003482,10000043,0.53738,Mista VI - Moon 16 - Hedion University
60014620,30001715,10000020,0.705992,Moutid II - Moon 14 - Hedion University
60014623,30004267,10000054,0.306848,Nema X - Moon 6 - Hedion University
60014626,30005258,10000067,0.324548,Korridi IV - Hedion University
60014629,30003489,10000043,0.949,Chaven VIII - Moon 1 - Imperial Academy
60014632,30003522,10000043,0.949,Sarum Prime III - Moon 2 - Imperial Academy
60014635,30001685,10000020,0.269502,Ordat V - Moon 1 - Imperial Academy
60014638,30003473,10000043,0.518156,Fahruni XI - Imperial Academy
60014641,30004142,10000052,0.811302,Hikansog VII - Imperial Academy
60014644,30001718,10000020,0.642081,Paye VI - Moon 1 - Imperial Academy
60014647,30004277,10000054,0.185388,Ajna VIII - Moon 5 - Imperial Academy
60014650,30005275,10000067,0.274415,Azedi V - Moon 1 - Imperial Academy
60014653,30001733,10000020,0.949794,Tew VII - Imperial Academy
60014656,30005063,10000065,0.174403,Schmaeel VIII - Moon 9 - Imperial Academy
60014659,30000141,10000002,0.949,Kisogo VII - State War Academy
60014662,30001391,10000016,0.50597,Piekura VIII - Moon 11 - State War Academy
60014665,30002740,10000033,0.538036,Eitu VI - Moon 3 - State War Academy
60014668,30002792,10000033,0.520267,Irjunen IV - House of Records School
60014671,30001366,10000016,0.694322,Uosusuokko VII - Moon 1 - State War Academy
60014674,30001432,10000016,0.523532,Uesuro IV - State War Academy
60014677,30002755,10000033,0.543759,Usi VI - Moon 23 - State War Academy
60014680,30001411,10000016,0.775104,Autama V - Moon 9 - State War Academy
60014683,30002776,10000033,0.80747,Annaro VIII - Moon 4 - State War Academy
60014686,30000165,10000002,0.650832,Ishisomo VIII - Moon 11 - State War Academy
60014689,30004971,10000064,0.949,Duripant VII - Moon 6 - Federal Navy Academy
60014692,30002685,10000032,0.70661,Dodenvale VIII - Federal Navy Academy
60014695,30005322,10000068,0.822736,Scolluzer VII - Moon 3 - Federal Navy Academy
60014698,30003017,10000037,0.833758,Harerget II - Moon 1 - Federal Navy Academy
60014701,30003570,10000044,0.215066,Elore VI - Moon 4 - Federal Navy Academy
60014704,30005297,10000068,0.418579,Ouelletta V - Moon 5 - Federal Navy Academy
60014707,30003850,10000048,0.146572,Alparena V - Moon 4 - Federal Navy Academy
60014710,30004991,10000064,0.299746,Vitrauze XI - Moon 2 - Federal Navy Academy
60014713,30005009,10000064,0.460556,Allebin VI - Federal Navy Academy
60014716,30002718,10000032,0.364661,Rancer VI - Moon 6 - Federal Navy Academy
60014719,30005305,10000068,0.949,Cistuvaert V - Moon 12 - Center for Advanced Studies School
60014722,30003819,10000048,0.068201,Barleguet VII - Moon 6 - Center for Advanced Studies School
60014725,30003039,10000037,0.647193,Leremblompes IV - Moon 11 - Center for Advanced Studies School
60014728,30005007,10000064,0.373263,Lisbaetanne V - Moon 8 - Center for Advanced Studies School
60014731,30003798,10000048,0.487171,Slays VII - Moon 3 - Center for Advanced Studies School
60014734,30002663,10000032,0.630377,Foves V - Center for Advanced Studies School
60014737,30003787,10000048,0.208648,Agoze IX - Moon 2 - Center for Advanced Studies School
60014740,30002634,10000032,0.460889,Balle VII - Moon 17 - Center for Advanced Studies School
60014743,30002648,10000032,0.55178,Ardene VIII - Moon 11 - Center for Advanced Studies School
60014746,30003058,10000037,0.7416,Olide IV - Moon 4 - Center for Advanced Studies School
60014749,30002547,10000030,0.949,Ammold V - Republic Military School
60014752,30002386,10000028,0.559771,Gelfiven IX - Moon 4 - Native Freshfood School
60014755,30002520,10000030,0.706616,Dumkirinur V - Republic Military School
60014758,30002076,10000042,0.292149,Dudreda VI - Moon 4 - Republic Military School
60014761,30002393,10000028,0.250458,Aedald VIII - Moon 5 - Republic Military School
60014764,30002562,10000030,0.712665,Trer VIII - Moon 16 - Republic Military School
60014767,30002090,10000042,0.306094,Frerstorn VI - Moon 8 - Republic Military School
60014770,30002051,10000042,0.464528,Anher V - Republic Military School
60014773,30002533,10000030,0.822566,Gerbold III - Moon 14 - Republic Military School
60014776,30003408,10000042,0.794983,Evettullur VI - Republic Military School
60014779,30002505,10000030,0.949,Hulm VIII - Moon 2 - Republic University
60014782,30003377,10000042,0.91335,Illuin V - Moon 13 - Republic University
60014785,30003456,10000042,0.736092,Hotrardik VI - Moon 17 - Republic University
60014788,30002092,10000042,0.311342,Sirekur VIII - Moon 1 - Republic University
60014791,30002531,10000030,0.732252,Gerek V - Moon 3 - Republic University
60014794,30003468,10000042,0.712585,Hroduko V - Moon 4 - Republic University
60014797,30002560,10000030,0.309276,Gultratren V - Moon 4 - Republic University
60014800,30002082,10000042,0.402952,Floseswin VIII - Moon 7 - Republic University
60014803,30003441,10000042,0.5993,Earwik VI - Moon 10 - Republic University
60014806,30002068,10000042,0.520913,Nakugard V - Republic University
60014809,30003410,10000042,0.949,Ryddinjorn VI - Moon 2 - Pator Tech School
60014812,30003453,10000042,0.761926,Orduin IX - Moon 12 - Pator Tech School
60014815,30002390,10000028,0.330762,Heild X - Moon 1 - Pator Tech School
60014818,30003416,10000042,0.615566,Aldrat IX - Pator Tech School
60014821,30002087,10000042,0.355195,Isbrabata VII - Moon 1 - Pator Tech School
60014824,30002404,10000028,0.241078,Half VIII - Moon 1 - Pator Tech School
60014827,30002537,10000030,0.438761,Amamake VI - Moon 8 - Pator Tech School
60014830,30003467,10000042,0.434329,Frulegur IV - Moon 1 - Pator Tech School
60014833,30002527,10000030,0.84636,Illinfrik VII - Moon 12 - Pator Tech School
60014836,30002062,10000042,0.115855,Todifrauan VII - Moon 19 - Pator Tech School
60014839,30000380,10000004,-0.000633,Polaris I - Polaris Corporation Plantation
60014842,30000380,10000004,-0.000633,Polaris II - Polaris Corporation Plantation
60014845,30000380,10000004,-0.000633,Polaris III - Polaris Corporation Plantation
60014848,30000380,10000004,-0.000633,Polaris IV - Polaris Corporation Plantation
60014851,30001479,10000017,-0.189016,M-FDTD I - Material Institute School
60014854,30001482,10000017,-0.068259,HD3-JK I - Academy of Aggressive Behaviour
60014857,30002691,10000032,0.39845,Crielere I - Ishukone Corporation Research Center
60014860,30002691,10000032,0.39845,Crielere I - Duvolle Laboratories Research Center
60014935,30000145,10000002,0.949,New Caldari II (Matias) - Kaalakiota Corporation Factory
60014940,30004706,10000060,-0.005241,UHKL-N V - Moon 1 - Blood Raiders Testing Facilities
60014941,30004707,10000060,-0.004584,Z3V-1W VII - Blood Raiders Assembly Plant
60014942,30004709,10000060,-0.003493,KFIE-Z III - Moon 7 - Blood Raiders Assembly Plant
60014943,30004709,10000060,-0.003493,KFIE-Z VIII - Moon 18 - Blood Raiders Logistic Support
60014944,30004708,10000060,-0.006374,A-ELE2 VI - Blood Raiders Assembly Plant
60014945,30004710,10000060,-0.015274,1DH-SX III - Moon 1 - Blood Raiders Logistic Support
60014946,30004711,10000060,-0.02654,PR-8CA III - Blood Raiders Logistic Support
60014947,30004718,10000060,-0.098013,FWST-8 II - Blood Raiders Logistic Support
60014948,30004721,10000060,-0.127112,G-TT5V VII - Moon 11 - Blood Raiders Testing Facilities
60014949,30004719,10000060,-0.177757,YZ9-F6 V - Blood Raiders Assembly Plant
60014950,30004720,10000060,-0.204129,0N-3RO VII - Moon 14 - Blood Raiders Testing Facilities
60014951,30004722,10000060,-0.324312,319-3D IX - Moon 22 - Blood Raiders Logistic Support
60014952,30004723,10000060,-0.249602,I3Q-II VII - Moon 2 - Blood Raiders Assembly Plant
60015001,30011407,10000016,0.745255,Akiainavas III - School of Applied Knowledge
60015002,30021407,10000002,0.949,Aokannitoh VII - Moon 2 - School of Applied Knowledge
60015003,30031407,10000016,0.946749,Hitanishio VI - Moon 6 - School of Applied Knowledge
60015004,30041407,10000016,0.878246,Ichinumi VII - School of Applied Knowledge
60015005,30011392,10000016,0.889763,Jouvulen III - Science and Trade Institute School
60015006,30021392,10000016,0.869985,Kappas VIII - Moon 1 - Science and Trade Institute School
60015007,30031392,10000070,-1.0,Komo IX - Perun Clade Proving Complex
60015008,30041392,10000033,0.919513,Laah VIII - Moon 1 - Science and Trade Institute School
60015009,30011672,10000020,0.949,Kerepa I - Royal Amarr Institute School
60015010,30021672,10000020,0.914349,Pasha VII - Moon 3 - Royal Amarr Institute School
60015011,30031672,10000020,0.949,Safilbab VIII - Moon 4 - Royal Amarr Institute School
60015012,30041672,10000020,0.937362,Seitam VI - Royal Amarr Institute School
60015013,30012715,10000032,0.871647,Odotte III - University of Caille
60015014,30022715,10000032,0.901727,Oirtlair VI - Moon 1 - University of Caille
60015015,30032715,10000032,0.920964,Olelon IV - University of Caille
60015016,30042715,10000032,0.91441,Trossere VII - Moon 3 - University of Caille
60015017,30015042,10000052,0.879637,Akhwa II - Moon 1 - Hedion University
60015018,30025042,10000065,0.821071,Annad V - Hedion University
60015019,30035042,10000065,0.80241,Chaktaren VII - Moon 3 - Hedion University
60015020,30045042,10000065,0.905249,Conoban VII - Moon 8 - Hedion University
60015021,30013489,10000043,0.914173,Deepari II - Imperial Academy
60015022,30023489,10000043,0.91288,Fora V - Moon 3 - Imperial Academy
60015023,30033489,10000043,0.907532,Hanan VI - Imperial Academy
60015024,30043489,10000043,0.915999,Horir III - Moon 1 - Imperial Academy
60015025,30010141,10000070,-1.0,Sakenta I - Perun Clade Proving Complex
60015026,30020141,10000070,-1.0,Senda III - Moon 1 - Veles Clade Proving Complex
60015027,30030141,10000002,0.924096,Uitra VI - Moon 4 - State War Academy
60015028,30040141,10000070,-1.0,Urhinichi IX - Svarog Clade Proving Complex
60015029,30014971,10000064,0.902461,Couster II - Moon 1 - Federal Navy Academy
60015030,30024971,10000064,0.827598,Hecarrin VI - Moon 3 - Federal Navy Academy
60015031,30034971,10000064,0.837329,Henebene V - Federal Navy Academy
60015032,30044971,10000064,0.857655,Mesokel I - Federal Navy Academy
60015033,30015305,10000068,0.885123,Adallier II - Center for Advanced Studies School
60015034,30025305,10000068,0.899808,Channace III - Moon 3 - Center for Advanced Studies School
60015035,30035305,10000068,0.870855,Clacille IV - Center for Advanced Studies School
60015036,30045305,10000068,0.848466,Clellinon VI - Moon 11 - Center for Advanced Studies School
60015037,30012547,10000030,0.948772,Hadaugago II - Moon 1 - Republic Military School
60015038,30022547,10000030,0.911701,Krilmokenur VII - Moon 8 - Republic Military School
60015039,30032547,10000030,0.932643,Larkugei IX - Republic Military School
60015040,30042547,10000030,0.949,Loguttur I - Republic Military School
60015041,30012505,10000030,0.949,Malukker I - Republic University
60015042,30022505,10000042,0.949,Orgron VI - Moon 1 - Republic University
60015043,30032505,10000030,0.949,Todeko VII - Republic University
60015044,30042505,10000030,0.949,Usteli V - Republic University
60015045,30013410,10000042,0.949,Abrat III - Pator Tech School
60015046,30023410,10000042,0.949,Embod IV - Moon 10 - Pator Tech School
60015047,30033410,10000042,0.928317,Erego VII - Moon 20 - Pator Tech School
60015048,30043410,10000042,0.949,Fildar V - Pator Tech School
60015049,30005015,10000064,0.870733,Synchelle I - Federal Navy Academy
60015050,30003524,10000043,0.949,Irnal I - Imperial Academy
60015051,30001722,10000020,0.925733,Marthia I - Royal Amarr Institute School
60015052,30003388,10000042,0.938167,Olbra I - Pator Tech School
60015053,30002518,10000030,0.949,Edmalbrurdus I - Republic University
60015054,30002978,10000036,0.355538,Asghed III - 24th Imperial Crusade Logistic Support
60015055,30002981,10000036,0.448846,Halmah IV - 24th Imperial Crusade Assembly Plant
60015056,30002979,10000036,0.327188,Tararan IV - 24th Imperial Crusade Logistic Support
60015057,30002960,10000036,0.22043,Arzad VIII - 24th Imperial Crusade Logistic Support
60015058,30002957,10000036,0.279871,Tzvi VI - 24th Imperial Crusade Logistic Support
60015059,30003067,10000038,0.370249,Huola VI - 24th Imperial Crusade Logistic Support
60015060,30003069,10000038,0.440866,Kamela V - 24th Imperial Crusade Logistic Support
60015061,30003089,10000038,0.114374,Kurniainen IX - 24th Imperial Crusade Logistic Support
60015062,30003088,10000038,0.258891,Oyonata VI - 24th Imperial Crusade Logistic Support
60015063,30003091,10000038,0.247082,Tannakan VII - 24th Imperial Crusade Logistic Support
60015064,30003072,10000038,0.413819,Iesa IV - 24th Imperial Crusade Testing Facilities
60015065,30003070,10000038,0.420527,Sosala IV - 24th Imperial Crusade Logistic Support
60015066,30003074,10000038,0.542635,Sasiekko III - 24th Imperial Crusade Logistic Support
60015067,30002755,10000033,0.543759,Usi III - State Protectorate Logistic Support
60015068,30045339,10000069,0.327798,Enaluri V - State Protectorate Assembly Plant
60015069,30045332,10000069,0.256374,Asakai II - State Protectorate Testing Facilities
60015070,30045324,10000069,0.555534,Onnamon IV - State Protectorate Logistic Support
60015071,30002756,10000033,0.374638,Ishomilken V - State Protectorate Logistic Support
60015072,30002809,10000033,0.311136,Sujarento IV - State Protectorate Logistic Support
60015073,30045352,10000069,0.309433,Nisuwa VII - State Protectorate Logistic Support
60015074,30045339,10000069,0.327798,Enaluri II - State Protectorate Logistic Support
60015075,30045316,10000069,0.317139,Innia II - State Protectorate Logistic Support
60015076,30045306,10000069,0.246859,Hykanima I - State Protectorate Logistic Support
60015077,30045349,10000069,0.22278,Rakapas II - State Protectorate Logistic Support
60015078,30045319,10000069,0.397185,Eha III - State Protectorate Logistic Support
60015079,30045340,10000069,0.37733,Aivonen VI - State Protectorate Logistic Support
60015080,30004980,10000064,0.345511,Fliet III - Federal Defense Union Logistic Support
60015081,30004998,10000064,0.370082,Parts I - Federal Defense Union Logistic Support
60015082,30005298,10000068,0.20681,Costolle V - Federal Defense Union Logistic Support
60015083,30005297,10000068,0.418579,Ouelletta II - Federal Defense Union Logistic Support
60015084,30003842,10000048,0.290698,Esesier IX - Federal Defense Union Logistic Support
60015085,30003825,10000048,0.404252,Eugales V - Federal Defense Union Assembly Plant
60015086,30003828,10000048,0.394321,Moclinamaud VII - Federal Defense Union Logistic Support
60015087,30003853,10000048,0.122967,Mercomesier III - Federal Defense Union Logistic Support
60015088,30003788,10000048,0.6,Intaki II - Federal Defense Union Logistic Support
60015089,30003792,10000048,0.172621,Ostingele IV - Federal Defense Union Testing Facilities
60015090,30003795,10000048,0.355901,Covryn III - Federal Defense Union Logistic Support
60015091,30003799,10000048,0.205721,Uphallant II - Federal Defense Union Logistic Support
60015092,30005308,10000068,0.520488,Jufvitte IV - Federal Defense Union Logistic Support
60015093,30002541,10000030,0.41136,Dal I - Tribal Liberation Force Logistic Support
60015094,30002516,10000030,0.343974,Lulm IV - Tribal Liberation Force Logistic Support
60015095,30002515,10000030,0.438684,Olfeim IV - Tribal Liberation Force Logistic Support
60015096,30002094,10000042,0.252911,Ebolfer V - Tribal Liberation Force Testing Facilities
60015097,30002095,10000042,0.212796,Eszur III - Tribal Liberation Force Assembly Plant
60015098,30002059,10000042,0.407542,Auner VI - Tribal Liberation Force Logistic Support
60015099,30002057,10000042,0.396071,Hadozeko II - Tribal Liberation Force Logistic Support
60015100,30002082,10000042,0.402952,Floseswin IV - Tribal Liberation Force Logistic Support
60015101,30002102,10000042,0.124563,Gukarla V - Tribal Liberation Force Logistic Support
60015102,30002098,10000042,0.228674,Orfrold IV - Tribal Liberation Force Logistic Support
60015103,30002061,10000042,0.273964,Ofstold IV - Tribal Liberation Force Logistic Support
60015104,30002055,10000042,0.474411,Amo II - Tribal Liberation Force Logistic Support
60015105,30045306,10000069,0.246859,Hykanima V - Lai Dai Protection Service Testing Facilities
60015106,30045307,10000069,0.140077,Okagaiken IV - Caldari Navy Logistic Support
60015107,30045308,10000069,0.247581,Kehjari II - Kaalakiota Corporation Factory
60015108,30045309,10000069,0.140693,Villasen V - Lai Dai Protection Service Logistic Support
60015109,30045310,10000069,0.216852,Sarenemi V - Home Guard Assembly Plant
60015110,30045313,10000069,0.107988,Ienakkamon X - Caldari Navy Logistic Support
60015111,30045314,10000069,0.415623,Kinakka III - Lai Dai Corporation Factory
60015112,30045317,10000069,0.319767,Iralaja VII - Home Guard Testing Facilities
60015113,30045317,10000069,0.319767,Iralaja IX - Home Guard Testing Facilities
60015114,30045320,10000069,0.395649,Pavanakka III - Caldari Constructions Warehouse
60015115,30045322,10000069,0.652785,Samanuni III - Wiyrkomi Corporation Factory
60015116,30045322,10000069,0.652785,Samanuni VIII - Caldari Constructions Logistic Support
60015117,30045322,10000069,0.652785,Samanuni XI - Caldari Navy Warehouse
60015118,30045326,10000069,0.492079,Uuhulanen VIII - Caldari Navy Logistic Support
60015119,30045326,10000069,0.492079,Uuhulanen X - Lai Dai Protection Service Assembly Plant
60015120,30045329,10000070,-1.0,Ichoriya VI - Veles Clade Extractive Terminus
60015121,30045330,10000069,0.285364,Okkamon VII - Caldari Navy Assembly Plant
60015122,30045330,10000069,0.285364,Okkamon III - Home Guard Assembly Plant
60015123,30045333,10000069,0.235087,Prism VII - Wiyrkomi Peace Corps Assembly Plant
60015124,30045335,10000069,0.287172,Teskanen IV - Caldari Navy Assembly Plant
60015125,30045341,10000069,0.364361,Hallanen IV - Caldari Navy Assembly Plant
60015126,30045344,10000069,0.274258,Nennamaila X - Wiyrkomi Peace Corps Assembly Plant
60015127,30045348,10000069,0.188791,Notoras V - Caldari Navy Assembly Plant
60015128,30045348,10000069,0.188791,Notoras III - Caldari Navy Assembly Plant
60015129,30045348,10000069,0.188791,Notoras II - Lai Dai Protection Service Assembly Plant
60015130,30045349,10000069,0.22278,Rakapas V - Home Guard Assembly Plant
60015131,30045324,10000069,0.555534,Onnamon I - State War Academy
60015132,30002795,10000033,0.453128,Oshaima IV - State Protectorate Logistic Support
60015133,30001376,10000016,0.816557,Nourvukaiken V - State Protectorate Logistic Support
60015134,30001434,10000016,0.512768,Elanoda IV - State Protectorate Logistic Support
60015135,30003075,10000038,0.481707,Myyhera III - 24th Imperial Crusade Logistic Support
60015136,30003076,10000038,0.465589,Gammel III - 24th Imperial Crusade Logistic Support
60015137,30002974,10000036,0.659473,Mehatoor VI - 24th Imperial Crusade Logistic Support
60015138,30002967,10000036,0.589287,Dihra V - 24th Imperial Crusade Logistic Support
60015139,30002507,10000030,0.732448,Abudban IV - Tribal Liberation Force Logistic Support
60015140,30002053,10000042,0.8,Hek VII - Tribal Liberation Force Logistic Support
60015141,30002051,10000042,0.464528,Anher I - Tribal Liberation Force Logistic Support
60015142,30004973,10000064,0.578162,Caslemon III - Federal Defense Union Logistic Support
60015143,30005307,10000068,0.612358,Aidart IV - Federal Defense Union Logistic Support
60015144,30004993,10000064,0.9,Villore VI - Federal Defense Union Logistic Support
60015145,30003830,10000048,0.746238,Orvolle VII - Federal Defense Union Logistic Support
60015146,30002784,10000033,0.813315,Tintoh VIII - Caldari Navy Testing Facilities
60015147,30045329,10000070,-1.0,Ichoriya V - Veles Clade Mutaplasmid Farm
60015148,31000005,11000031,-0.99,Thera XII - The Sanctuary Institute of Paleocybernetics
60015149,31000005,11000031,-0.99,Thera XII - The Sanctuary Surveillance Observatory
60015150,31000005,11000031,-0.99,Thera XIII - The Sanctuary Applied Gravitation Laboratory
60015151,31000005,11000031,-0.99,Thera XIV - The Sanctuary Fullerene Loom
60015152,30002544,10000030,0.949,Pator IV (Matar) - Thukker Council Halls of Liberation
60015153,30002715,10000032,0.949,Bourynes VII - AIR Laboratories
60015154,30003489,10000043,0.949,Chaven VIII - AIR Laboratories
60015155,30005042,10000065,0.949,Sehmy VIII - AIR Laboratories
60015156,30001672,10000020,0.949,Emrayur III - AIR Laboratories
60015157,30000141,10000002,0.949,Kisogo VII - AIR Laboratories
60015158,30001407,10000016,0.949,Todaki VI - AIR Laboratories
60015159,30001392,10000016,0.949,Amsen VI - AIR Laboratories
60015160,30004971,10000064,0.949,Duripant VII - AIR Laboratories
60015161,30005305,10000068,0.949,Cistuvaert V - AIR Laboratories
60015162,30002547,10000030,0.949,Ammold V - AIR Laboratories
60015163,30003410,10000042,0.949,Ryddinjorn VI - AIR Laboratories
60015164,30002505,10000030,0.949,Hulm VIII - AIR Laboratories
60015165,30002676,10000032,0.9,Parchanier IV - President Bureau
60015166,30003014,10000037,0.9,Bereye III - Supreme Court Tribunal
60015167,30005203,10000067,0.86196,Ourapheh V - Paragon Fulfillment Center
60015168,30002187,10000043,0.949,Amarr VII (Nemantizor) - Paragon Fulfillment Center
60015169,30000142,10000002,0.945913,Jita VI - Paragon Fulfillment Center
60015170,30002659,10000032,0.868407,Dodixie V - Paragon Fulfillment Center
60015171,30002053,10000042,0.8,Hek IX - Paragon Fulfillment Center
60015172,30002510,10000030,0.894582,Rens V - Paragon Fulfillment Center
60015173,30045322,10000069,0.652785,Samanuni VI - Caldari Navy Anchorage
60015174,30005311,10000068,0.637569,Amygnon III - Federation Navy Anchorage
60015175,30002537,10000030,0.438761,Amamake III - Paragon Fulfillment Center
60015176,30000075,10000001,0.297802,Assah VI - Paragon Fulfillment Center
60015177,30003827,10000048,0.431851,Aubenall II - Paragon Fulfillment Center
60015178,30004236,10000054,0.241707,Yehaba VI - Paragon Fulfillment Center
60015179,30001448,10000016,0.296379,Hakonen VII - Paragon Fulfillment Center
60015180,30003788,10000048,0.6,Intaki V (Intaki Prime) - Federation Navy Anchorage
60015181,30003296,10000041,-0.058098,0EK-NJ V - Caldari Navy Anchorage
60015182,30003299,10000041,-0.06625,T-LIWS II - Caldari Navy Anchorage
60015183,30003298,10000041,-0.049186,UM-Q7F IX - Caldari Navy Anchorage
60015184,30045324,10000069,0.555534,Onnamon VII - Caldari Navy Anchorage
60015185,30002974,10000036,0.659473,Mehatoor III - Amarr Navy Anchorage
60015186,30002055,10000042,0.474411,Amo III - Republic Fleet Anchorage
60015187,30100000,10001000,-1.0,Zarzakh - Deathless Custodians - The Fulcrum
60015198,30100045,10001004,1.0,Mettle IV - AIR Laboratories
60015199,30100047,10001004,1.0,Repute IV - AIR Laboratories
60015200,30100046,10001004,1.0,Venerate VIII - AIR Laboratories
60015201,30100049,10001004,1.0,Sagacity VII - AIR Laboratories
60015202,30100048,10001004,1.0,Adroit V - AIR Laboratories
60015203,30100050,10001004,1.0,Erudite III - AIR Laboratories
60015204,30100052,10001004,1.0,Tenacity VI - AIR Laboratories
60015205,30100051,10001004,1.0,Solemn V - AIR Laboratories
60015206,30100053,10001004,1.0,Valiance IV - AIR Laboratories
60015207,30100054,10001004,1.0,Chivalric II - AIR Laboratories
60015208,30100055,10001004,1.0,Equity V - AIR Laboratories
60015209,30100056,10001004,1.0,Abstention V - AIR Laboratories
60015210,30100079,10001004,1.0,Mazor V - Hedion University
60015211,30100080,10001004,1.0,Kanta IV - Royal Amarr Institute
60015212,30100072,10001004,1.0,Tungna IV - Moon 1 - Pator Tech School
60015213,30100073,10001004,1.0,Dranga III - Republic University
60015214,30100059,10001004,1.0,Ligare V - University of Caille
60015215,30100058,10001004,1.0,Rotonos IV - Moon 2 - Center for Advanced Studies
60015216,30100066,10001004,1.0,Pamirasu VI - School of Applied Knowledge
60015217,30100065,10001004,1.0,Aldoras VI - Science and Trade Institute
60015218,30100067,10001004,1.0,Hotak III - Moon 1 - Caldari Navy Logistic Support
60015219,30100067,10001004,1.0,Hotak IX - Deep Core Mining Inc. Mining Outpost
60015220,30100064,10001004,1.0,Kita-Aino V - Moon 8 - Chief Executive Panel Bureau
60015221,30100070,10001004,1.0,Tatrys II - House of Records Information Center
60015222,30100070,10001004,1.0,Tatrys V - Moon 3 - State Protectorate Logistic Support
60015223,30100060,10001004,1.0,Axiosere V - Moon 1 - Federation Navy Logistic Support
60015224,30100060,10001004,1.0,Axiosere VII - Astral Mining Inc. Mining Outpost
60015225,30100057,10001004,1.0,Tiberis VII - Moon 1 - President Bureau
60015226,30100063,10001004,1.0,Mondaekus IV - Moon 1 - Federal Defense Union Logistic Support
60015227,30100063,10001004,1.0,Mondaekus VIII - Federal Intelligence Office Testing Facilities
60015228,30100084,10001004,1.0,Ichorah IV - 24th Imperial Crusade Logistic Support
60015229,30100084,10001004,1.0,Ichorah VII - Moon 1 - Ministry of Internal Order Testing Facilities
60015230,30100078,10001004,1.0,Adaz V - Emperor Family Bureau
60015231,30100081,10001004,1.0,Taikud IV - Amarr Navy Logistic Support
60015232,30100081,10001004,1.0,Taikud XI - Moon 1 - HZO Refinery Mining Outpost
60015233,30100071,10001004,1.0,Vatna III - Republic Parliament Bureau
60015234,30100074,10001004,1.0,Tindfjalla V - Republic Fleet Logistic Support
60015235,30100074,10001004,1.0,Tindfjalla IV - Minmatar Mining Corporation Mining Outpost
60015236,30100077,10001004,1.0,Dettisolin II - Tribal Liberation Force Logistic Support
60015237,30100077,10001004,1.0,Dettisolin VII - Moon 2 - Republic Security Services Logistic Support
60015238,30100041,10001004,1.0,Rigor V - Native Freshfood Warehouse
60015240,30100043,10001004,1.0,Steadfast IV - Moon 1 - Nurtura Warehouse
60015241,30100044,10001004,1.0,Couth III - Moon 1 - Inner Zone Shipping Storage
60015242,30100044,10001004,1.0,Couth VIII - Moon 4 - CONCORD Assembly Plant
60015243,30100042,10001004,1.0,Lenity V - Genolution Biotech Research Center
60015244,30100039,10001004,1.0,Celerity V - Moon 1 - Mercantile Club Bureau
60015245,30100040,10001004,1.0,Ratiocinate IX - Inner Circle Bureau
60015246,30100038,10001004,1.0,Lustre VI - Sisters of EVE Bureau
60015247,30100034,10001004,1.0,Fortitude III - Poteque Pharmaceuticals Biotech Production
60015248,30100035,10001004,1.0,Forte V - Moon 2 - DED Assembly Plant
60015249,30100032,10001004,1.0,Manifest V - AIR Laboratories Trade Center
60015251,30100032,10001004,1.0,Manifest IV - Moon 5 - Paragon Fulfillment Center
60015252,30100032,10001004,1.0,Manifest VI - CONCORD Bureau
60015260,30000142,10000002,0.945913,Jita II - Sebiestor Tribe Trade Embassy
60015261,30000142,10000002,0.945913,Jita III - Moon 1 - Tash-Murkon Family Trade Embassy
60015262,30000142,10000002,0.945913,Jita VIII - Quafe Company Trade Embassy
