regionID,solarSystemID,solarSystemName,security
10000001,30000001,Tanoo,0.858324
10000001,30000002,Lashesih,0.751689
10000001,30000003,Akpivem,0.846292
10000001,30000004,Jark,0.817001
10000001,30000005,Sasta,0.814337
10000001,30000006,Zaid,0.864229
10000001,30000007,Yuzier,0.906556
10000001,30000008,Nirbhi,0.882116
10000001,30000009,Sooma,0.577819
10000001,30000010,Chidah,0.539052
10000001,30000011,Shenela,0.456959
10000001,30000012,Asabona,0.322884
10000001,30000013,Onsooh,0.442817
10000001,30000014,Shamahi,0.355242
10000001,30000015,Sendaya,0.293933
10000001,30000016,Nazhgete,0.391497
10000001,30000017,Futzchag,0.172229
10000001,30000018,Kazna,0.231263
10000001,30000019,Podion,0.109705
10000001,30000020,Lilmad,0.160449
10000070,30000021,Kuharah,-1.0
10000001,30000022,Jayneleb,0.11384
10000001,30000023,Fovihi,0.869394
10000001,30000024,Kiereend,0.840835
10000001,30000025,Rashy,0.803266
10000001,30000026,Ordize,0.695564
10000001,30000027,Psasa,0.749913
10000001,30000028,Eshtah,0.768433
10000001,30000029,Lachailes,0.573051
10000001,30000030,Kasrasi,0.573076
10000001,30000031,Mohas,0.681783
10000001,30000032,Hasiari,0.798188
10000001,30000033,Radima,0.75392
10000001,30000034,Alkez,0.782123
10000001,30000035,Nimambal,0.594051
10000001,30000036,Yishinoon,0.424718
10000001,30000037,Uplingur,0.422069
10000001,30000038,Dooz,0.423729
10000001,30000039,Bayuka,0.400722
10000001,30000040,Uzistoon,0.390646
10000001,30000041,Bairshir,0.364088
10000001,30000042,Moh,0.472835
10000001,30000043,Sari,0.379343
10000001,30000044,Faspera,0.128258
10000001,30000045,Jaymass,0.216311
10000001,30000046,Mifrata,0.303803
10000001,30000047,Majamar,0.369186
10000001,30000048,Ihal,0.492701
10000001,30000049,Camal,0.212977
10000001,30000050,Fera,0.477246
10000001,30000051,Juddi,0.649137
10000001,30000052,Maspah,0.799901
10000001,30000053,Ibaria,0.730979
10000001,30000054,Shala,0.715564
10000001,30000055,Zemalu,0.725159
10000001,30000056,Khankenirdia,0.613596
10000001,30000057,Nikh,0.774198
10000001,30000058,Amphar,0.702187
10000001,30000059,Salashayama,0.665586
10000001,30000060,Janus,0.545571
10000001,30000061,Agha,0.718783
10000001,30000062,Iosantin,0.450343
10000001,30000063,Orva,0.50995
10000001,30000064,Zet,0.569698
10000001,30000065,Akhrad,0.358477
10000001,30000066,Pirohdim,0.628696
10000001,30000067,Sharir,0.396849
10000001,30000068,Usroh,0.597458
10000001,30000069,Thiarer,0.542033
10000001,30000070,Gomati,0.387421
10000001,30000071,Jangar,0.527329
10000001,30000072,Nakah,0.363864
10000001,30000073,Irshah,0.429507
10000001,30000074,Hasateem,0.426496
10000001,30000075,Assah,0.297802
10000001,30000076,Tidacha,0.820099
10000001,30000077,Odlib,0.824517
10000001,30000078,Jofan,0.779548
10000001,30000079,Milu,0.769625
10000001,30000080,Yadi,0.750268
10000001,30000081,Buftiar,0.708741
10000001,30000082,Jarizza,0.765431
10000001,30000083,Ejahi,0.72891
10000001,30000084,Asghatil,0.794778
10000001,30000085,Bar,0.665838
10000001,30000086,Sucha,0.658265
10000001,30000087,Gelhan,0.701676
10000001,30000088,Akeva,0.664835
10000001,30000089,Sosa,0.301179
10000001,30000090,Ilahed,0.315943
10000001,30000091,Eshwil,0.218968
10000001,30000092,Aranir,0.242789
10000001,30000093,Ishkad,0.366036
10000001,30000094,Hahyil,0.208115
10000001,30000095,Asilem,0.284998
10000001,30000096,Mahnagh,0.205003
10000001,30000097,Shach,0.326043
10000001,30000098,Kehrara,0.364844
10000001,30000099,Arena,0.44233
10000001,30000100,Timeor,0.314131
10000001,30000101,Uhtafal,0.499612
10000001,30000102,Dysa,0.236195
10000001,30000103,Serad,0.525836
10000001,30000104,Mahti,0.228282
10000001,30000105,Abha,0.434101
10000001,30000106,Shedoo,0.506118
10000001,30000107,Gamis,0.473906
10000001,30000108,Nieril,0.35344
10000001,30000109,Berta,0.489557
10000001,30000110,Bekirdod,0.405349
10000001,30000111,Hothomouh,0.422981
10000001,30000112,Arnola,0.462835
10000001,30000113,Astabih,0.408818
10000001,30000114,Ubtes,0.336073
10000001,30000115,Bimener,0.270041
10000001,30000116,Kenobanala,0.289398
10000001,30000117,Khabi,0.248619
10000001,30000118,Uanzin,0.433972
10000002,30000119,Itamo,0.671738
10000002,30000120,Mitsolen,0.633706
10000002,30000121,Jatate,0.637428
10000002,30000122,Mahtista,0.658238
10000002,30000123,Vaankalen,0.64717
10000002,30000124,Kylmabe,0.731931
10000002,30000125,Ahtulaima,0.612689
10000002,30000126,Geras,0.650146
10000002,30000127,Sirseshin,0.747993
10000002,30000128,Tuuriainas,0.610849
10000002,30000129,Unpas,0.945965
10000002,30000130,Shihuken,0.874585
10000002,30000131,Nomaa,0.606936
10000002,30000132,Ansila,0.912017
10000002,30000133,Hirtamon,0.949
10000002,30000134,Hykkota,0.823653
10000002,30000135,Outuni,0.734172
10000002,30000136,Ohmahailen,0.663811
10000002,30000137,Eskunen,0.625294
10000002,30000138,Ikuchi,0.949
10000002,30000139,Urlen,0.949
10000002,30000140,Maurasi,0.912748
10000002,30000141,Kisogo,0.949
10000002,30000142,Jita,0.945913
10000002,30000143,Niyabainen,0.949
10000002,30000144,Perimeter,0.949
10000002,30000145,New Caldari,0.949
10000002,30000146,Saisio,0.65244
10000002,30000147,Abagawa,0.625298
10000002,30000148,Jakanerva,0.743252
10000002,30000149,Gekutami,0.699187
10000002,30000150,Hurtoken,0.585978
10000002,30000151,Uoyonen,0.69878
10000002,30000152,Hampinen,0.541327
10000002,30000153,Poinen,0.558053
10000002,30000154,Liekuri,0.600608
10000002,30000155,Obanen,0.561732
10000002,30000156,Josameto,0.577656
10000070,30000157,Otela,-1.0
10000002,30000158,Olo,0.676041
10000002,30000159,Ikami,0.532008
10000002,30000160,Reisen,0.518561
10000002,30000161,Purjola,0.520527
10000002,30000162,Maila,0.440715
10000002,30000163,Akora,0.324625
10000002,30000164,Messoya,0.315086
10000002,30000165,Ishisomo,0.650832
10000002,30000166,Airmia,0.623113
10000002,30000167,Sakkikainen,0.594889
10000002,30000168,Friggi,0.509153
10000002,30000169,Ihakana,0.380809
10000002,30000170,Vahunomi,0.531592
10000002,30000171,Otitoh,0.481667
10000002,30000172,Otomainen,0.479159
10000002,30000173,Vattuolen,0.708073
10000002,30000174,Onuse,0.740427
10000002,30000175,Soshin,0.634221
10000002,30000176,Keikaken,0.721319
10000002,30000177,Ukkalen,0.64512
10000002,30000178,Akkilen,0.689046
10000002,30000179,Silen,0.522203
10000002,30000180,Osmon,0.680264
10000002,30000181,Korsiki,0.643166
10000002,30000182,Inaya,0.55235
10000002,30000183,Nuken,0.761306
10000002,30000184,Uminas,0.483909
10000002,30000185,Airaken,0.503992
10000002,30000186,Oijanen,0.351969
10000002,30000187,Wuos,0.561774
10000002,30000188,Hentogaira,0.566958
10000002,30000189,Kiainti,0.528522
10000002,30000190,Vasala,0.493712
10000002,30000191,Walvalin,0.378683
10000070,30000192,Otanuomi,-1.0
10000002,30000193,Vouskiaho,0.500279
10000002,30000194,Otsela,0.3844
10000002,30000195,Tasti,0.282291
10000002,30000196,Otosela,0.238157
10000002,30000197,Uemon,0.197447
10000002,30000198,Paala,0.134379
10000002,30000199,Fuskunen,0.224637
10000002,30000200,Akkio,0.162151
10000002,30000201,Uchoshi,0.474179
10000002,30000202,Mastakomon,0.456966
10000002,30000203,Eruka,0.417261
10000002,30000204,Ohkunen,0.384887
10000002,30000205,Obe,0.346931
10000070,30000206,Wirashoda,-1.0
10000002,30000207,Osaa,0.329199
10000003,30000208,LZ-6SU,-0.172783
10000003,30000209,MC6O-F,-0.280435
10000003,30000210,U54-1L,-0.26807
10000003,30000211,B-588R,-0.15477
10000003,30000212,NCGR-Q,-0.260517
10000003,30000213,G-LOIT,-0.157009
10000003,30000214,HE-V4V,-0.214403
10000003,30000215,N-HSK0,-0.36044
10000003,30000216,05R-7A,-0.401776
10000003,30000217,7-UH4Z,-0.363871
10000003,30000218,5ZO-NZ,-0.303461
10000003,30000219,FS-RFL,-0.370816
10000003,30000220,Y0-BVN,-0.439537
10000003,30000221,X97D-W,-0.427645
10000003,30000222,0-R5TS,-0.218627
10000003,30000223,H-UCD1,-0.172229
10000003,30000224,7-K5EL,-0.150502
10000003,30000225,H-5GUI,-0.140515
10000003,30000226,FH-TTC,-0.137553
10000003,30000227,FMBR-8,-0.138441
10000003,30000228,3HX-DL,-0.423819
10000003,30000229,UH-9ZG,-0.462584
10000003,30000230,NFM-0V,-0.499123
10000003,30000231,YXIB-I,-0.506995
10000003,30000232,MY-T2P,-0.377081
10000003,30000233,FA-DMO,-0.385583
10000003,30000234,GEKJ-9,-0.386354
10000003,30000235,Q-R3GP,-0.355138
10000003,30000236,N-5QPW,-0.392558
10000003,30000237,XV-8JQ,-0.394929
10000003,30000238,WBR5-R,-0.515803
10000003,30000239,4GYV-Q,-0.536556
10000003,30000240,4-HWWF,-0.473026
10000003,30000241,YMJG-4,-0.416894
10000003,30000242,8TPX-N,-0.437192
10000003,30000243,PM-DWE,-0.423653
10000003,30000244,K8X-6B,-0.430215
10000003,30000245,X445-5,-0.413754
10000003,30000246,KRUN-N,-0.386697
10000003,30000247,9OO-LH,-0.466964
10000003,30000248,V-OJEN,-0.316843
10000003,30000249,EIDI-N,-0.406106
10000003,30000250,P3EN-E,-0.27488
10000003,30000251,49-0LI,-0.320104
10000003,30000252,IPAY-2,-0.339134
10000003,30000253,DAYP-G,-0.392761
10000003,30000254,IFJ-EL,-0.291599
10000003,30000255,47L-J4,-0.261392
10000003,30000256,Q-L07F,-0.322347
10000003,30000257,E-D0VZ,-0.270339
10000003,30000258,6WW-28,-0.226656
10000003,30000259,A8A-JN,-0.270632
10000003,30000260,S-NJBB,-0.281587
10000003,30000261,T-GCGL,-0.733996
10000003,30000262,0MV-4W,-0.662741
10000003,30000263,TVN-FM,-0.645799
10000003,30000264,V-NL3K,-0.763534
10000003,30000265,AZBR-2,-0.709048
10000003,30000266,Z-8Q65,-0.774685
10000003,30000267,0J3L-V,-0.790707
10000003,30000268,H-NOU5,-0.140606
10000003,30000269,KX-2UI,-0.158274
10000003,30000270,MO-FIF,-0.113224
10000003,30000271,97-M96,-0.188873
10000003,30000272,MA-XAP,-0.09721
10000003,30000273,C-J7CR,-0.08548
10000003,30000274,Q-EHMJ,-0.153372
10000003,30000275,XSQ-TF,-0.155434
10000003,30000276,H-1EOH,-0.171275
10000003,30000277,IR-DYY,-0.159339
10000003,30000278,C-DHON,-0.123955
10000003,30000279,F-D49D,-0.190938
10000003,30000280,MQ-O27,-0.128994
10000003,30000281,H-EY0P,-0.156086
10000003,30000282,UNAG-6,-0.223542
10000003,30000283,E-SCTX,-0.208451
10000003,30000284,S6QX-N,-0.217691
10000003,30000285,IT-YAU,-0.15946
10000003,30000286,1VK-6B,-0.169139
10000003,30000287,7-PO3P,-0.257891
10000003,30000288,1W-0KS,-0.102556
10000003,30000289,669-IX,-0.270158
10000003,30000290,0R-F2F,-0.312841
10000003,30000291,R-P7KL,-0.263981
10000003,30000292,2DWM-2,-0.204039
10000003,30000293,XF-PWO,-0.312208
10000003,30000294,1N-FJ8,-0.223295
10000003,30000295,VI2K-J,-0.131782
10000003,30000296,ZLZ-1Z,-0.171072
10000003,30000297,6Y-WRK,-0.15566
10000003,30000298,RVCZ-C,-0.142496
10000003,30000299,5T-KM3,-0.165974
10000003,30000300,LS9B-9,-0.19893
10000003,30000301,1-GBBP,-0.771742
10000003,30000302,C-FP70,-0.758771
10000003,30000303,T-ZWA1,-0.751692
10000003,30000304,ZA0L-U,-0.805105
10000003,30000305,G96R-F,-0.87333
10000003,30000306,Y-ZXIO,-0.900438
10000003,30000307,B-E3KQ,-0.25547
10000003,30000308,Y5J-EU,-0.218753
10000003,30000309,O-LR1H,-0.247164
10000003,30000310,G5ED-Y,-0.266606
10000003,30000311,BR-6XP,-0.247888
10000003,30000312,8-TFDX,-0.190766
10000003,30000313,UL-4ZW,-0.408137
10000003,30000314,A-QRQT,-0.127802
10000003,30000315,WMBZ-U,-0.086599
10000003,30000316,PX5-LR,-0.171644
10000003,30000317,A3-RQ3,-0.296284
10000003,30000318,9-GBPD,-0.159623
10000003,30000319,LS-JEP,-0.243477
10000003,30000320,R-RSZZ,-0.436439
10000003,30000321,MGAM-4,-0.575365
10000003,30000322,VORM-W,-0.558546
10000003,30000323,7G-H7D,-0.357808
10000003,30000324,Q3-BAY,-0.809914
10000003,30000325,JZV-F4,-0.852424
10000004,30000326,WF-1LM,-0.0019
10000004,30000327,D95-FQ,-0.000212
10000004,30000328,ZSPJ-K,-0.000276
10000004,30000329,U1F-86,-0.000553
10000004,30000330,T-P7A6,-0.001352
10000004,30000331,Y-T3JJ,-0.000881
10000004,30000332,F3R-IA,-0.001631
10000004,30000333,74-YTJ,-0.004054
10000004,30000334,8-RS3U,-0.000464
10000004,30000335,OVFN-N,-0.000594
10000004,30000336,1Q-BBM,-0.000489
10000004,30000337,WXNC-N,-0.000554
10000004,30000338,G-EA07,-0.001057
10000004,30000339,X-L6BO,-0.001317
10000004,30000340,D-PHUA,-0.000938
10000004,30000341,3-HXHQ,-0.002486
10000004,30000342,18A-NB,-0.001639
10000004,30000343,3-J5OQ,-0.000715
10000004,30000344,GYF-GD,-0.002092
10000004,30000345,W-6TS9,-0.000613
10000004,30000346,VIG-VR,-0.001785
10000004,30000347,KX-P5C,-0.001098
10000004,30000348,N-FJBK,-0.001239
10000004,30000349,2-4ZT5,-0.001436
10000004,30000350,NVN-6F,-0.001849
10000004,30000351,09-8TH,-0.002014
10000004,30000352,TI0-AX,-0.001735
10000004,30000353,7O-POM,-0.000104
10000004,30000354,L6Q-SX,-0.000158
10000004,30000355,BFJ-TB,-0.000255
10000004,30000356,ZZ7-L6,-0.000125
10000004,30000357,L-CHVW,-0.000104
10000004,30000358,X0LN-U,-0.000496
10000004,30000359,RQAE-M,-0.000333
10000004,30000360,7CO-SA,-0.000365
10000004,30000361,4G-E5A,-0.00078
10000004,30000362,A-VWK9,-0.000224
10000004,30000363,JQHP-4,-0.000165
10000004,30000364,6Q5K-5,-0.000253
10000004,30000365,P-MVFP,-0.000172
10000004,30000366,J-Z1UW,-0.000939
10000004,30000367,W477-P,-0.000332
10000004,30000368,NQ1-BL,-0.00077
10000004,30000369,K7A-G8,-0.000665
10000004,30000370,HP-PMX,-0.00046
10000004,30000371,6BN-K9,-0.00041
10000004,30000372,WLE-PY,-0.000818
10000004,30000373,EH-HXW,-0.00034
10000004,30000374,OS-RR3,-0.000635
10000004,30000375,V4-GZL,-0.000244
10000004,30000376,4C-Z91,-0.001621
10000004,30000377,RU-97T,-1.0
10000004,30000378,1S-1V7,-0.000898
10000004,30000379,PE1-R1,-0.002211
10000004,30000380,Polaris,-0.000633
10000004,30000381,JB-007,-0.001171
10000004,30000382,USJ2-M,-0.000198
10000004,30000383,7M-RAL,-0.000266
10000004,30000384,LPBU-U,-0.000175
10000004,30000385,RF-342,-0.000157
10000004,30000386,J2V-XY,-0.000298
10000004,30000387,Z-JBTR,-9e-05
10000004,30000388,S-QNXH,-0.000128
10000004,30000389,S94-X8,-0.000204
10000004,30000390,J-YQEC,-0.000331
10000004,30000391,8MX-OR,-0.000437
10000004,30000392,97YC-C,-0.000498
10000004,30000393,V-AMD5,-0.000506
10000004,30000394,U-JC8X,-0.00021
10000004,30000395,1HH3-E,-7.1e-05
10000004,30000396,DUIU-Q,-5e-05
10000004,30000397,LQH0-H,-3.1e-05
10000004,30000398,FRW3-2,-3.7e-05
10000004,30000399,9MX-1C,-4.2e-05
10000004,30000400,IED-4U,-5.5e-05
10000004,30000401,N-9EOQ,-3.1e-05
10000004,30000402,6F3-TK,-9.4e-05
10000004,30000403,2E0P-2,-5.3e-05
10000004,30000404,U-ITH5,-4.6e-05
10000004,30000405,N-4G5L,-7.7e-05
10000004,30000406,RB-2EA,-4.2e-05
10000004,30000407,ZK5-42,-0.000125
10000004,30000408,YRZ-E4,-1.3e-05
10000004,30000409,A3-PAT,-1.5e-05
10000004,30000410,H55-2R,-1.4e-05
10000004,30000411,P6-DBM,-1.9e-05
10000004,30000412,9XI-0X,-1.1e-05
10000004,30000413,Q8T-MC,-8e-06
10000004,30000414,Z-YOJ9,-0.001513
10000004,30000415,4T4B-L,-0.001954
10000004,30000416,F-JB3H,-0.003766
10000004,30000417,XBO7-F,-0.00424
10000004,30000418,FI-449,-0.004284
10000004,30000419,UA7-U4,-0.005921
10000004,30000420,VM-QFU,-5e-06
10000004,30000421,PU-1Z8,-5e-06
10000004,30000422,IEZW-V,-3e-06
10000004,30000423,B-DXO9,-2e-06
10000004,30000424,1TS-WN,-1e-06
10000004,30000425,16-31U,-1e-06
10000004,30000426,H472-N,-1e-06
10000004,30000427,U8MM-3,-8e-06
10000004,30000428,3C-26I,-9e-06
10000004,30000429,9K-VDI,-5e-06
10000004,30000430,L-SDU7,-1.7e-05
10000004,30000431,4-IPWK,-9e-06
10000004,30000432,Q-KCK3,-1.7e-05
10000005,30000433,WU-FHQ,-0.260691
10000005,30000434,V-4DBR,-0.322565
10000005,30000435,B-5UFY,-0.401422
10000005,30000436,SK42-F,-0.315869
10000005,30000437,EU9-J3,-0.25102
10000005,30000438,PQRE-W,-0.620413
10000005,30000439,OEG-K9,-0.798487
10000005,30000440,0-W778,-0.217466
10000005,30000441,DG-8VJ,-0.352587
10000005,30000442,5J4K-9,-0.201572
10000005,30000443,MD-0AW,-0.199543
10000005,30000444,H-FGJO,-0.205113
10000005,30000445,1KAW-T,-0.402475
10000005,30000446,C5-SUU,-0.509026
10000005,30000447,XSUD-1,-0.337033
10000005,30000448,3-LJW3,-0.615269
10000005,30000449,ZLO3-V,-0.585749
10000005,30000450,P7MI-T,-0.404885
10000005,30000451,JFV-ID,-0.355765
10000005,30000452,3-3EZB,-0.507582
10000005,30000453,52CW-6,-0.458595
10000005,30000454,9-OUGJ,-0.360652
10000005,30000455,4NDT-W,-0.333607
10000005,30000456,GR-X26,-0.323718
10000005,30000457,6OU9-U,-0.315986
10000005,30000458,9N-0HF,-0.262374
10000005,30000459,U-OVFR,-0.309952
10000005,30000460,G3D-ZT,-0.335146
10000005,30000461,D-0UI0,-0.323092
10000005,30000462,L8-WNE,-0.437693
10000005,30000463,1-GBVE,-0.437498
10000005,30000464,GC-LTF,-0.264347
10000005,30000465,NB-ALM,-0.458769
10000005,30000466,LT-XI4,-0.244602
10000005,30000467,L-QQ6P,-0.35182
10000005,30000468,5OJ-G2,-0.469137
10000005,30000469,9-02G0,-0.474947
10000005,30000470,XA5-TY,-0.530378
10000005,30000471,M-XUZZ,-0.459449
10000005,30000472,OFVH-Y,-0.300379
10000005,30000473,2-X0PF,-0.377709
10000005,30000474,1-PGSG,-0.496553
10000005,30000475,QLPX-J,-0.278878
10000005,30000476,A-C5TC,-0.241472
10000005,30000477,RZ-PIY,-0.230585
10000005,30000478,FR46-E,-0.269145
10000005,30000479,SLVP-D,-0.572055
10000005,30000480,0-G8NO,-0.686598
10000005,30000481,QRFJ-Q,-0.52733
10000005,30000482,HZFJ-M,-0.714063
10000005,30000483,77S8-E,-0.819774
10000005,30000484,FMH-OV,-0.901115
10000005,30000485,TYB-69,-0.336896
10000005,30000486,EDQG-L,-0.21422
10000005,30000487,7-P1JO,-0.248771
10000005,30000488,T-0JWP,-0.238096
10000005,30000489,J-L9MA,-0.238463
10000005,30000490,DX-TAR,-0.235248
10000005,30000491,A-7XFN,-0.232001
10000005,30000492,O3-4MN,-0.252721
10000005,30000493,U-MFTL,-0.309553
10000005,30000494,8FN-GP,-0.511652
10000005,30000495,FIDY-8,-0.515209
10000005,30000496,X40H-9,-0.622517
10000005,30000497,F2W-C6,-0.709616
10000005,30000498,KZ9T-C,-0.77167
10000005,30000499,XW2H-V,-0.865577
10000005,30000500,F9O-U9,-0.169433
10000005,30000501,S-51XG,-0.14265
10000005,30000502,E-1XVP,-0.210391
10000005,30000503,E-ACV6,-0.15587
10000005,30000504,BOZ1-O,-0.152751
10000005,30000505,QIMO-2,-0.154503
10000005,30000506,Z-2Y2Y,-0.152473
10000005,30000507,Q0J-RH,-0.135172
10000005,30000508,SAI-T9,-0.306624
10000005,30000509,IAS-I5,-0.393201
10000005,30000510,K7S-FF,-0.336389
10000005,30000511,RT-9WL,-0.500871
10000005,30000512,O5Q7-U,-0.602105
10000005,30000513,62O-UE,-0.563763
10000005,30000514,U0W-DR,-0.244208
10000005,30000515,SY-UWN,-0.179213
10000005,30000516,DX-DFJ,-0.273561
10000005,30000517,X-31TE,-0.201282
10000005,30000518,DVWV-3,-0.362885
10000005,30000519,KE-0FB,-0.248539
10000005,30000520,I-9GI1,-0.201412
10000005,30000521,W6P-7U,-0.32279
10000005,30000522,0IF-26,-0.396336
10000005,30000523,H-93YV,-0.327532
10000005,30000524,E51-JE,-0.280103
10000005,30000525,7-A6XV,-0.452059
10000005,30000526,QXE-1N,-0.347631
10000005,30000527,U69-YC,-0.516499
10000005,30000528,L-L7PE,-0.559378
10000006,30000529,MKIG-5,-0.221997
10000006,30000530,YHEN-G,-0.199527
10000006,30000531,E-JCUS,-0.215627
10000006,30000532,W-QN5X,-0.272211
10000006,30000533,LP1M-Q,-0.243383
10000006,30000534,30-YOU,-0.266421
10000006,30000535,384-IN,-0.204379
10000006,30000536,4F89-U,-0.245349
10000006,30000537,G063-U,-0.295999
10000006,30000538,J7-BDX,-0.411093
10000006,30000539,MLQ-O9,-0.196437
10000006,30000540,L-FM3P,-0.170869
10000006,30000541,X-ARMF,-0.089626
10000006,30000542,8-OZU1,-0.180334
10000006,30000543,0TYR-T,-0.155502
10000006,30000544,GM-50Y,-0.166767
10000006,30000545,G9L-LP,-0.147849
10000006,30000546,MWA-5Q,-0.307662
10000006,30000547,H-HHTH,-0.421542
10000006,30000548,JQU-KY,-0.267341
10000006,30000549,UY5A-D,-0.404798
10000006,30000550,C-62I5,-0.117561
10000006,30000551,ZH-GKG,-0.125268
10000006,30000552,GPLB-C,-0.254697
10000006,30000553,GGE-5Q,-0.486731
10000006,30000554,5E-CMA,-0.420426
10000006,30000555,U104-3,-0.266764
10000006,30000556,M3-KAQ,-0.315805
10000006,30000557,6-L4YC,-0.241496
10000006,30000558,UM-SCG,-0.305073
10000006,30000559,F-3FOY,-0.412804
10000006,30000560,OAIG-0,-0.347397
10000006,30000561,UZ-QXW,-0.484818
10000006,30000562,5DE-QS,-0.373028
10000006,30000563,R0-DMM,-0.46858
10000006,30000564,5Q65-4,-0.620508
10000006,30000565,SR-4EK,-0.338158
10000006,30000566,0RI-OV,-0.294006
10000006,30000567,C-LTXS,-0.287824
10000006,30000568,C0O6-K,-0.296788
10000006,30000569,HD-AJ7,-0.313302
10000006,30000570,G9NE-B,-0.329905
10000006,30000571,SJJ-4F,-0.246615
10000006,30000572,F-QQ5N,-0.650523
10000006,30000573,1-7B6D,-0.692394
10000006,30000574,H6-EYX,-0.726284
10000006,30000575,U-HVIX,-0.661921
10000006,30000576,4-EFLU,-0.522806
10000006,30000577,EIH-IU,-0.600942
10000006,30000578,F-EM4Q,-0.429629
10000006,30000579,1L-OEK,-0.66466
10000006,30000580,MN-Q26,-0.510912
10000006,30000581,5H-SM2,-0.71086
10000006,30000582,4-OS2A,-0.595196
10000006,30000583,YI-GV6,-0.640814
10000006,30000584,SO-X5L,-0.703325
10000006,30000585,XQS-GZ,-0.551312
10000006,30000586,Q-GQHN,-0.528576
10000006,30000587,A-4JOO,-0.196029
10000006,30000588,TP7-KE,-0.326929
10000006,30000589,R4N-LD,-0.261495
10000006,30000590,3Q-VZA,-0.249902
10000006,30000591,M-MBRT,-0.239291
10000006,30000592,HPBE-D,-0.291605
10000006,30000593,GRHS-B,-0.458119
10000006,30000594,J-RXYN,-0.458729
10000006,30000595,DUO-51,-0.473003
10000006,30000596,07-SLO,-0.397503
10000006,30000597,Z-A8FS,-0.542356
10000006,30000598,GPD5-0,-0.305684
10000006,30000599,LKZ-CY,-0.449541
10000006,30000600,F5M-CC,-0.386747
10000006,30000601,TZE-UB,-0.32393
10000006,30000602,WRL4-2,-0.409574
10000006,30000603,V7G-RL,-0.441294
10000006,30000604,XEN7-0,-0.186493
10000006,30000605,L-Z9KJ,-0.346744
10000006,30000606,7K-NSE,-0.28626
10000006,30000607,OR-7N5,-0.298069
10000006,30000608,JEQG-7,-0.286209
10000006,30000609,5NQI-E,-0.249721
10000006,30000610,B-WQDP,-0.342153
10000007,30000611,2-2EWC,-0.107095
10000007,30000612,E1W-TB,-0.193337
10000007,30000613,D-6H64,-0.063389
10000007,30000614,8-BIE3,-0.076095
10000007,30000615,LMM7-L,-0.193262
10000007,30000616,995-3G,-0.08702
10000007,30000617,W2T-TR,-0.050263
10000007,30000618,Q-UEN6,-0.055487
10000007,30000619,BLMX-B,-0.032301
10000007,30000620,M-CNUD,-0.043403
10000007,30000621,YE1-9S,-0.050546
10000007,30000622,IVP-KA,-0.063088
10000007,30000623,04EI-U,-0.077273
10000007,30000624,B-T6BT,-0.901097
10000007,30000625,VK-A5G,-0.560812
10000007,30000626,I6-SYN,-0.349317
10000007,30000627,O-5TN1,-0.404479
10000007,30000628,8-SPNN,-0.952164
10000007,30000629,U-QMOA,-0.309791
10000007,30000630,4S0-NP,-0.082603
10000007,30000631,K-RMI5,-0.100321
10000007,30000632,C-6YHJ,-0.129395
10000007,30000633,M53-1V,-0.192103
10000007,30000634,E5T-CS,-0.197199
10000007,30000635,W4C8-Q,-0.272163
10000007,30000636,I-2705,-0.090673
10000007,30000637,5F-MG1,-0.31499
10000007,30000638,P7-45V,-0.338579
10000007,30000639,M-MCP8,-0.385715
10000007,30000640,JZ-B5Y,-0.388956
10000007,30000641,TPG-DD,-0.303575
10000007,30000642,NIF-JE,-0.615064
10000007,30000643,BTLH-I,-0.629151
10000007,30000644,U93O-A,-0.842993
10000007,30000645,0LY-W1,-0.550039
10000007,30000646,4YO-QK,-0.90613
10000007,30000647,LJ-RJK,-0.882818
10000007,30000648,8-VC6H,-1.0
10000007,30000649,LQ-01M,-0.579555
10000007,30000650,NG-M8K,-0.909782
10000007,30000651,RV5-TT,-0.372366
10000007,30000652,8OYE-Z,-0.534491
10000007,30000653,K85Y-6,-1.0
10000007,30000654,PKN-NJ,-0.260633
10000008,30000655,EIN-QG,-0.108887
10000008,30000656,ARG-3R,-0.042807
10000008,30000657,S-E6ES,-0.11165
10000008,30000658,R-3FBU,-0.057463
10000008,30000659,K7-LDX,-0.113026
10000008,30000660,U-IVGH,-0.105291
10000008,30000661,P-N5N9,-0.031552
10000008,30000662,JMH-PT,-0.216491
10000008,30000663,DE-A7P,-0.472823
10000008,30000664,X9V-15,-0.316254
10000008,30000665,K212-A,-0.064987
10000008,30000666,F-5FDA,-0.046801
10000008,30000667,S1-XTL,-0.106255
10000008,30000668,9PX2-F,-0.065101
10000008,30000669,N3-JBX,-0.128505
10000008,30000670,SG-75T,-0.29188
10000008,30000671,GN-PDU,-0.090296
10000008,30000672,AZ3F-N,-0.078889
10000008,30000673,RNM-Y6,-0.181347
10000008,30000674,V-KDY2,-0.234868
10000008,30000675,FYD-TO,-0.026482
10000008,30000676,ER2O-Y,-0.042766
10000008,30000677,J2-PZ6,-0.331339
10000008,30000678,XV-MWG,-0.414539
10000008,30000679,OAQY-M,-0.527079
10000008,30000680,1V-LI2,-0.428577
10000008,30000681,M9-MLR,-0.39652
10000008,30000682,Q-K2T7,-0.458182
10000008,30000683,LBC-AW,-0.597489
10000008,30000684,2-KPW6,-0.563305
10000008,30000685,H5N-V7,-0.242428
10000008,30000686,HQ-Q1Q,-0.161667
10000008,30000687,WHI-61,-0.05158
10000008,30000688,ZFJH-T,-0.100164
10000008,30000689,I-1B7X,-0.157696
10000008,30000690,G15Z-W,-0.086689
10000008,30000691,AH8-Q7,-0.192431
10000008,30000692,SD4A-2,-0.256633
10000008,30000693,U6K-RG,-0.206648
10000008,30000694,V-S9YY,-0.125636
10000008,30000695,F2-NXA,-0.179863
10000008,30000696,NSBE-L,-0.162235
10000008,30000697,8Q-T7B,-0.063091
10000008,30000698,WV0D-1,-0.080394
10000008,30000699,ZNF-OK,-0.031071
10000008,30000700,C8-7AS,-0.01231
10000008,30000701,4E-EZS,-0.024831
10000008,30000702,A-80UA,-0.006942
10000008,30000703,U2-28D,-0.341332
10000008,30000704,LQ-OAI,-0.53954
10000008,30000705,5-MQQ7,-0.374878
10000008,30000706,6-EQYE,-0.404884
10000008,30000707,03-OR2,-0.169684
10000008,30000708,JLO-Z3,-0.20247
10000008,30000709,IAK-JW,-0.78307
10000008,30000710,KZFV-4,-0.67458
10000008,30000711,WO-GC0,-0.789404
10000008,30000712,RYC-19,-0.883893
10000008,30000713,X2-ZA5,-0.900585
10000008,30000714,28Y9-P,-0.685219
10000008,30000715,Q4C-S5,-0.679239
10000008,30000716,B-1UJC,-0.530799
10000008,30000717,Q-NA5H,-0.717675
10000008,30000718,4-CM8I,-0.50935
10000008,30000719,ZDB-HT,-0.584346
10000008,30000720,1QZ-Y9,-0.4384
10000008,30000721,HJ-BCH,-0.028358
10000008,30000722,QPTT-F,-0.016174
10000008,30000723,9M-M0P,-0.010997
10000008,30000724,9BC-EB,-0.024963
10000008,30000725,WFFE-4,-0.02249
10000008,30000726,71-UTX,-0.029227
10000008,30000727,PU-UMM,-0.013917
10000008,30000728,6-KPAB,-0.010541
10000008,30000729,Y5-E1U,-0.033538
10000008,30000730,4-43BW,-0.350874
10000008,30000731,8CN-CH,-0.320736
10000008,30000732,V-F6DQ,-0.289961
10000008,30000733,3S-6VU,-0.207432
10000008,30000734,1-7HVI,-0.402714
10000008,30000735,OX-S7P,-0.460704
10000009,30000736,KDG-TA,-0.179147
10000009,30000737,KD-KPR,-0.415718
10000009,30000738,PT-21C,-0.176723
10000009,30000739,Z182-R,-0.21555
10000009,30000740,EKPB-3,-0.355332
10000009,30000741,5M2-KP,-0.400129
10000009,30000742,TK-DLH,-0.308995
10000009,30000743,C8H5-X,-0.149284
10000009,30000744,O-7LAI,-0.081595
10000009,30000745,7L3-JS,-0.119539
10000009,30000746,WF4C-8,-0.171277
10000009,30000747,TZN-2V,-0.152677
10000009,30000748,8EF-58,-0.279753
10000009,30000749,4DS-OI,-0.200635
10000009,30000750,XQP-9C,-0.155019
10000009,30000751,W-6GBI,-0.197772
10000009,30000752,XKH-6O,-0.145224
10000009,30000753,S0U-MO,-0.254662
10000009,30000754,F39H-1,-0.169613
10000009,30000755,V-QXXK,-0.232104
10000009,30000756,2-Q4YG,-0.110381
10000009,30000757,2JT-3Q,-0.102109
10000009,30000758,I3CR-F,-0.159831
10000009,30000759,7-JT09,-0.088757
10000009,30000760,AGCP-I,-0.14032
10000009,30000761,M4-GJ6,-0.156921
10000009,30000762,5-2PQU,-0.08096
10000009,30000763,SN9-3Z,-0.143522
10000009,30000764,6BJH-3,-0.054622
10000009,30000765,U-UTU9,-0.04209
10000009,30000766,1TG7-W,-0.05902
10000009,30000767,QYD-WK,-0.044587
10000009,30000768,R959-U,-0.060729
10000009,30000769,A-TJ0G,-0.085189
10000009,30000770,88A-RA,-0.28641
10000009,30000771,8G-2FP,-0.211361
10000009,30000772,C-J6MT,-0.288745
10000009,30000773,78-0R6,-0.256904
10000009,30000774,MSG-BZ,-0.276212
10000009,30000775,8-WYQZ,-0.230342
10000009,30000776,4M-QXK,-0.148759
10000009,30000777,X5-0EM,-0.250377
10000009,30000778,G-EURJ,-0.286317
10000009,30000779,SHBF-V,-0.292415
10000009,30000780,RERZ-L,-0.220318
10000009,30000781,0UBC-R,-0.214357
10000009,30000782,3U-48K,-0.213716
10000009,30000783,EFM-C4,-0.481914
10000009,30000784,YPW-M4,-0.542441
10000009,30000785,Q7-FZ8,-0.546487
10000009,30000786,L5-UWT,-0.651106
10000009,30000787,74-VZA,-0.723381
10000009,30000788,I-1QKL,-0.576692
10000009,30000789,GK5Z-T,-0.528431
10000009,30000790,RQN-OO,-0.390502
10000009,30000791,67Y-NR,-0.256202
10000009,30000792,GDHN-K,-0.367366
10000009,30000793,QTME-D,-0.452743
10000009,30000794,A24L-V,-0.477822
10000009,30000795,4CJ-AC,-0.204916
10000009,30000796,EUU-4N,-0.680773
10000009,30000797,Q-3HS5,-0.578873
10000009,30000798,3AE-CP,-0.674231
10000009,30000799,0-VG7A,-0.430498
10000009,30000800,9OLQ-6,-0.785978
10000009,30000801,MOCW-2,-0.816541
10000009,30000802,ZO-4AR,-0.294007
10000009,30000803,MJ-LGH,-0.259185
10000009,30000804,F2A-GX,-0.261043
10000009,30000805,RD-FWY,-0.184985
10000009,30000806,VBPT-T,-0.317706
10000009,30000807,KS-1TS,-0.447455
10000009,30000808,X0-6LH,-0.71431
10000009,30000809,FN0-QS,-0.849375
10000009,30000810,F3-8X2,-0.54212
10000009,30000811,N7-BIY,-0.646398
10000009,30000812,TTP-2B,-0.933199
10000009,30000813,LVL-GZ,-0.95971
10000009,30000814,EJ48-O,-0.102749
10000009,30000815,ROJ-B0,-0.190917
10000009,30000816,DFH-V5,-0.323203
10000009,30000817,B-II34,-0.086446
10000009,30000818,4LB-EL,-0.388096
10000009,30000819,UDE-FX,-0.410514
10000009,30000820,5IH-GL,-0.509245
10000009,30000821,C1G-XC,-0.564037
10000009,30000822,04-EHC,-0.560405
10000009,30000823,3-0FYP,-0.491812
10000009,30000824,N-O53U,-0.425858
10000009,30000825,HZ-O18,-0.42006
10000009,30000826,D-P1EH,-0.537587
10000009,30000827,74L2-U,-0.529933
10000009,30000828,HL-VZX,-0.49573
10000009,30000829,38NZ-1,-0.535452
10000009,30000830,W-MF6J,-0.51351
10000009,30000831,O-9G5Y,-0.520979
10000009,30000832,27-HP0,-0.64074
10000009,30000833,X1-IZ0,-0.590191
10000009,30000834,RZ-TI6,-0.76595
10000009,30000835,FX4L-2,-0.755701
10000009,30000836,1ZF-PJ,-0.862302
10000009,30000837,HFC-AQ,-0.929293
10000009,30000838,0-6VZ5,-0.499157
10000009,30000839,GB-6X5,-0.524654
10000009,30000840,7EX-14,-0.557444
10000009,30000841,N7-KGJ,-0.593702
10000009,30000842,VD-8QY,-0.560621
10000009,30000843,J-ZYSZ,-0.512559
10000009,30000844,5C-RPA,-0.497942
10000009,30000845,CR2-PQ,-0.499372
10000010,30000846,E-OGL4,-0.28556
10000010,30000847,J-GAMP,-0.242294
10000010,30000848,M-OEE8,-0.218329
10000010,30000849,V0DF-2,-0.209449
10000010,30000850,FY0W-N,-0.193451
10000010,30000851,MJI3-8,-0.204502
10000010,30000852,A-DDGY,-0.206354
10000010,30000853,F-RT6Q,-0.249859
10000010,30000854,B-S42H,-0.223198
10000010,30000855,NL6V-7,-0.255748
10000010,30000856,F-749O,-0.236519
10000010,30000857,0-YMBJ,-0.158999
10000010,30000858,UMI-KK,-0.169479
10000010,30000859,GKP-YT,-0.210674
10000010,30000860,AW1-2I,-0.215425
10000010,30000861,15W-GC,-0.322977
10000010,30000862,N-FK87,-0.264217
10000010,30000863,C2X-M5,-0.373977
10000010,30000864,MSHD-4,-0.44074
10000010,30000865,H-W9TY,-0.460155
10000010,30000866,PNDN-V,-0.310737
10000010,30000867,D7-ZAC,-0.520236
10000010,30000868,SH1-6P,-0.565614
10000010,30000869,TRKN-L,-0.678992
10000010,30000870,O-0ERG,-0.726712
10000010,30000871,WH-JCA,-0.728917
10000010,30000872,Q-CAB2,-0.775645
10000010,30000873,PBD-0G,-0.230438
10000010,30000874,L-1HKR,-0.254723
10000010,30000875,9GI-FB,-0.264238
10000010,30000876,3G-LHB,-0.208766
10000010,30000877,DBT-GB,-0.245724
10000010,30000878,U-W3WS,-0.159317
10000010,30000879,DL1C-E,-0.129866
10000010,30000880,YLS8-J,-0.10925
10000010,30000881,2ISU-Y,-0.126363
10000010,30000882,X-CFN6,-0.095833
10000010,30000883,9SL-K9,-0.096309
10000010,30000884,Y-PZHM,-0.092418
10000010,30000885,OY-UZ1,-0.130408
10000010,30000886,S8-NSQ,-0.204552
10000010,30000887,GIH-ZG,-0.241196
10000010,30000888,V7-FB4,-0.249247
10000010,30000889,XD-TOV,-0.268366
10000010,30000890,K-6SNI,-0.272433
10000010,30000891,L-VXTK,-0.267787
10000010,30000892,C8VC-S,-0.272806
10000010,30000893,W-UQA5,-0.302784
10000010,30000894,W6VP-Y,-0.776605
10000010,30000895,IMK-K1,-0.77638
10000010,30000896,NJ4X-S,-0.721263
10000010,30000897,F-G7BO,-0.593187
10000010,30000898,2CG-5V,-0.612726
10000010,30000899,QFF-O6,-0.538433
10000011,30000900,NIH-02,-0.044546
10000011,30000901,JPL-RA,-0.099357
10000011,30000902,NK-7XO,-0.018441
10000011,30000903,E02-IK,-0.060932
10000011,30000904,N-DQ0D,-0.067485
10000011,30000905,M-MD3B,-0.119346
10000011,30000906,FVXK-D,-0.382929
10000011,30000907,6EG7-R,-0.705343
10000011,30000908,56D-TC,-0.698971
10000011,30000909,2X7Z-L,-0.554088
10000011,30000910,8DL-CP,-0.83872
10000011,30000911,UMDQ-6,-0.871405
10000011,30000912,504Z-V,-0.090319
10000011,30000913,F8K-WQ,-0.022898
10000011,30000914,AB-FZE,-0.108997
10000011,30000915,N-6Z8B,-0.076186
10000011,30000916,YUY-LM,-0.017284
10000011,30000917,NE-3GR,-0.032026
10000011,30000918,Y4-GQV,-0.020909
10000011,30000919,7-IDWY,-0.008712
10000011,30000920,AZF-GH,-0.026846
10000011,30000921,UT-UZB,-0.008475
10000011,30000922,M-EKDF,-0.004709
10000011,30000923,CRXA-Y,-0.075446
10000011,30000924,VXO-OM,-0.003316
10000011,30000925,BY5-V8,-0.007224
10000011,30000926,TET3-B,-0.01702
10000011,30000927,VKU-BG,-0.546395
10000011,30000928,WPR-EI,-0.455815
10000011,30000929,0NV-YU,-0.286826
10000011,30000930,V-2GYS,-0.194359
10000011,30000931,168-6H,-0.131969
10000011,30000932,W-RFUO,-0.15608
10000011,30000933,AI-EVH,-0.058278
10000011,30000934,F-MKH3,-0.11743
10000011,30000935,ZM-DNR,-0.067059
10000011,30000936,GF-3FL,-0.433705
10000011,30000937,ZJ-GOU,-0.14662
10000011,30000938,QQ3-YI,-0.251154
10000011,30000939,9-34L5,-0.078071
10000011,30000940,0R-GZQ,-0.444131
10000011,30000941,QM-20X,-0.151542
10000011,30000942,8YC-AN,-0.145875
10000011,30000943,7Q-8Z2,-0.303188
10000011,30000944,SUR-F7,-0.437104
10000011,30000945,OK-6XN,-0.560892
10000011,30000946,Q2FL-T,-0.25406
10000011,30000947,Y7-XFD,-0.051899
10000011,30000948,U3K-4A,-0.752034
10000011,30000949,P1T-LP,-0.057129
10000011,30000950,R-ESG0,-0.046101
10000011,30000951,CI4M-T,-0.030122
10000011,30000952,I-QRJA,-0.074072
10000011,30000953,M-YWAL,-0.232717
10000011,30000954,DE71-9,-0.13909
10000011,30000955,7JF-0Z,-0.26758
10000011,30000956,IX8-JB,-0.035095
10000011,30000957,WTIE-6,-0.030482
10000011,30000958,Y-DSSK,-0.020495
10000011,30000959,F5-CGW,-0.003857
10000011,30000960,H9S-WC,-0.006662
10000011,30000961,B-ROFP,-0.046223
10000011,30000962,1L-AED,-0.071519
10000011,30000963,1C-953,-0.071802
10000011,30000964,SL-YBS,-0.026357
10000011,30000965,UNJ-GX,-0.011881
10000011,30000966,0PI4-E,-0.003514
10000011,30000967,6WT-BE,-0.001181
10000011,30000968,L1S-G1,-0.015367
10000011,30000969,9SNK-O,-0.002133
10000011,30000970,B-VIP9,-0.001523
10000011,30000971,LXTC-S,-0.033926
10000011,30000972,WE3-BX,-0.01606
10000011,30000973,H7O-JZ,-0.008135
10000011,30000974,H-8F5Q,-0.01573
10000011,30000975,O-RXCZ,-0.010706
10000011,30000976,4M-P1I,-0.028344
10000011,30000977,P7UZ-T,-0.216504
10000011,30000978,PUZ-IO,-0.192658
10000011,30000979,HB-1NJ,-0.134468
10000011,30000980,EOE3-N,-0.172362
10000011,30000981,F7A-MR,-0.062922
10000011,30000982,O-8SOC,-0.104857
10000011,30000983,OJOS-T,-0.313705
10000011,30000984,V89M-R,-0.554139
10000011,30000985,66U-1P,-0.4961
10000011,30000986,BRT-OP,-0.458436
10000011,30000987,JUK0-1,-0.663626
10000011,30000988,V-IH6B,-1.0
10000011,30000989,52V6-B,-0.028117
10000011,30000990,PUC-JZ,-0.029624
10000011,30000991,SB-23C,-0.017876
10000011,30000992,5FCV-A,-0.010403
10000011,30000993,O-OVOQ,-0.00602
10000011,30000994,92-B0X,-0.013087
10000011,30000995,0-3VW8,-0.033765
10000011,30000996,28-QWU,-0.05243
10000011,30000997,UD-AOK,-0.114566
10000011,30000998,M9U-75,-0.137062
10000011,30000999,N-RAEL,-0.026544
10000011,30001000,K-IYNW,-0.123402
10000012,30001001,H-ADOC,-0.124763
10000012,30001002,G-G78S,-0.162519
10000012,30001003,UW9B-F,-0.13305
10000012,30001004,ZZ-ZWC,-0.129787
10000012,30001005,OSY-UD,-0.159361
10000012,30001006,K-MGJ7,-0.037292
10000012,30001007,JWJ-P1,-0.223263
10000012,30001008,V-IUEL,-0.142841
10000012,30001009,0SHT-A,-0.159882
10000012,30001010,D87E-A,-0.059471
10000012,30001011,K-B2D3,-0.071215
10000012,30001012,PO4F-3,-0.088037
10000012,30001013,J7A-UR,-0.300095
10000012,30001014,5E-VR8,-0.069202
10000012,30001015,V7D-JD,-0.038972
10000012,30001016,HLW-HP,-0.022751
10000012,30001017,8G-MQV,-0.025038
10000012,30001018,RA-NXN,-0.032974
10000012,30001019,VOL-MI,-0.045098
10000012,30001020,KLMT-W,-0.017629
10000012,30001021,XX9-WV,-0.0631
10000012,30001022,AAM-1A,-0.019144
10000012,30001023,EW-JR5,-0.007565
10000012,30001024,YKE4-3,-0.007013
10000012,30001025,CL-85V,-0.018164
10000012,30001026,K-QWHE,-0.019424
10000012,30001027,MDD-79,-0.005198
10000012,30001028,RMOC-W,-0.023143
10000012,30001029,ES-UWY,-0.113747
10000012,30001030,S1DP-Y,-0.087508
10000012,30001031,Y-DW5K,-0.100096
10000012,30001032,M-N7WD,-0.079987
10000012,30001033,QFEW-K,-0.130312
10000012,30001034,CVY-UC,-0.202599
10000012,30001035,EQX-AE,-0.18526
10000012,30001036,G-R4W1,-0.009832
10000012,30001037,BPK-XK,-0.03707
10000012,30001038,LJ-YSW,-0.012514
10000012,30001039,Y-K50G,-0.031683
10000012,30001040,K88X-J,-0.127162
10000012,30001041,G-0Q86,-0.017343
10000012,30001042,CL-1JE,-0.061845
10000012,30001043,J4UD-J,-0.119813
10000012,30001044,Hemin,-0.014633
10000012,30001045,Utopia,-0.022101
10000012,30001046,Jorund,-0.007396
10000012,30001047,Doril,-0.014319
10000012,30001048,Litom,-0.041773
10000012,30001049,Farit,-0.008267
10000012,30001050,Jamunda,-0.037832
10000013,30001051,TD-4XL,-0.146375
10000013,30001052,IBOX-2,-0.112042
10000013,30001053,8AB-Q4,-0.436617
10000013,30001054,VW-PXL,-0.08281
10000013,30001055,JA-G0T,-0.526134
10000013,30001056,IF-KD1,-0.090586
10000013,30001057,7-YHRX,-0.621786
10000013,30001058,Y6-9LF,-0.753924
10000013,30001059,X-PQEX,-0.540927
10000013,30001060,N-H95C,-0.574997
10000013,30001061,NSI-MW,-0.896191
10000013,30001062,N-YLOE,-0.32848
10000013,30001063,NBO-O0,-0.143485
10000013,30001064,F-TQWO,-0.4972
10000013,30001065,0-TRV1,-0.261913
10000013,30001066,13-49W,-0.164077
10000013,30001067,6UT-1K,-0.639783
10000013,30001068,O8W-5O,-0.144955
10000013,30001069,LH-PLU,-0.594941
10000013,30001070,AZA-QE,-0.7394
10000013,30001071,8-2JZA,-0.431821
10000013,30001072,ZT-L3S,-0.174952
10000013,30001073,VVB-QH,-0.369693
10000013,30001074,Z-DDVJ,-0.179951
10000013,30001075,7-2Z93,-0.644913
10000013,30001076,B-VFDD,-0.617784
10000013,30001077,A0M-R8,-0.667146
10000013,30001078,LY-WRW,-0.383826
10000013,30001079,9F-ERQ,-0.533987
10000013,30001080,QCGG-Q,-0.628169
10000013,30001081,1NZV-7,-0.637665
10000013,30001082,NIM-FY,-0.423261
10000013,30001083,DAI-SH,-0.316337
10000013,30001084,V3P-AZ,-0.489002
10000013,30001085,C-KW6X,-0.288334
10000013,30001086,X1W-AL,-0.241532
10000013,30001087,F-WZYG,-0.178608
10000013,30001088,S-R9J2,-0.772206
10000013,30001089,XU-BF8,-0.859784
10000013,30001090,RIU-GC,-0.470835
10000013,30001091,Z0H2-4,-0.198104
10000013,30001092,63-7Q6,-0.1815
10000013,30001093,XCZ5-Y,-0.536614
10000013,30001094,NRD-5Q,-0.504446
10000013,30001095,W5-205,-0.156643
10000013,30001096,T-4H0B,-0.267275
10000013,30001097,Z-EKCY,-0.19489
10000013,30001098,SH-YZY,-0.186043
10000013,30001099,O7-RFZ,-0.202827
10000013,30001100,CLW-SI,-0.217095
10000013,30001101,5-A0PX,-0.332752
10000013,30001102,R-RMDH,-0.185453
10000013,30001103,2XI8-Y,-0.869317
10000013,30001104,5B-YDD,-0.919035
10000013,30001105,W-XY4J,-0.920985
10000013,30001106,PWPY-4,-0.961386
10000013,30001107,QZ1-OH,-0.972236
10000013,30001108,Y-XZA7,-0.964297
10000013,30001109,1-EVAX,-0.529569
10000013,30001110,I8-AJY,-0.681963
10000013,30001111,6-WMKE,-0.70744
10000013,30001112,J-Z8C2,-0.671651
10000013,30001113,XTVZ-E,-0.497393
10000013,30001114,APES-G,-0.711116
10000013,30001115,B2J-5N,-0.593811
10000013,30001116,2Z-HPQ,-0.642095
10000013,30001117,NBW-GD,-0.690376
10000013,30001118,YM-SRU,-0.787159
10000013,30001119,LO5-LN,-0.610729
10000013,30001120,06-70G,-0.560101
10000013,30001121,UYG-YX,-0.402105
10000013,30001122,GL6S-2,-0.434001
10000013,30001123,RUF3-O,-0.589307
10000013,30001124,C-NMG9,-0.637069
10000013,30001125,P3X-TN,-0.857435
10000013,30001126,N6NK-J,-0.234595
10000013,30001127,TP-APY,-0.280661
10000013,30001128,9NI-FW,-0.649619
10000013,30001129,H-EBQG,-0.636805
10000013,30001130,DOA-YU,-0.139966
10000013,30001131,ZOPZ-6,-0.079369
10000013,30001132,863P-X,-0.14381
10000013,30001133,ZO-YJZ,-0.182833
10000013,30001134,6A-FUY,-0.171233
10000013,30001135,HG-YEQ,-0.070992
10000013,30001136,2FL-5W,-0.024807
10000013,30001137,QSCO-D,-0.121956
10000013,30001138,RXTY-4,-0.181599
10000013,30001139,RSE-PT,-0.051795
10000013,30001140,WVJU-4,-0.14892
10000013,30001141,7T-0QS,-0.157807
10000013,30001142,RWML-A,-0.157314
10000013,30001143,V-JCJS,-0.097784
10000013,30001144,8C-VE3,-0.182605
10000013,30001145,S5W-1Z,-0.034697
10000013,30001146,IL-OL1,-0.116897
10000013,30001147,POQP-K,-0.122173
10000013,30001148,FO9-FZ,-0.120931
10000013,30001149,4QY-NT,-0.104562
10000013,30001150,0-N1BJ,-0.13079
10000013,30001151,T-8GWA,-0.132715
10000013,30001152,UW-6MW,-0.183174
10000014,30001153,F9E-KX,-0.253848
10000014,30001154,9KOE-A,-0.047012
10000014,30001155,U-QVWD,-0.070598
10000014,30001156,B-3QPD,-0.075743
10000014,30001157,36N-HZ,-0.061733
10000014,30001158,SV5-8N,-0.206793
10000014,30001159,HY-RWO,-0.075785
10000014,30001160,WD-VTV,-0.085439
10000014,30001161,HED-GP,-0.146322
10000014,30001162,V-3YG7,-0.082111
10000014,30001163,QSM-LM,-0.055184
10000014,30001164,KDF-GY,-0.107688
10000014,30001165,QBQ-RF,-0.046595
10000014,30001166,9-8GBA,-0.138827
10000014,30001167,6-K738,-0.054897
10000014,30001168,ZXIC-7,-0.106448
10000014,30001169,2J-WJY,-0.05101
10000014,30001170,1P-WGB,-0.108843
10000014,30001171,F4R2-Q,-0.16685
10000014,30001172,K0CN-3,-0.107578
10000014,30001173,WLAR-J,-0.301718
10000014,30001174,L7XS-5,-0.154588
10000014,30001175,VA6-DR,-0.123047
10000014,30001176,S-U2VD,-0.095496
10000014,30001177,GE-94X,-0.152831
10000014,30001178,GMLH-K,-0.060583
10000014,30001179,W9-DID,-0.353571
10000014,30001180,KW-I6T,-0.225284
10000014,30001181,EX-0LQ,-0.143466
10000014,30001182,MB-NKE,-0.453532
10000014,30001183,G-7WUF,-0.534772
10000014,30001184,6-MM99,-0.47413
10000014,30001185,JBY6-F,-0.5177
10000014,30001186,FZ-6A5,-0.366423
10000014,30001187,RNF-YH,-0.651476
10000014,30001188,I-8D0G,-0.060386
10000014,30001189,R-K4QY,-0.043477
10000014,30001190,JWZ2-V,-0.051524
10000014,30001191,OGL8-Q,-0.046255
10000014,30001192,GJ0-OJ,-0.049051
10000014,30001193,A-803L,-0.042077
10000014,30001194,WQH-4K,-0.064407
10000014,30001195,J-ODE7,-0.039981
10000014,30001196,Q-S7ZD,-0.03271
10000014,30001197,6X7-JO,-0.065349
10000014,30001198,GE-8JV,-0.209423
10000014,30001199,3-OKDA,-0.16915
10000014,30001200,3GD6-8,-0.215252
10000014,30001201,4M-HGL,-0.168031
10000014,30001202,MY-W1V,-0.08608
10000014,30001203,AX-DOT,-0.256979
10000014,30001204,YHN-3K,-0.123621
10000014,30001205,CB4-Q2,-0.205272
10000014,30001206,CBL-XP,-0.284196
10000014,30001207,WJ-9YO,-0.217576
10000014,30001208,UQ-PWD,-0.336155
10000014,30001209,N-8BZ6,-0.151577
10000014,30001210,A-VILQ,-0.082279
10000014,30001211,X3FQ-W,-0.092575
10000014,30001212,3-SFWG,-0.075397
10000014,30001213,MUXX-4,-0.361387
10000014,30001214,E1-4YH,-0.559969
10000014,30001215,B-XJX4,-0.676333
10000014,30001216,AOK-WQ,-0.712913
10000014,30001217,E3-SDZ,-0.756953
10000014,30001218,7LHB-Z,-0.607211
10000014,30001219,8B-2YA,-0.076958
10000014,30001220,SNFV-I,-0.087071
10000014,30001221,HP-64T,-0.091246
10000014,30001222,V2-VC2,-0.114299
10000014,30001223,L-B55M,-0.14716
10000014,30001224,CX65-5,-0.089752
10000014,30001225,JA-O6J,-0.110487
10000014,30001226,ZQ-Z3Y,-0.094707
10000014,30001227,G-AOTH,-0.135772
10000014,30001228,TA3T-3,-0.1452
10000014,30001229,E-YJ8G,-0.123015
10000014,30001230,J6QB-P,-0.189852
10000014,30001231,KA6D-K,-0.243813
10000014,30001232,7MD-S1,-0.215806
10000014,30001233,ERVK-P,-0.281191
10000014,30001234,UL-7I8,-0.302749
10000014,30001235,BR-N97,-0.251104
10000014,30001236,IS-R7P,-0.144608
10000014,30001237,S25C-K,-0.267337
10000014,30001238,K717-8,-0.247941
10000014,30001239,NH-1X6,-0.242857
10000014,30001240,KH0Z-0,-0.180914
10000014,30001241,5-N2EY,-0.213177
10000014,30001242,KB-U56,-0.266734
10000014,30001243,JGW-OT,-0.37397
10000014,30001244,UCG4-B,-0.495382
10000014,30001245,BUZ-DB,-0.528354
10000014,30001246,QETZ-W,-0.404515
10000014,30001247,WFC-MY,-0.456577
10000014,30001248,Q-U96U,-0.496473
10000014,30001249,X4-WL0,-0.5053
10000014,30001250,W-MPTH,-0.624423
10000014,30001251,4NBN-9,-0.630749
10000014,30001252,EX6-AO,-0.53159
10000014,30001253,CZK-ZQ,-0.660413
10000014,30001254,CNC-4V,-0.709488
10000014,30001255,Y-PNRL,-0.774771
10000014,30001256,FAT-6P,-0.640414
10000014,30001257,6BPS-T,-0.828768
10000014,30001258,25S-6P,-0.94904
10000014,30001259,RR-D05,-0.978186
10000014,30001260,4-07MU,-1.0
10000015,30001261,Y-W1Q3,-0.16016
10000015,30001262,Y6-HPG,-0.113985
10000015,30001263,Z-GY5S,-0.11335
10000015,30001264,KK-L97,-0.119007
10000015,30001265,R-KZK7,-0.106761
10000015,30001266,9-R6GU,-0.098749
10000015,30001267,N-Q5PW,-0.166216
10000015,30001268,P-FSQE,-0.149703
10000015,30001269,H-PA29,-0.241054
10000015,30001270,1-Y6KI,-0.180591
10000015,30001271,YP-J33,-0.139472
10000015,30001272,D-8SI1,-0.129108
10000015,30001273,9-266Q,-0.250879
10000015,30001274,K3JR-J,-0.13866
10000015,30001275,CSOA-B,-0.152217
10000015,30001276,6W-HRH,-0.207624
10000015,30001277,N5Y-4N,-0.245205
10000015,30001278,MQFX-Q,-0.422913
10000015,30001279,9-8BL8,-0.497033
10000015,30001280,N6G-H3,-0.404285
10000015,30001281,3A1P-N,-0.878544
10000015,30001282,OZ-VAE,-0.309249
10000015,30001283,A-AFGR,-0.395259
10000015,30001284,92K-H2,-0.442065
10000015,30001285,AA-YRK,-0.412802
10000015,30001286,BV-1JG,-0.23401
10000015,30001287,0-BFTQ,-0.174388
10000015,30001288,SS-GED,-0.163631
10000015,30001289,AJCJ-1,-0.15117
10000015,30001290,6NJ8-V,-0.179321
10000015,30001291,Y-4CFK,-0.190475
10000015,30001292,HBD-CC,-0.122571
10000015,30001293,P-GKF5,-0.131429
10000015,30001294,E-7U8U,-0.133443
10000015,30001295,0-XIDJ,-0.119301
10000015,30001296,SBL5-R,-0.128037
10000015,30001297,O-TVTD,-0.097938
10000015,30001298,8CIX-S,-0.089061
10000015,30001299,D-SKWC,-0.161061
10000015,30001300,4RX-EE,-0.162184
10000015,30001301,V3X-L8,-0.162483
10000015,30001302,N0C-UN,-0.142044
10000015,30001303,VG-6CH,-0.148245
10000015,30001304,Z0-TJW,-0.157719
10000015,30001305,QHJ-FW,-0.172758
10000015,30001306,9IPC-E,-0.143937
10000015,30001307,EIV-1W,-0.190758
10000015,30001308,S-1ZXZ,-0.300787
10000015,30001309,N-5476,-0.355341
10000015,30001310,PZOZ-K,-0.395218
10000015,30001311,W3KK-R,-0.534679
10000015,30001312,92D-OI,-0.321985
10000015,30001313,EK2-ET,-0.332991
10000015,30001314,SE-SHZ,-0.47201
10000015,30001315,JURU-T,-0.122743
10000015,30001316,MC6-5J,-0.105155
10000015,30001317,65V-RH,-0.271743
10000015,30001318,4-7IL9,-0.101362
10000015,30001319,2PLH-3,-0.141819
10000015,30001320,RQ9-OZ,-0.155892
10000015,30001321,B-CZXG,-0.237112
10000015,30001322,0-O2UT,-0.421246
10000015,30001323,Q61Y-F,-0.655139
10000015,30001324,PF-QHK,-0.134402
10000015,30001325,XW-6TC,-0.124902
10000015,30001326,Q-7SUI,-0.175048
10000015,30001327,VVD-O6,-0.124544
10000015,30001328,6ZJ-SC,-0.127174
10000015,30001329,P-VYVL,-0.125219
10000015,30001330,HD-JVQ,-0.134952
10000015,30001331,H-AJ27,-0.590983
10000015,30001332,M2-2V1,-0.685704
10000015,30001333,2TH-3F,-0.934034
10000015,30001334,E1F-E5,-0.614754
10000015,30001335,4S-PVC,-0.745209
10000015,30001336,WLF-D3,-1.0
10000015,30001337,LHJ-2G,-0.167453
10000015,30001338,SHJO-J,-0.124623
10000015,30001339,6UQ-4U,-0.174515
10000015,30001340,430-BE,-0.127689
10000015,30001341,OJ-CT4,-0.068315
10000015,30001342,AZ-UWB,-0.077252
10000015,30001343,H-S5BM,-0.066827
10000015,30001344,FHB-QA,-0.379195
10000015,30001345,Z3U-GI,-0.601802
10000015,30001346,B3QP-K,-0.772029
10000015,30001347,GVZ-1W,-0.90207
10000015,30001348,G9D-XW,-0.328827
10000015,30001349,42XJ-N,-0.412015
10000015,30001350,L-IE41,-0.662038
10000015,30001351,VG-QW1,-0.774871
10000015,30001352,2IBE-N,-0.495035
10000015,30001353,YJ3-UT,-0.678497
10000015,30001354,ZD4-G9,-0.623715
10000015,30001355,C2-DDA,-0.80373
10000016,30001356,Dantumi,0.398268
10000016,30001357,Antiainen,0.560299
10000016,30001358,Ossa,0.530137
10000016,30001359,Semiki,0.590755
10000016,30001360,Kiskoken,0.51856
10000016,30001361,Aurohunen,0.37554
10000016,30001362,Veisto,0.842495
10000016,30001363,Sobaseki,0.841025
10000016,30001364,Funtanainen,0.858976
10000016,30001365,Isikemi,0.780999
10000016,30001366,Uosusuokko,0.694322
10000016,30001367,Hageken,0.604188
10000016,30001368,Uemisaisen,0.605931
10000016,30001369,Sotrentaira,0.51257
10000016,30001370,Ouranienen,0.693806
10000016,30001371,Erenta,0.634758
10000070,30001372,Kino,-1.0
10000016,30001373,Raussinen,0.453233
10000016,30001374,Iidoken,0.843816
10000016,30001375,Tsuguwa,0.769323
10000016,30001376,Nourvukaiken,0.816557
10000016,30001377,Sarekuwa,0.936502
10000016,30001378,Ekura,0.876417
10000016,30001379,Tunttaras,0.885312
10000016,30001380,Vellaine,0.581139
10000070,30001381,Arvasaras,-1.0
10000016,30001382,Akonoinen,0.49451
10000016,30001383,Vaajaita,0.462064
10000016,30001384,Autaris,0.468632
10000016,30001385,Jan,0.416954
10000016,30001386,Saatuban,0.549477
10000016,30001387,Isikano,0.677701
10000016,30001388,Mara,0.419988
10000016,30001389,Isanamo,0.635016
10000016,30001390,Pakkonen,0.42091
10000016,30001391,Piekura,0.50597
10000016,30001392,Amsen,0.949
10000016,30001393,Malkalen,0.948175
10000016,30001394,Korama,0.770922
10000016,30001395,Ylandoki,0.832837
10000016,30001396,Aakari,0.66223
10000016,30001397,Isseras,0.560588
10000016,30001398,Aunenen,0.44779
10000016,30001399,Elonaya,0.665783
10000016,30001400,Litiura,0.489405
10000016,30001401,Nonni,0.508041
10000016,30001402,Passari,0.440062
10000016,30001403,Piak,0.741152
10000016,30001404,Airkio,0.851633
10000016,30001405,Kakakela,0.949
10000016,30001406,Kamokor,0.687696
10000016,30001407,Todaki,0.949
10000016,30001408,Ruvas,0.780765
10000016,30001409,Umokka,0.561301
10000016,30001410,Kirras,0.821743
10000016,30001411,Autama,0.775104
10000016,30001412,Tsukuras,0.732158
10000070,30001413,Nani,-1.0
10000016,30001414,Ajanen,0.633785
10000016,30001415,Kuoka,0.576705
10000016,30001416,Liukikka,0.564361
10000016,30001417,Rauntaka,0.525686
10000016,30001418,Aikantoh,0.645797
10000016,30001419,Atai,0.481114
10000016,30001420,Daras,0.359979
10000016,30001421,Otalieto,0.513441
10000016,30001422,Iitanmadan,0.305869
10000016,30001423,Jotenen,0.582824
10000016,30001424,Haajinen,0.801226
10000016,30001425,Oipo,0.759068
10000016,30001426,Isinokka,0.725113
10000016,30001427,Yoma,0.647451
10000016,30001428,Ibura,0.619124
10000016,30001429,Torrinos,0.519668
10000016,30001430,Endatoh,0.573492
10000016,30001431,Aivoli,0.577975
10000016,30001432,Uesuro,0.523532
10000016,30001433,Oishami,0.450911
10000016,30001434,Elanoda,0.512768
10000016,30001435,Ohbochi,0.410927
10000016,30001436,Isie,0.357089
10000016,30001437,Tamo,0.338287
10000016,30001438,Nannaras,0.389715
10000016,30001439,Anin,0.358628
10000016,30001440,Karjataimon,0.284707
10000016,30001441,Tartoken,0.119319
10000016,30001442,Saranen,0.096294
10000016,30001443,Vuorrassi,0.528345
10000016,30001444,Oimmo,0.463883
10000070,30001445,Nalvula,-1.0
10000016,30001446,Otsasai,0.349161
10000016,30001447,Taisy,0.328332
10000016,30001448,Hakonen,0.296379
10000017,30001449,PZP1-D,-0.088264
10000017,30001450,R1KE-A,-0.071644
10000017,30001451,JGDF-B,-0.165761
10000017,30001452,1SR-HT,-0.120075
10000017,30001453,SQ-2XA,-0.077983
10000017,30001454,Z-FYJR,-0.207943
10000017,30001455,ZA6-9N,-0.154185
10000017,30001456,J1-6CJ,-0.148092
10000017,30001457,7H-Z5R,-0.130372
10000017,30001458,0RZ5-2,-0.227536
10000017,30001459,A9-NB6,-0.124111
10000017,30001460,LG1-TA,-0.294646
10000017,30001461,TNK-BQ,-0.041754
10000017,30001462,E2AX-5,-0.033622
10000017,30001463,HPE-KP,-0.033943
10000017,30001464,THS-MN,-0.036916
10000017,30001465,UBES-K,-0.061668
10000017,30001466,I-R8B0,-0.043372
10000017,30001467,QIW-TQ,-0.078539
10000017,30001468,WLL-QX,-0.094657
10000017,30001469,BJC4-8,-0.045119
10000017,30001470,PQA-9K,-0.052897
10000017,30001471,S5-U0R,-0.03807
10000017,30001472,CW-R71,-0.024941
10000017,30001473,QO-3LC,-0.121968
10000017,30001474,3E-ER7,-0.074566
10000017,30001475,REZ-YZ,-0.072165
10000017,30001476,OU-AIT,-0.114694
10000017,30001477,VYX2-I,-0.121283
10000017,30001478,5-P3CQ,-0.095863
10000017,30001479,M-FDTD,-0.189016
10000017,30001480,54-VNO,-0.079888
10000017,30001481,IAMZ-5,-0.069469
10000017,30001482,HD3-JK,-0.068259
10000017,30001483,PBXG-A,-0.054043
10000017,30001484,9-ERCP,-0.102718
10000017,30001485,KN7M-N,-0.040371
10000017,30001486,Z-D1DW,-0.349026
10000017,30001487,FO-3PJ,-0.43518
10000017,30001488,6-QXE6,-0.472905
10000017,30001489,N-FKXV,-0.649492
10000017,30001490,X7-8IG,-0.363308
10000017,30001491,R-G1SF,-0.459047
10000017,30001492,6-NCE7,-0.034132
10000017,30001493,WDJQ-G,-0.030729
10000017,30001494,JS3-RS,-0.015883
10000017,30001495,JX-T1W,-0.024714
10000017,30001496,CZ-CED,-0.032935
10000017,30001497,BKK4-H,-0.049954
10000017,30001498,Y-4V7U,-0.059142
10000017,30001499,L-TPN0,-0.023353
10000017,30001500,3-XORH,-0.015112
10000017,30001501,G1VU-H,-0.014799
10000017,30001502,W6H6-K,-0.038404
10000017,30001503,6-23NU,-0.008158
10000017,30001504,DVAR-P,-0.021764
10000017,30001505,J-JS0D,-0.009097
10000017,30001506,VR3-PS,-0.113017
10000017,30001507,LH-J8H,-0.217057
10000017,30001508,I9D-0D,-0.251666
10000017,30001509,HGB-C6,-0.212647
10000017,30001510,2L5-FI,-0.243962
10000017,30001511,RS08-B,-0.237915
10000017,30001512,4U-14I,-0.319995
10000017,30001513,H-EDXD,-0.321139
10000017,30001514,8-ULAA,-0.286628
10000017,30001515,KF1-DU,-0.419956
10000017,30001516,W-WQM5,-0.372308
10000017,30001517,G5J-LH,-0.535096
10000017,30001518,H7OL-I,-0.28427
10000017,30001519,TO21-U,-0.279697
10000017,30001520,RN-5K9,-0.296481
10000017,30001521,0M-M64,-0.293175
10000017,30001522,W5-SGC,-0.266136
10000017,30001523,8RV-1L,-0.37493
10000017,30001524,1C-TD6,-0.37509
10000017,30001525,YBYX-1,-0.233588
10000018,30001526,L-WG68,-0.310246
10000018,30001527,E4-E8W,-0.370145
10000018,30001528,HIK-MC,-0.353684
10000018,30001529,B9EA-G,-0.194869
10000018,30001530,E-BFLT,-0.426778
10000018,30001531,GZM-KB,-0.185919
10000018,30001532,5LAJ-8,-0.196861
10000018,30001533,C6C-K9,-0.603737
10000018,30001534,AL-JSG,-0.430125
10000018,30001535,ETO-OT,-0.796308
10000018,30001536,KPI-OW,-0.309014
10000018,30001537,A-J6SN,-0.802711
10000018,30001538,OTJ-4W,-0.19917
10000018,30001539,AG-SYG,-0.911314
10000018,30001540,1I5-0V,-0.533442
10000018,30001541,VX1-HV,-0.302376
10000018,30001542,JNG7-K,-0.30237
10000018,30001543,K-XJJT,-0.171639
10000018,30001544,FO1U-K,-0.428494
10000018,30001545,6U-1RX,-0.395917
10000018,30001546,Y4OK-W,-0.489253
10000018,30001547,P-NI4K,-0.15314
10000018,30001548,T6T-BQ,-0.67266
10000018,30001549,N-PS2Y,-0.67235
10000018,30001550,K-BBYU,-0.610334
10000018,30001551,0J-MQW,-0.913118
10000018,30001552,XT-1E0,-0.326344
10000018,30001553,3ET-G8,-0.387444
10000018,30001554,MOSA-I,-0.801513
10000018,30001555,B6-XE8,-0.724929
10000018,30001556,JLH-FN,-0.701396
10000018,30001557,DFTK-D,-0.865901
10000018,30001558,4HF-4R,-0.70879
10000018,30001559,Y8K-5B,-0.679107
10000018,30001560,L7-BLT,-0.924969
10000018,30001561,8P-LKL,-0.406766
10000018,30001562,Q-UVY6,-0.378363
10000018,30001563,RXA-W1,-0.337688
10000018,30001564,QFU-4S,-0.367723
10000018,30001565,QQGH-G,-0.336364
10000018,30001566,VK6-EZ,-0.297844
10000018,30001567,JVA-FE,-0.42324
10000018,30001568,P65-TA,-0.627421
10000018,30001569,G-VFVB,-0.285143
10000018,30001570,Y4B-BQ,-0.355324
10000018,30001571,EU-WFW,-0.14644
10000018,30001572,K-YL9T,-0.111179
10000018,30001573,GTB-O4,-0.130075
10000018,30001574,6W-6O9,-0.122233
10000018,30001575,H4X-0I,-0.180642
10000018,30001576,C-BHDN,-0.381414
10000018,30001577,R-RE2B,-0.183519
10000018,30001578,4DH-ST,-0.916722
10000018,30001579,OSW-0P,-1.0
10000018,30001580,GF-GR7,-0.104726
10000018,30001581,DVN6-0,-0.109999
10000018,30001582,Z19-B8,-0.072119
10000018,30001583,HPMN-V,-0.092648
10000018,30001584,XR-ZL7,-0.084715
10000018,30001585,U1-VHY,-0.112325
10000018,30001586,OTJ9-E,-0.552879
10000018,30001587,LH-LY1,-0.718186
10000018,30001588,7-QOYS,-0.900561
10000018,30001589,KS8G-M,-0.532865
10000018,30001590,ZWM-BB,-1.0
10000018,30001591,S-CUEA,-0.597118
10000018,30001592,L-EUY2,-0.515616
10000018,30001593,JL-ZUQ,-0.456147
10000018,30001594,X-KHRZ,-0.615508
10000018,30001595,WIW-X8,-0.956281
10000018,30001596,QRH-BF,-0.94147
10000018,30001597,M-NP5O,-1.0
10000019,30001598,2-NF2Z,-0.034044
10000019,30001599,0Z-VHC,-0.023703
10000019,30001600,9-BUSQ,-0.016288
10000019,30001601,LQB-TC,-0.025035
10000019,30001602,II-1B3,-0.023502
10000019,30001603,6-HFD6,-0.023295
10000019,30001604,P3UD-M,-0.039543
10000019,30001605,LCN-0V,-0.032664
10000019,30001606,FX-XMW,-0.020539
10000019,30001607,G-N6MC,-0.023593
10000019,30001608,7-8XK0,-0.031276
10000019,30001609,90G-OA,-0.033255
10000019,30001610,DT-7EO,-0.034729
10000019,30001611,B-Y06L,-0.066618
10000019,30001612,HHQ-8L,-0.026873
10000019,30001613,Z-KPAR,-0.060426
10000019,30001614,8U-RZH,-0.020432
10000019,30001615,2RV-06,-0.078274
10000019,30001616,CLDT-L,-0.050133
10000019,30001617,QU7-EE,-0.01567
10000019,30001618,UC-X28,-0.033132
10000019,30001619,R79-I7,-0.035995
10000019,30001620,E-RPGP,-0.032727
10000019,30001621,ZV-KZO,-0.023214
10000019,30001622,NSE-U1,-0.023518
10000019,30001623,KER-EU,-0.043516
10000019,30001624,69A-54,-0.033719
10000019,30001625,M9-OS2,-0.024802
10000019,30001626,5V-YL6,-0.028158
10000019,30001627,8-UWFS,-0.012699
10000019,30001628,PQWA-L,-0.010469
10000019,30001629,BWO-UU,-0.008386
10000019,30001630,SQVI-U,-0.030393
10000019,30001631,T-YWDD,-0.045009
10000019,30001632,DLY-RG,-0.065068
10000019,30001633,T-C5A0,-0.101223
10000019,30001634,UP-L3Y,-0.055719
10000019,30001635,F-KBNV,-0.045732
10000019,30001636,JL-P9P,-0.11317
10000019,30001637,FR-RCH,-0.016974
10000019,30001638,FNS3-F,-0.021389
10000019,30001639,7BA-TK,-0.010587
10000019,30001640,IAWJ-X,-0.019002
10000019,30001641,50-TJY,-0.028392
10000019,30001642,3-CE1R,-0.021143
10000019,30001643,0IRK-R,-0.006288
10000020,30001644,Tividu,0.572842
10000020,30001645,Tendhyes,0.589687
10000020,30001646,Goram,0.597392
10000020,30001647,Anjedin,0.515754
10000020,30001648,Adahum,0.607686
10000020,30001649,Ahrosseas,0.576563
10000020,30001650,Riramia,0.565731
10000020,30001651,Nafomeh,0.709062
10000020,30001652,Pimsu,0.725185
10000020,30001653,Jarzalad,0.610019
10000020,30001654,Matyas,0.554138
10000020,30001655,Imeshasa,0.584965
10000020,30001656,Ivih,0.548596
10000020,30001657,Seil,0.58785
10000020,30001658,Mani,0.822145
10000020,30001659,Sehmosh,0.57006
10000020,30001660,Dabrid,0.64884
10000020,30001661,Gyerzen,0.43818
10000020,30001662,Hibi,0.50365
10000020,30001663,Gemodi,0.359262
10000020,30001664,Chamume,0.291687
10000020,30001665,Nuzair,0.535057
10000020,30001666,Pera,0.455397
10000020,30001667,Shousran,0.550819
10000020,30001668,Yong,0.286131
10000020,30001669,Pimebeka,0.684396
10000020,30001670,Baviasi,0.804102
10000020,30001671,Tash-Murkon Prime,0.832134
10000020,30001672,Emrayur,0.949
10000020,30001673,Shesha,0.939664
10000020,30001674,Hilaban,0.891444
10000020,30001675,Sacalan,0.562881
10000020,30001676,Mimen,0.526744
10000020,30001677,Thashkarai,0.611164
10000020,30001678,Atoosh,0.630162
10000020,30001679,Unkah,0.647908
10000020,30001680,Hoona,0.488945
10000020,30001681,Teshkat,0.420654
10000020,30001682,Keshirou,0.236506
10000020,30001683,Nasesharafa,0.170233
10000020,30001684,Tirbam,0.156006
10000020,30001685,Ordat,0.269502
10000020,30001686,Rethan,0.37302
10000020,30001687,Lossa,0.83594
10000020,30001688,Onazel,0.736159
10000020,30001689,Asesamy,0.645109
10000020,30001690,Hostni,0.791946
10000020,30001691,Mimime,0.845326
10000020,30001692,Kibursha,0.761763
10000020,30001693,Perdan,0.857557
10000020,30001694,Abai,0.730618
10000020,30001695,Nehkiah,0.614642
10000020,30001696,Iro,0.563121
10000020,30001697,Ahkour,0.660782
10000020,30001698,Gaknem,0.614769
10000020,30001699,Siyi,0.509937
10000020,30001700,Remoriu,0.653494
10000020,30001701,Yanuel,0.751635
10000020,30001702,Nafrivik,0.588434
10000020,30001703,Taru,0.750378
10000020,30001704,Arkoz,0.783142
10000020,30001705,Azhgabid,0.803226
10000020,30001706,Jinizu,0.785975
10000020,30001707,Phoren,0.605045
10000020,30001708,Asezai,0.640194
10000020,30001709,Ferira,0.582023
10000020,30001710,Yeder,0.631409
10000020,30001711,Azerakish,0.633394
10000020,30001712,Lari,0.493032
10000020,30001713,Yasud,0.628312
10000020,30001714,Ghishul,0.703417
10000020,30001715,Moutid,0.705992
10000020,30001716,Goni,0.787519
10000020,30001717,Adar,0.796463
10000020,30001718,Paye,0.642081
10000020,30001719,Sagain,0.43391
10000020,30001720,Modun,0.341332
10000020,30001721,Saminer,0.291739
10000020,30001722,Marthia,0.925733
10000020,30001723,Assiad,0.947641
10000020,30001724,Rumida,0.910481
10000020,30001725,Nosodnis,0.929034
10000020,30001726,Iswa,0.835361
10000020,30001727,Rand,0.866089
10000020,30001728,Sizamod,0.717975
10000020,30001729,Sinid,0.729366
10000020,30001730,Alra,0.818921
10000020,30001731,Ilas,0.833348
10000020,30001732,Zith,0.867339
10000020,30001733,Tew,0.949794
10000020,30001734,Zehru,0.911673
10000020,30001735,Uhodoh,0.803802
10000020,30001736,Esa,0.75732
10000020,30001737,Hath,0.796701
10000020,30001738,Judra,0.7616
10000020,30001739,Sharios,0.660337
10000020,30001740,Arakor,0.692631
10000020,30001741,Ahteer,0.696988
10000020,30001742,Kari,0.568303
10000021,30001743,JUE-DX,-0.348088
10000021,30001744,HLR-GL,-0.24722
10000021,30001745,80G-H5,-0.492482
10000021,30001746,2EV-BA,-0.253577
10000021,30001747,M1-PX9,-0.342505
10000021,30001748,W9-TFD,-0.138357
10000021,30001749,QHH-13,-0.581343
10000021,30001750,J4AQ-O,-0.60893
10000021,30001751,O-O2GN,-0.235745
10000021,30001752,I-HRX3,-0.172655
10000021,30001753,XUPK-Z,-0.177313
10000021,30001754,M4U-EH,-0.625457
10000021,30001755,WK2F-Y,-0.199044
10000021,30001756,WIO-OL,-0.143134
10000021,30001757,1-10QG,-0.017076
10000021,30001758,YQM-P1,-0.172637
10000021,30001759,6-GRN7,-0.010926
10000021,30001760,TFPT-U,-0.01
10000021,30001761,D-JVGJ,-0.222152
10000021,30001762,K4UV-G,-0.274301
10000021,30001763,Q7E-DU,-0.262925
10000021,30001764,9Z-XJN,-0.258813
10000021,30001765,ZEZ1-9,-0.414721
10000021,30001766,QFRV-2,-0.461255
10000021,30001767,HZID-J,-0.226895
10000021,30001768,8-AA98,-0.368823
10000021,30001769,EZWQ-X,-0.662317
10000021,30001770,2ULC-J,-0.749441
10000021,30001771,T0DT-T,-0.853097
10000021,30001772,QG3-Z0,-0.329124
10000021,30001773,RT64-C,-0.234028
10000021,30001774,2ID-87,-0.335264
10000021,30001775,FVQF-W,-0.334996
10000021,30001776,8K-QCZ,-0.361777
10000021,30001777,JBUH-H,-0.484983
10000021,30001778,XDTW-F,-0.432268
10000021,30001779,0-4VQL,-0.487794
10000021,30001780,SN-DZ6,-0.66514
10000021,30001781,DJ-GBH,-0.625448
10000021,30001782,I0N-BM,-0.749405
10000021,30001783,QOK-SX,-0.609011
10000021,30001784,24I-FE,-0.718405
10000021,30001785,4H-YJZ,-0.759395
10000021,30001786,2-84WC,-0.885164
10000021,30001787,V-SEE6,-0.695245
10000021,30001788,U-FQ21,-0.896369
10000021,30001789,NHKO-4,-0.755919
10000021,30001790,KGCF-5,-0.83151
10000021,30001791,Y-UO9U,-0.831475
10000021,30001792,XME-SW,-0.832821
10000021,30001793,JX-SOA,-0.897551
10000021,30001794,VH-9VO,-0.975408
10000021,30001795,P-T9VC,-1.0
10000021,30001796,9S-GPT,-0.250471
10000021,30001797,UAJ5-K,-0.227917
10000021,30001798,XJ-AG7,-0.262175
10000021,30001799,2WU-XT,-0.116622
10000021,30001800,J7X-VN,-0.184311
10000021,30001801,F-WCLC,-0.075115
10000021,30001802,G-HE0N,-0.230426
10000021,30001803,YC-ANK,-0.161947
10000021,30001804,LTT-AP,-0.087989
10000021,30001805,8RL-OG,-0.543391
10000021,30001806,R3P0-Z,-0.745147
10000021,30001807,ZZK-VF,-0.620367
10000021,30001808,SN-Q1T,-0.740303
10000021,30001809,L1YK-V,-0.49638
10000021,30001810,ZJ-5IS,-0.433095
10000021,30001811,GA58-7,-0.699927
10000021,30001812,J-0KB3,-0.822932
10000021,30001813,UC-8XF,-0.737114
10000021,30001814,90-A1P,-0.701889
10000021,30001815,4AZV-W,-0.845624
10000021,30001816,UNV-3J,-0.708046
10000021,30001817,7F-2FB,-0.916113
10000021,30001818,MC4C-H,-0.529135
10000021,30001819,OW-QXW,-0.395335
10000021,30001820,3-QNM4,-0.739097
10000021,30001821,UEPO-D,-0.391565
10000021,30001822,NQ-M6W,-0.573936
10000021,30001823,P-8PDJ,-0.341869
10000021,30001824,VE-W7O,-0.753975
10000021,30001825,CNHV-M,-0.698208
10000021,30001826,NEU-UD,-0.677196
10000021,30001827,N-I024,-0.539141
10000021,30001828,4O-ZRI,-0.753538
10000021,30001829,Y-7XVJ,-0.648225
10000021,30001830,RQNF-9,-0.767073
10000022,30001831,DSS-EZ,-0.262415
10000022,30001832,MB4D-4,-0.223745
10000022,30001833,LGK-VP,-0.115761
10000022,30001834,E-C0SR,-0.075197
10000022,30001835,X1E-OQ,-0.099426
10000022,30001836,VTGN-U,-0.069286
10000022,30001837,0Y1-M7,-0.084998
10000022,30001838,Q-Q2S6,-0.089529
10000022,30001839,WHG2-7,-0.102182
10000022,30001840,9RQ-L8,-0.069378
10000022,30001841,32-GI9,-0.078905
10000022,30001842,TG-Z23,-0.050998
10000022,30001843,IP-MVJ,-0.040329
10000022,30001844,4J-ZC9,-0.061376
10000022,30001845,7R5-7R,-0.130175
10000022,30001846,Y1-UQ2,-0.17008
10000022,30001847,HM-UVD,-0.248875
10000022,30001848,G-ME2K,-0.262748
10000022,30001849,WNS-7J,-0.306767
10000022,30001850,57M7-W,-0.221738
10000022,30001851,JS-E8E,-0.066811
10000022,30001852,FV-SE8,-0.076661
10000022,30001853,FZSW-Y,-0.061376
10000022,30001854,UF-KKH,-0.053254
10000022,30001855,O5Y3-W,-0.084912
10000022,30001856,0GN-VO,-0.090253
10000022,30001857,9U6-SV,-0.076951
10000022,30001858,4GQ-XQ,-0.029418
10000022,30001859,R8-5XF,-0.027154
10000022,30001860,2IGP-1,-0.02866
10000022,30001861,Z2-QQP,-0.026124
10000022,30001862,GDEW-0,-0.024463
10000022,30001863,PSJ-10,-0.024412
10000022,30001864,2-V0KY,-0.023129
10000022,30001865,U-WLT9,-0.036238
10000022,30001866,ZG8Q-N,-0.038233
10000022,30001867,40GX-P,-0.023166
10000022,30001868,37S-KO,-0.036925
10000022,30001869,4J9-DK,-0.05748
10000022,30001870,A-GPTM,-0.081284
10000022,30001871,HQ-TDJ,-0.035163
10000022,30001872,WBLF-0,-0.026483
10000022,30001873,GDO-7H,-0.031773
10000022,30001874,NZG-LF,-0.021909
10000022,30001875,UJM-RD,-0.015578
10000022,30001876,L0AD-B,-0.019055
10000022,30001877,8ZO-CK,-0.010962
10000022,30001878,WEQT-K,-0.014547
10000022,30001879,8O-OSG,-0.025867
10000022,30001880,1H-I12,-0.006303
10000022,30001881,D9D-GD,-0.004944
10000022,30001882,4A-XJ6,-0.008494
10000022,30001883,GU-54G,-0.005934
10000022,30001884,7-X3RN,-0.014616
10000022,30001885,BF-FVB,-0.002907
10000022,30001886,9O-ZTS,-0.006046
10000022,30001887,8KQR-O,-0.017112
10000022,30001888,F9SX-1,-0.012751
10000022,30001889,0G-A25,-0.021005
10000022,30001890,WJO0-G,-0.00553
10000022,30001891,S91-TI,-0.007382
10000022,30001892,V1V-6F,-0.008347
10000022,30001893,S-DLKC,-0.124875
10000022,30001894,42-UOW,-0.132584
10000022,30001895,CBGG-0,-0.119938
10000022,30001896,A4UG-O,-0.13047
10000022,30001897,W-VXL9,-0.15655
10000022,30001898,U2-BJ2,-0.186863
10000022,30001899,UKYS-5,-0.127819
10000022,30001900,RV5-DW,-0.119389
10000022,30001901,KP-FQ1,-0.109468
10000022,30001902,RLDS-R,-0.103091
10000022,30001903,QM-O7J,-0.135849
10000022,30001904,0-7XA8,-0.065042
10000022,30001905,X5O1-L,-0.007545
10000022,30001906,F-TVAP,-0.006018
10000022,30001907,6Y-0TW,-0.006347
10000022,30001908,TL-T9Z,-0.005484
10000022,30001909,E7-WSY,-0.005755
10000022,30001910,B-G1LG,-0.005767
10000022,30001911,T-8UOF,-0.242257
10000022,30001912,DP-2WP,-0.275743
10000022,30001913,MMR-LZ,-0.32445
10000022,30001914,I-ME3L,-0.195234
10000022,30001915,YE17-R,-0.349174
10000022,30001916,T7-JNB,-0.308863
10000022,30001917,LB0-A1,-0.343054
10000022,30001918,S-BWWQ,-0.222267
10000022,30001919,Z-R96X,-0.280936
10000022,30001920,J-AYLV,-0.367488
10000022,30001921,DABV-N,-0.364226
10000022,30001922,ZH-KEV,-0.186279
10000022,30001923,LC-1ED,-0.140424
10000022,30001924,RPS-0K,-0.209691
10000022,30001925,VNPF-7,-0.105743
10000022,30001926,CJF-1P,-0.10035
10000022,30001927,U6-FCE,-0.231423
10000022,30001928,L6B-0N,-0.231015
10000022,30001929,Z-XMUC,-0.132023
10000022,30001930,6QBH-S,-0.24983
10000022,30001931,RRWI-5,-0.038169
10000022,30001932,Y-4U62,-0.057834
10000022,30001933,EAWE-2,-0.063963
10000022,30001934,I-3FET,-0.030902
10000022,30001935,QCKK-T,-0.055598
10000022,30001936,RP-H66,-0.070341
10000022,30001937,JU-UYK,-0.05592
10000022,30001938,O-FTHE,-0.042107
10000022,30001939,W-Q233,-0.026992
10000022,30001940,4XW2-D,-0.027365
10000022,30001941,J5NU-K,-0.029636
10000022,30001942,EOT-XL,-0.020798
10000022,30001943,RVRE-Z,-0.02102
10000022,30001944,B-2UL0,-0.015421
10000022,30001945,L-A9FS,-0.01273
10000022,30001946,OOO-FS,-0.012482
10000022,30001947,373Z-7,-0.007631
10000022,30001948,JVJ2-N,-0.169824
10000022,30001949,2B-3M4,-0.143621
10000022,30001950,A-XASO,-0.150682
10000022,30001951,5J-UEX,-0.147938
10000022,30001952,1H4V-O,-0.100037
10000022,30001953,LGL-SD,-0.16599
10000022,30001954,A-DZA8,-0.190341
10000022,30001955,O-CT8N,-0.070846
10000022,30001956,Z-6YQC,-0.208636
10000022,30001957,F7-ICZ,-0.264578
10000022,30001958,XFBE-T,-0.185926
10000022,30001959,T-NNJZ,-0.302784
10000022,30001960,DK6W-I,-0.115376
10000022,30001961,0T-LIB,-0.206225
10000022,30001962,NRT4-U,-0.326985
10000023,30001963,KQK1-2,-0.160657
10000023,30001964,O-BY0Y,-0.13958
10000023,30001965,2D-0SO,-0.154628
10000023,30001966,UR-E6D,-0.189047
10000023,30001967,X47L-Q,-0.250256
10000023,30001968,D7T-C0,-0.198677
10000023,30001969,KI-TL0,-0.179452
10000023,30001970,EL8-4Q,-0.159827
10000023,30001971,JC-YX8,-0.134225
10000023,30001972,5-9WNU,-0.1889
10000023,30001973,XI-VUF,-0.185448
10000023,30001974,N-H32Y,-0.147427
10000023,30001975,12YA-2,-0.175103
10000023,30001976,BDV3-T,-0.157582
10000023,30001977,J-CIJV,-0.243942
10000023,30001978,X-7OMU,-0.141435
10000023,30001979,CXN1-Z,-0.124012
10000023,30001980,KLY-C0,-0.097906
10000023,30001981,CL6-ZG,-0.122401
10000023,30001982,G95-VZ,-0.241553
10000023,30001983,ROIR-Y,-0.239697
10000023,30001984,EC-P8R,-0.446575
10000023,30001985,EWOK-K,-0.313539
10000023,30001986,O-N8XZ,-0.186457
10000023,30001987,G-M4I8,-0.298389
10000023,30001988,MI6O-6,-0.132399
10000023,30001989,L-TS8S,-0.207359
10000023,30001990,93PI-4,-0.174663
10000023,30001991,ION-FG,-0.133997
10000023,30001992,C-H9X7,-0.11086
10000023,30001993,A8I-C5,-0.115486
10000023,30001994,DK-FXK,-0.075216
10000023,30001995,M-76XI,-0.076331
10000023,30001996,ZJET-E,-0.098637
10000023,30001997,U-INPD,-0.104164
10000023,30001998,WW-KGD,-0.179159
10000023,30001999,XQ-PXU,-0.149838
10000023,30002000,M-YCD4,-0.181622
10000023,30002001,Q-5211,-0.144558
10000023,30002002,R-2R0G,-0.212525
10000023,30002003,CR-AQH,-0.275358
10000023,30002004,8S-0E1,-0.226813
10000023,30002005,5ZXX-K,-0.229454
10000023,30002006,JE-D5U,-0.217207
10000023,30002007,2-6TGQ,-0.211345
10000023,30002008,OE-9UF,-0.209479
10000023,30002009,PFU-LH,-0.257485
10000023,30002010,R6XN-9,-0.18139
10000023,30002011,3V8-LJ,-0.173264
10000023,30002012,B8EN-S,-0.161461
10000023,30002013,R-LW2I,-0.153427
10000023,30002014,DP-1YE,-0.172616
10000023,30002015,4-ABS8,-0.194327
10000023,30002016,7RM-N0,-0.06264
10000023,30002017,S-MDYI,-0.052288
10000023,30002018,ZKYV-W,-0.055621
10000023,30002019,F-NMX6,-0.059062
10000023,30002020,GA-P6C,-0.081671
10000023,30002021,FWA-4V,-0.022551
10000023,30002022,RZC-16,-0.030471
10000023,30002023,RD-G2R,-0.132531
10000023,30002024,UC3H-Y,-0.097873
10000023,30002025,6GWE-A,-0.07741
10000023,30002026,J-OK0C,-0.05501
10000023,30002027,KDV-DE,-0.087296
10000023,30002028,MT9Q-S,-0.086128
10000023,30002029,B-9C24,-0.067233
10000023,30002030,P-2TTL,-0.099031
10000023,30002031,7X-VKB,-0.0652
10000023,30002032,E-Z2ZX,-0.116333
10000023,30002033,RORZ-H,-0.127091
10000023,30002034,O-A6YN,-0.123892
10000023,30002035,MQ-NPY,-0.029128
10000023,30002036,D2-HOS,-0.029949
10000023,30002037,Y2-6EA,-0.025357
10000023,30002038,TFA0-U,-0.029275
10000023,30002039,RQH-MY,-0.028506
10000023,30002040,HPS5-C,-0.035367
10000023,30002041,DT-TCD,-0.021529
10000023,30002042,KU5R-W,-0.171683
10000023,30002043,H1-J33,-0.201528
10000023,30002044,Y-C3EQ,-0.141766
10000023,30002045,OGV-AS,-0.142161
10000023,30002046,7D-0SQ,-0.122182
10000023,30002047,UI-8ZE,-0.206598
10000042,30002048,Bei,0.564869
10000042,30002049,Uttindar,0.50443
10000042,30002050,Hagilur,0.362024
10000042,30002051,Anher,0.464528
10000042,30002052,Ragnarg,0.389339
10000042,30002053,Hek,0.8
10000042,30002054,Hror,0.511519
10000042,30002055,Amo,0.474411
10000042,30002056,Resbroko,0.437876
10000042,30002057,Hadozeko,0.396071
10000042,30002058,Ardar,0.366011
10000042,30002059,Auner,0.407542
10000042,30002060,Evati,0.247392
10000042,30002061,Ofstold,0.273964
10000042,30002062,Todifrauan,0.115855
10000042,30002063,Helgatild,0.151898
10000042,30002064,Arnstur,0.118169
10000042,30002065,Lasleinur,0.237848
10000042,30002066,Arnher,0.1921
10000042,30002067,Brin,0.154826
10000042,30002068,Nakugard,0.520913
10000042,30002069,Traun,0.629521
10000042,30002070,Uriok,0.50324
10000042,30002071,Barkrik,0.56238
10000042,30002072,Inder,0.510338
10000042,30002073,Tvink,0.476867
10000042,30002074,Lanngisi,0.461206
10000042,30002075,Hjoramold,0.509212
10000042,30002076,Dudreda,0.292149
10000042,30002077,Hakisalki,0.211785
10000042,30002078,Arwa,0.12731
10000070,30002079,Krirald,-1.0
10000042,30002080,Arifsdald,0.092769
10000042,30002081,Ansen,0.13638
10000042,30002082,Floseswin,0.402952
10000042,30002083,Uisper,0.392681
10000042,30002084,Aset,0.355244
10000042,30002085,Eytjangard,0.361598
10000042,30002086,Turnur,0.387434
10000042,30002087,Isbrabata,0.355195
10000042,30002088,Vimeini,0.353285
10000042,30002089,Avenod,0.385905
10000042,30002090,Frerstorn,0.306094
10000042,30002091,Ontorn,0.321813
10000042,30002092,Sirekur,0.311342
10000042,30002093,Gebuladi,0.263332
10000042,30002094,Ebolfer,0.252911
10000042,30002095,Eszur,0.212796
10000042,30002096,Hofjaldgund,0.265825
10000042,30002097,Klogori,0.298558
10000042,30002098,Orfrold,0.228674
10000042,30002099,Egmar,0.252872
10000042,30002100,Taff,0.154256
10000042,30002101,Ualkin,0.15012
10000042,30002102,Gukarla,0.124563
10000025,30002103,NS2L-4,-0.576434
10000025,30002104,QI-S9W,-0.34191
10000025,30002105,B-S347,-0.58103
10000025,30002106,PPFB-U,-0.074166
10000025,30002107,AF0-V5,-0.39875
10000025,30002108,B-A587,-0.233449
10000025,30002109,Y19P-1,-0.171218
10000025,30002110,B9E-H6,-0.365429
10000025,30002111,SPBS-6,-0.18178
10000025,30002112,JDAS-0,-0.293116
10000025,30002113,A4B-V5,-0.153185
10000025,30002114,LN-56V,-0.218239
10000025,30002115,Y2-QUV,-0.278498
10000025,30002116,O7-7UX,-0.257473
10000025,30002117,Z8-81T,-0.185621
10000025,30002118,XD-JW7,-0.236784
10000025,30002119,DY-P7Q,-0.227251
10000025,30002120,H-RXNZ,-0.204139
10000025,30002121,ZBP-TP,-0.095347
10000025,30002122,XVV-21,-0.320979
10000025,30002123,GXK-7F,-0.329207
10000025,30002124,EA-HSA,-0.516159
10000025,30002125,78TS-Q,-0.182808
10000025,30002126,WYF8-8,-0.604062
10000025,30002127,CJNF-J,-0.219211
10000025,30002128,FYI-49,-0.695616
10000025,30002129,RF6T-8,-0.593801
10000025,30002130,ZJA-6U,-0.570409
10000025,30002131,94FR-S,-0.619909
10000025,30002132,Q-HJ97,-0.416475
10000025,30002133,GM-0K7,-0.386889
10000025,30002134,I-NGI8,-0.588022
10000025,30002135,R-ZUOL,-0.639294
10000025,30002136,E1F-LK,-0.452558
10000025,30002137,Z4-QLD,-0.28382
10000025,30002138,QE-E1D,-0.273868
10000025,30002139,LK1K-5,-0.298336
10000025,30002140,REB-KR,-0.271136
10000025,30002141,Z-H2MA,-0.272969
10000025,30002142,L-5JCJ,-0.258915
10000025,30002143,B-KDOZ,-0.254473
10000025,30002144,4-GB14,-0.250968
10000025,30002145,PH-NFR,-0.241709
10000025,30002146,DW-N2S,-0.213712
10000025,30002147,W-FHWJ,-0.235296
10000025,30002148,X-6WC7,-0.374666
10000025,30002149,D-BAMJ,-0.133085
10000025,30002150,JKWP-U,-0.236184
10000025,30002151,RHE7-W,-0.083032
10000025,30002152,F76-8Q,-0.060216
10000025,30002153,O3Z5-G,-0.647334
10000025,30002154,4DV-1T,-0.586491
10000025,30002155,XS-K1O,-0.543662
10000025,30002156,FN-DSR,-0.397824
10000025,30002157,B-R5RB,-0.708121
10000025,30002158,7-ZT1Y,-0.302305
10000025,30002159,9-XN3F,-0.349488
10000025,30002160,AC-7LZ,-0.301448
10000025,30002161,LBA-SO,-0.27409
10000025,30002162,Y-FZ5N,-0.413374
10000025,30002163,E8-YS9,-0.304436
10000025,30002164,U79-JF,-0.555577
10000025,30002165,B2-UQW,-0.371999
10000025,30002166,U9U-TQ,-0.345221
10000025,30002167,6-I162,-0.477305
10000025,30002168,08-N7Q,-0.716019
10000025,30002169,Y-C4AL,-0.686753
10000025,30002170,CKX-RW,-0.627516
10000025,30002171,8X6T-8,-0.653027
10000025,30002172,W4E-IT,-0.597843
10000025,30002173,OP9L-F,-0.582505
10000025,30002174,J-QA7I,-0.480517
10000025,30002175,2O-EEW,-0.761683
10000025,30002176,Y-N4EF,-0.787164
10000025,30002177,7YSF-E,-0.37515
10000025,30002178,KCDX-7,-0.579184
10000025,30002179,O7-VJ5,-0.568739
10000025,30002180,FRTC-5,-0.601911
10000025,30002181,M-ZJWJ,-0.473106
10000025,30002182,R-ORB7,-0.596413
10000025,30002183,RU-PT9,-0.609938
10000025,30002184,DR-427,-0.686214
10000025,30002185,NI-J0B,-0.493748
10000025,30002186,QN-6J2,-0.722518
10000043,30002187,Amarr,0.949
10000043,30002188,Boranai,0.893772
10000043,30002189,Hedion,0.949
10000043,30002190,Mabnen,0.940368
10000043,30002191,Toshabia,0.813027
10000043,30002192,Irnin,0.734746
10000043,30002193,Kehour,0.916477
10000043,30002194,Martha,0.67464
10000043,30002195,Simbeloud,0.856067
10000043,30002196,Ebidan,0.896038
10000043,30002197,Akhragan,0.798784
10000043,30002198,Mikhir,0.738355
10000043,30002199,Bashakru,0.64456
10000043,30002200,Sukirah,0.602218
10000043,30002201,Shuria,0.479472
10000043,30002202,Narai,0.468422
10000043,30002203,Ziona,0.629562
10000043,30002204,Gaha,0.73936
10000043,30002205,Armala,0.782163
10000043,30002206,Murema,0.664702
10000043,30002207,Cailanar,0.684324
10000043,30002208,Ilonarav,0.750137
10000043,30002209,Uchat,0.656618
10000043,30002210,Joppaya,0.531256
10000043,30002211,Pelkia,0.518444
10000043,30002212,Raren,0.506317
10000043,30002213,Mazitah,0.473992
10000043,30002214,Hiramu,0.493134
10000043,30002215,Sakhti,0.454842
10000043,30002216,Aldali,0.426876
10000043,30002217,Hutian,0.544761
10000043,30002218,Noli,0.553522
10000043,30002219,Nomash,0.395444
10000043,30002220,Aghesi,0.770818
10000043,30002221,Fabin,0.720938
10000043,30002222,Airshaz,0.727185
10000043,30002223,Patzcha,0.727015
10000043,30002224,Charra,0.754711
10000070,30002225,Harva,-1.0
10000043,30002226,Thebeka,0.873772
10000043,30002227,Rasile,0.869486
10000043,30002228,Nererut,0.764729
10000043,30002229,Sitanan,0.793875
10000043,30002230,Vashkah,0.744503
10000043,30002231,Ardishapur Prime,0.740023
10000043,30002232,Gid,0.737569
10000043,30002233,Dakba,0.710418
10000043,30002234,Nifshed,0.654727
10000043,30002235,Shumam,0.67737
10000043,30002236,Milal,0.297923
10000043,30002237,Sobenah,0.35959
10000043,30002238,Bourar,0.382961
10000043,30002239,Rammi,0.29989
10000043,30002240,Arodan,0.3211
10000043,30002241,Rimbah,0.324924
10000043,30002242,Mamenkhanar,0.703849
10000043,30002243,Seiradih,0.558749
10000043,30002244,Arera,0.646061
10000043,30002245,Hizhara,0.581256
10000043,30002246,Neziel,0.449944
10000043,30002247,Ahala,0.544906
10000043,30002248,Knophtikoo,0.693326
10000043,30002249,Ruchy,0.363668
10000043,30002250,Hai,0.505247
10000043,30002251,Sadye,0.603089
10000043,30002252,Bika,0.459159
10000043,30002253,Arshat,0.580904
10000043,30002254,Jerma,0.481446
10000043,30002255,Miyeli,0.376772
10000043,30002256,Reyi,0.318171
10000043,30002257,Moussou,0.820544
10000043,30002258,Nadohman,0.748868
10000043,30002259,Sahdil,0.706806
10000043,30002260,Esteban,0.551632
10000043,30002261,Luromooh,0.626142
10000043,30002262,Nalu,0.581325
10000043,30002263,Jarshitsan,0.571162
10000043,30002264,Hadonoo,0.601282
10000043,30002265,Azizora,0.62303
10000043,30002266,Ahmak,0.601741
10000043,30002267,Shabura,0.67306
10000043,30002268,Adia,0.666568
10000043,30002269,Ebo,0.523045
10000043,30002270,Avair,0.411113
10000043,30002271,Rayl,0.466544
10000043,30002272,Asoutar,0.273498
10000043,30002273,Porsharrah,0.355681
10000043,30002274,Tastela,0.391129
10000043,30002275,Clarelam,0.496612
10000043,30002276,Isamm,0.68324
10000043,30002277,Ebtesham,0.716798
10000043,30002278,Artoun,0.752386
10000043,30002279,Safizon,0.8099
10000043,30002280,Zatsyaki,0.881814
10000043,30002281,Eba,0.911785
10000043,30002282,Bhizheba,0.949
10000027,30002283,2G-VDP,-0.20697
10000027,30002284,9F-3CR,-0.288224
10000027,30002285,J7M-3W,-0.072268
10000027,30002286,KRPF-A,-0.053733
10000027,30002287,9P-870,-0.021381
10000027,30002288,QNXJ-M,-0.43849
10000027,30002289,AID-9T,-0.129641
10000027,30002290,PXE-RG,-0.18678
10000027,30002291,5J-62N,-0.319319
10000027,30002292,Z-DRIY,-0.494216
10000027,30002293,8-MXHA,-0.330148
10000027,30002294,LPVL-5,-0.073457
10000027,30002295,D3S-EA,-0.126103
10000027,30002296,KGT3-6,-0.473881
10000027,30002297,4LJ6-Q,-0.307624
10000027,30002298,SAH-AD,-0.247389
10000027,30002299,MF-PGF,-0.376206
10000027,30002300,L-ZJLN,-0.507204
10000027,30002301,G-QTSD,-0.155415
10000027,30002302,3G-LFX,-0.145397
10000027,30002303,NK-VTL,-0.098342
10000027,30002304,D-CR6W,-0.148349
10000027,30002305,BY-7PY,-0.016804
10000027,30002306,GN-TNT,-0.018574
10000027,30002307,QKCU-4,-0.049713
10000027,30002308,0M-24X,-0.315781
10000027,30002309,N06Z-Q,-0.03355
10000027,30002310,YX-0KH,-0.030253
10000027,30002311,KMH-J1,-0.452215
10000027,30002312,CYB-BZ,-0.304567
10000027,30002313,5U-3PW,-0.128692
10000027,30002314,89JS-J,-0.062228
10000027,30002315,C9R-NO,-0.150802
10000027,30002316,FKR-SR,-0.123235
10000027,30002317,1ACJ-6,-0.479887
10000027,30002318,BNX-AS,-0.440611
10000027,30002319,XB-9U2,-0.423335
10000027,30002320,F9-FUV,-0.706624
10000027,30002321,FB-MPY,-0.388877
10000027,30002322,RO-0PZ,-0.458969
10000027,30002323,JTA2-2,-0.145957
10000027,30002324,R-6KYM,-0.087539
10000027,30002325,3H58-R,-0.031323
10000027,30002326,RV-GA8,-0.116988
10000027,30002327,TP-RTO,-0.041829
10000027,30002328,GTY-FW,-0.139883
10000027,30002329,1H5-3W,-0.039417
10000027,30002330,QZV-X3,-0.057112
10000027,30002331,IS-OBW,-0.386671
10000027,30002332,1GH-48,-0.290911
10000027,30002333,IRD-HU,-0.434728
10000027,30002334,B-2VXB,-0.606536
10000027,30002335,FIZU-X,-0.595418
10000027,30002336,JAWX-R,-0.693827
10000027,30002337,Z0G-XG,-0.066801
10000027,30002338,ALC-JM,-0.13182
10000027,30002339,9QS5-C,-0.050377
10000027,30002340,NWX-LI,-0.222101
10000027,30002341,N-SFZK,-0.242599
10000027,30002342,2B-UUQ,-0.463205
10000027,30002343,I64-XB,-0.252114
10000027,30002344,4-QDIX,-0.654607
10000027,30002345,FGJP-J,-0.663567
10000027,30002346,89-JPE,-0.66982
10000027,30002347,D-IZT9,-0.660764
10000027,30002348,WU9-ZR,-0.692201
10000027,30002349,E8-432,-0.684539
10000027,30002350,43-1TL,-0.068253
10000027,30002351,O-LJOO,-0.026999
10000027,30002352,ZS-PNI,-0.083688
10000027,30002353,TZ-74M,-0.054485
10000027,30002354,8KE-YS,-0.053899
10000027,30002355,LXQ2-T,-0.076502
10000027,30002356,HV-EAP,-0.196974
10000027,30002357,3IK-7O,-0.173151
10000027,30002358,O-EUHA,-0.129867
10000027,30002359,MO-I1W,-0.095585
10000027,30002360,ZZ5X-M,-0.044481
10000027,30002361,UAV-1E,-0.243133
10000027,30002362,CL-IRS,-0.027507
10000027,30002363,QBZO-R,-0.045966
10000027,30002364,QHJR-E,-0.520107
10000027,30002365,1PF-BC,-0.711876
10000027,30002366,D-OJEZ,-0.761516
10000027,30002367,C-V6DQ,-0.872147
10000027,30002368,Z-FET0,-0.768321
10000027,30002369,EX-GBT,-0.906963
10000027,30002370,PX-IHN,-0.108995
10000027,30002371,WPV-JN,-0.000393
10000027,30002372,IL-H0A,-0.013027
10000027,30002373,CT8K-0,-0.045386
10000027,30002374,M9-LAN,-0.07638
10000027,30002375,C-4D0W,-0.036054
10000027,30002376,L4X-1V,-0.100333
10000027,30002377,M-V0PQ,-0.249027
10000027,30002378,DYPL-6,-0.191535
10000027,30002379,V-OL61,-0.153504
10000027,30002380,RK-Q51,-0.143495
10000027,30002381,F69O-M,-0.524572
10000027,30002382,T-IDGH,-0.754626
10000028,30002383,Aeddin,0.569668
10000028,30002384,Gulfonodi,0.49786
10000028,30002385,Teonusude,0.586314
10000028,30002386,Gelfiven,0.559771
10000028,30002387,Bosena,0.400467
10000028,30002388,Oddelulf,0.370781
10000028,30002389,Atlar,0.373367
10000028,30002390,Heild,0.330762
10000028,30002391,Hrokkur,0.298883
10000028,30002392,Hrober,0.307823
10000028,30002393,Aedald,0.250458
10000028,30002394,Muttokon,0.20719
10000028,30002395,Audesder,0.264712
10000028,30002396,Illamur,0.28234
10000028,30002397,Horaka,0.619042
10000028,30002398,Eldulf,0.563633
10000028,30002399,Orien,0.804725
10000028,30002400,Varigne,0.640147
10000028,30002401,Meildolf,0.284598
10000028,30002402,Istodard,0.29488
10000028,30002403,Gonheim,0.283824
10000028,30002404,Half,0.241078
10000028,30002405,Sakulda,0.302073
10000028,30002406,Hedaleolfarber,0.303156
10000028,30002407,Altbrard,0.349869
10000028,30002408,Fegomenko,0.504199
10000028,30002409,Osvetur,0.24758
10000028,30002410,Mimiror,0.204493
10000070,30002411,Skarkon,-1.0
10000028,30002412,Ennur,0.058349
10000028,30002413,Unertek,0.304135
10000028,30002414,Klingt,0.302147
10000028,30002415,Weld,0.302036
10000028,30002416,Kattegaud,0.715863
10000028,30002417,Kadlina,0.419907
10000028,30002418,Hegfunden,0.322562
10000028,30002419,Aeditide,0.214491
10000028,30002420,Egbinger,0.034555
10000029,30002421,MR4-MY,-0.203418
10000029,30002422,SR-KBB,-0.292992
10000029,30002423,FDZ4-A,-0.231162
10000029,30002424,2E-ZR5,-0.312305
10000029,30002425,O1-FTD,-0.408475
10000029,30002426,Roua,-0.207205
10000029,30002427,OEY-OR,-0.354765
10000029,30002428,M-MD31,-0.266537
10000029,30002429,WH-2EZ,-0.166802
10000029,30002430,D0-F4W,-0.049747
10000029,30002431,QKTR-L,-0.385337
10000029,30002432,YN3-E3,-0.071611
10000029,30002433,NBPH-N,-0.069214
10000029,30002434,L-HV5C,-0.048425
10000029,30002435,L4X-FH,-0.076631
10000029,30002436,B6-52M,-0.08566
10000029,30002437,V-MZW0,-0.08945
10000029,30002438,BND-16,-0.492231
10000029,30002439,IOO-7O,-0.530402
10000029,30002440,BWF-ZZ,-0.575445
10000029,30002441,4-CUM5,-0.492569
10000029,30002442,8MG-J6,-0.604991
10000029,30002443,RLSI-V,-0.534089
10000029,30002444,39-DGG,-0.355497
10000029,30002445,SV-K8J,-0.351947
10000029,30002446,6RQ9-A,-0.401299
10000029,30002447,K42-IE,-0.44638
10000029,30002448,VSJ-PP,-0.392567
10000029,30002449,3USX-F,-0.335441
10000029,30002450,9-KWXC,-0.325052
10000029,30002451,NQ-9IH,-0.2079
10000029,30002452,KR-V6G,-0.204148
10000029,30002453,AP9-LV,-0.254786
10000029,30002454,0-GZX9,-0.302725
10000029,30002455,2H-TSE,-0.287485
10000029,30002456,4NGK-F,-0.226951
10000029,30002457,O-VWPB,-0.405916
10000029,30002458,LX-ZOJ,-0.450454
10000029,30002459,6L78-1,-0.395668
10000029,30002460,04-LQM,-0.640172
10000029,30002461,4VY-Y1,-0.369994
10000029,30002462,LU-HQS,-0.416563
10000029,30002463,U-L4KS,-0.479063
10000029,30002464,K25-XD,-0.587188
10000029,30002465,6YC-TU,-0.365395
10000029,30002466,Y8R-XZ,-0.516373
10000029,30002467,P-E9GN,-0.392297
10000029,30002468,HJO-84,-0.353986
10000029,30002469,4D9-66,-0.421437
10000029,30002470,L-TOFR,-0.726555
10000029,30002471,Q-TBHW,-0.783719
10000029,30002472,9P4O-F,-1.0
10000029,30002473,UBX-CC,-0.061993
10000029,30002474,TJM-JJ,-0.047455
10000029,30002475,EOA-ZC,-0.070732
10000029,30002476,G-73MR,-0.026759
10000029,30002477,E-91FV,-0.015812
10000029,30002478,AD-5B8,-0.031265
10000029,30002479,QP0K-B,-0.033019
10000029,30002480,54-MF6,-0.016441
10000029,30002481,D-I9HJ,-0.305086
10000029,30002482,P-6I0B,-0.366315
10000029,30002483,CFYY-J,-0.213251
10000029,30002484,8-KZXQ,-0.171293
10000029,30002485,HKYW-T,-0.045379
10000029,30002486,3SFU-S,-0.068956
10000029,30002487,VJ-NQP,-0.031813
10000029,30002488,U6D-9A,-0.025532
10000029,30002489,Atioth,-0.018471
10000029,30002490,PYY3-5,-0.244046
10000029,30002491,RFGW-V,-0.084771
10000029,30002492,N-HK93,-0.209959
10000029,30002493,LR-2XT,-0.11596
10000029,30002494,TZL-WT,-0.164365
10000029,30002495,4K0N-J,-0.128218
10000029,30002496,B-F1MI,-0.090666
10000029,30002497,W-3BSU,-0.090185
10000029,30002498,BE-UUN,-0.124698
10000029,30002499,O2O-2X,-0.425
10000029,30002500,JE1-36,-0.523338
10000029,30002501,5F-YRA,-0.432548
10000029,30002502,TDE4-H,-0.584442
10000029,30002503,UER-TH,-0.731191
10000029,30002504,UG-UWZ,-0.95854
10000030,30002505,Hulm,0.949
10000030,30002506,Osoggur,0.531568
10000030,30002507,Abudban,0.732448
10000030,30002508,Trytedald,0.879659
10000030,30002509,Odatrik,0.816179
10000030,30002510,Rens,0.894582
10000030,30002511,Ameinaka,0.949
10000030,30002512,Alakgur,0.558836
10000030,30002513,Dammalin,0.478756
10000030,30002514,Bosboger,0.324582
10000030,30002515,Olfeim,0.438684
10000030,30002516,Lulm,0.343974
10000030,30002517,Gulmorogod,0.376794
10000030,30002518,Edmalbrurdus,0.949
10000030,30002519,Kronsur,0.882245
10000030,30002520,Dumkirinur,0.706616
10000030,30002521,Sist,0.808059
10000030,30002522,Obrolber,0.567182
10000030,30002523,Austraka,0.755711
10000030,30002524,Ivar,0.949
10000030,30002525,Meirakulf,0.882067
10000030,30002526,Frarn,0.838971
10000030,30002527,Illinfrik,0.84636
10000030,30002528,Balginia,0.817657
10000030,30002529,Gyng,0.798143
10000030,30002530,Avesber,0.753184
10000030,30002531,Gerek,0.732252
10000030,30002532,Tongofur,0.583069
10000030,30002533,Gerbold,0.822566
10000030,30002534,Rokofur,0.618089
10000030,30002535,Ebasgerdur,0.774382
10000030,30002536,Ebodold,0.444632
10000030,30002537,Amamake,0.438761
10000030,30002538,Vard,0.379096
10000030,30002539,Siseide,0.338351
10000030,30002540,Lantorn,0.339486
10000030,30002541,Dal,0.41136
10000030,30002542,Auga,0.385484
10000030,30002543,Eystur,0.949232
10000030,30002544,Pator,0.949
10000030,30002545,Lustrevik,0.946263
10000030,30002546,Isendeldik,0.808855
10000030,30002547,Ammold,0.949
10000030,30002548,Emolgranlan,0.530243
10000030,30002549,Offugen,0.649834
10000030,30002550,Roniko,0.593645
10000030,30002551,Aralgrund,0.321559
10000030,30002552,Eddar,0.587064
10000030,30002553,Bogelek,0.36637
10000030,30002554,Wiskeber,0.404436
10000030,30002555,Eifer,0.444525
10000030,30002556,Gusandall,0.376585
10000030,30002557,Atgur,0.48302
10000030,30002558,Endrulf,0.614612
10000030,30002559,Ingunn,0.276796
10000030,30002560,Gultratren,0.309276
10000030,30002561,Auren,0.417913
10000030,30002562,Trer,0.712665
10000030,30002563,Egmur,0.655505
10000030,30002564,Javrendei,0.878652
10000030,30002565,Appen,0.821329
10000030,30002566,Klir,0.756942
10000030,30002567,Jorus,0.72698
10000030,30002568,Onga,0.949
10000030,30002569,Osaumuni,0.914868
10000030,30002570,Magiko,0.938302
10000030,30002571,Oremmulf,0.897107
10000030,30002572,Hurjafren,0.876929
10000030,30002573,Vullat,0.949
10000030,30002574,Hrondedir,0.317424
10000030,30002575,Sotrenzur,0.27597
10000030,30002576,Hrondmund,0.358804
10000030,30002577,Bundindus,0.428685
10000030,30002578,Otraren,0.475109
10000030,30002579,Hedgiviter,0.415673
10000030,30002580,Katugumur,0.171291
10000031,30002581,1-7KWU,-0.404504
10000031,30002582,3-UCBF,-0.471481
10000031,30002583,N-CREL,-0.449458
10000031,30002584,TM-0P2,-0.377542
10000031,30002585,4OIV-X,-0.258484
10000031,30002586,Y-JKJ8,-0.210669
10000031,30002587,AFJ-NB,-0.156039
10000031,30002588,H-64KI,-0.163762
10000031,30002589,9I-SRF,-0.205818
10000031,30002590,9-IIBL,-0.099234
10000031,30002591,5GQ-S9,-0.063606
10000031,30002592,YALR-F,-0.304191
10000031,30002593,68FT-6,-0.213378
10000031,30002594,IV-UNR,-0.443664
10000031,30002595,IRE-98,-0.256731
10000031,30002596,HOHF-B,-0.138412
10000031,30002597,Y-6B0E,-0.248488
10000031,30002598,F-3H2P,-0.385009
10000031,30002599,DY-40Z,-0.254458
10000031,30002600,XWY-YM,-0.249004
10000031,30002601,M-9V5D,-0.274149
10000031,30002602,O2-39S,-0.274245
10000031,30002603,M-VEJZ,-0.367473
10000031,30002604,LJK-T0,-0.28788
10000031,30002605,E7VE-V,-0.130828
10000031,30002606,NUG-OF,-0.159909
10000031,30002607,L6BY-P,-0.167574
10000031,30002608,U3SQ-X,-0.122176
10000031,30002609,01TG-J,-0.151075
10000031,30002610,UK-SHL,-0.252018
10000031,30002611,A1BK-A,-0.048078
10000031,30002612,N-7ECY,-0.398714
10000031,30002613,4-MPSJ,-0.456843
10000031,30002614,TWJ-AW,-0.579778
10000031,30002615,PZMA-E,-0.45725
10000031,30002616,442-CS,-0.71176
10000031,30002617,Z-N9IP,-0.800083
10000031,30002618,9ZFH-Z,-0.660891
10000031,30002619,6E-MOW,-0.342266
10000031,30002620,GBT4-J,-0.381597
10000031,30002621,GZ1-A1,-0.464293
10000031,30002622,X-0CKQ,-0.403538
10000031,30002623,6B-GKA,-0.51443
10000031,30002624,LHGA-W,-0.474323
10000031,30002625,4RS-L1,-0.392595
10000031,30002626,D-L4H0,-0.066524
10000031,30002627,GU-9F4,-0.059163
10000031,30002628,FG-1GH,-0.085168
10000031,30002629,WFYM-0,-0.111016
10000031,30002630,FR-B1H,-0.10588
10000031,30002631,DDI-B7,-0.130922
10000032,30002632,Pettinck,0.817761
10000032,30002633,Du Annes,0.647814
10000032,30002634,Balle,0.460889
10000032,30002635,Decon,0.383779
10000032,30002636,Grinacanne,0.848063
10000032,30002637,Metserel,0.688239
10000032,30002638,Sharuveil,0.395324
10000032,30002639,Adreland,0.872502
10000032,30002640,Erme,0.798156
10000032,30002641,Aufay,0.52312
10000032,30002642,Iyen-Oursta,0.779575
10000032,30002643,Faurent,0.536504
10000032,30002644,Ambeke,0.500555
10000032,30002645,Carrou,0.440589
10000032,30002646,Direrie,0.501519
10000032,30002647,Ignoitton,0.438755
10000032,30002648,Ardene,0.55178
10000032,30002649,Boillair,0.52323
10000032,30002650,Ney,0.456755
10000032,30002651,Fasse,0.425743
10000070,30002652,Ala,-1.0
10000032,30002653,Gratesier,0.435103
10000032,30002654,Schoorasana,0.4481
10000032,30002655,Vylade,0.796289
10000032,30002656,Auvergne,0.892461
10000032,30002657,Aunia,0.84141
10000032,30002658,Agrallarier,0.850284
10000032,30002659,Dodixie,0.868407
10000032,30002660,Eglennaert,0.824164
10000032,30002661,Botane,0.87544
10000032,30002662,Pulin,0.541948
10000032,30002663,Foves,0.630377
10000032,30002664,Alles,0.775966
10000032,30002665,Misneden,0.546916
10000032,30002666,Basgerin,0.378678
10000032,30002667,Chelien,0.693713
10000032,30002668,Trosquesere,0.871457
10000032,30002669,Ansone,0.743938
10000032,30002670,Dunraelare,0.65415
10000032,30002671,Nausschie,0.787308
10000032,30002672,Inghenges,0.715756
10000032,30002673,Estene,0.766312
10000032,30002674,Gallareue,0.750793
10000032,30002675,Stayme,0.582954
10000032,30002676,Parchanier,0.9
10000032,30002677,Fluekele,0.56165
10000032,30002678,Alsottobier,0.508135
10000032,30002679,Jolia,0.507774
10000032,30002680,Augnais,0.539811
10000032,30002681,Deltole,0.540473
10000032,30002682,Colelie,0.512389
10000032,30002683,Barmalie,0.476491
10000032,30002684,Audaerne,0.46594
10000032,30002685,Dodenvale,0.70661
10000032,30002686,Olettiers,0.434761
10000032,30002687,Artisine,0.497267
10000032,30002688,Chainelant,0.852865
10000032,30002689,Sileperer,0.617462
10000032,30002690,Bamiette,0.498773
10000032,30002691,Crielere,0.39845
10000032,30002692,Jel,0.607169
10000032,30002693,Egghelende,0.449268
10000032,30002694,Odette,0.483016
10000032,30002695,Ation,0.581145
10000032,30002696,Stegette,0.453173
10000032,30002697,Ravarin,0.372319
10000032,30002698,Aliette,0.371283
10000032,30002699,Brapelille,0.672466
10000032,30002700,Bawilan,0.539168
10000032,30002701,Atier,0.626695
10000070,30002702,Archee,-1.0
10000032,30002703,Brybier,0.58084
10000032,30002704,Adrallezoen,0.478932
10000032,30002705,Croleur,0.573767
10000032,30002706,Doussivitte,0.76192
10000032,30002707,Unel,0.890515
10000032,30002708,Claysson,0.937687
10000032,30002709,Auberulle,0.83441
10000032,30002710,Adiere,0.764983
10000032,30002711,Stetille,0.906329
10000032,30002712,Alillere,0.847828
10000032,30002713,Abenync,0.707921
10000032,30002714,Pozirblant,0.742594
10000032,30002715,Bourynes,0.949
10000032,30002716,Aurcel,0.54945
10000032,30002717,Aymaerne,0.902979
10000032,30002718,Rancer,0.364661
10000032,30002719,Miroitem,0.305192
10000032,30002720,Thelan,0.226993
10000032,30002721,Rorsins,0.125204
10000032,30002722,Lamadent,0.341173
10000032,30002723,Otou,0.333603
10000032,30002724,Assiettes,0.642555
10000032,30002725,Goinard,0.342349
10000032,30002726,Raeghoscon,0.366403
10000032,30002727,Allipes,0.162829
10000032,30002728,Lermireve,0.270577
10000032,30002729,Aetree,0.178356
10000032,30002730,Esmes,0.105689
10000032,30002731,Vittenyn,0.90355
10000032,30002732,Mirilene,0.779691
10000032,30002733,Pucherie,0.826737
10000032,30002734,Fricoure,0.809249
10000032,30002735,Caretyn,0.823123
10000032,30002736,Ainaille,0.845294
10000070,30002737,Konola,-1.0
10000033,30002738,Inoue,0.570857
10000033,30002739,Isaziwa,0.720814
10000033,30002740,Eitu,0.538036
10000033,30002741,Horkkisen,0.438425
10000033,30002742,Erila,0.448706
10000033,30002743,Ohvosamon,0.730094
10000033,30002744,Auviken,0.819648
10000033,30002745,Saikanen,0.871223
10000033,30002746,Oijamon,0.816639
10000033,30002747,Kakki,0.8397
10000033,30002748,Jeras,0.57134
10000033,30002749,Kausaaja,0.740705
10000033,30002750,Oiniken,0.718557
10000033,30002751,Kaimon,0.686052
10000033,30002752,Ahynada,0.803548
10000033,30002753,Aikoro,0.771435
10000033,30002754,Alikara,0.711293
10000033,30002755,Usi,0.543759
10000033,30002756,Ishomilken,0.374638
10000033,30002757,Nikkishina,0.370777
10000033,30002758,Hasama,0.27144
10000033,30002759,Uuna,0.383502
10000033,30002760,Manjonakko,0.334717
10000033,30002761,Kassigainen,0.915852
10000033,30002762,Yashunen,0.949
10000033,30002763,Tennen,0.91903
10000033,30002764,Hatakani,0.941061
10000033,30002765,Sivala,0.550532
10000033,30002766,Iivinen,0.737108
10000033,30002767,Kubinen,0.416024
10000033,30002768,Uedama,0.50544
10000033,30002769,Enderailen,0.448785
10000070,30002770,Tunudan,-1.0
10000033,30002771,Kulelen,0.475369
10000033,30002772,Rairomon,0.62936
10000033,30002773,Hogimo,0.557445
10000033,30002774,Huttaken,0.572713
10000033,30002775,Paara,0.778535
10000033,30002776,Annaro,0.80747
10000033,30002777,Isutaka,0.834518
10000033,30002778,Tasabeshi,0.830855
10000033,30002779,Ono,0.794424
10000033,30002780,Muvolailen,0.708087
10000033,30002781,Halaima,0.658938
10000033,30002782,Kamio,0.741149
10000033,30002783,Sankkasen,0.668238
10000033,30002784,Tintoh,0.813315
10000033,30002785,Santola,0.829998
10000033,30002786,Ikao,0.602213
10000033,30002787,Waira,0.534684
10000033,30002788,Inaro,0.836978
10000033,30002789,Kaaputenen,0.779169
10000033,30002790,Waskisen,0.685588
10000033,30002791,Sirppala,0.883227
10000033,30002792,Irjunen,0.520267
10000033,30002793,Inari,0.462497
10000033,30002794,Yria,0.50122
10000033,30002795,Oshaima,0.453128
10000033,30002796,Hysera,0.397183
10000070,30002797,Kaunokka,-1.0
10000033,30002798,Venilen,0.611822
10000033,30002799,Oisio,0.533575
10000033,30002800,Haatomo,0.609266
10000033,30002801,Suroken,0.729161
10000033,30002802,Kusomonmon,0.8473
10000033,30002803,Juunigaishi,0.621322
10000033,30002804,Isikesu,0.670042
10000033,30002805,Anttiri,0.712756
10000033,30002806,Hasmijaala,0.335829
10000033,30002807,Nagamanen,0.304726
10000033,30002808,Oto,0.39809
10000033,30002809,Sujarento,0.311136
10000033,30002810,Eranakko,0.324033
10000033,30002811,Onatoh,0.296425
10000033,30002812,Tannolen,0.303626
10000033,30002813,Tama,0.282556
10000033,30002814,Uotila,0.574103
10000033,30002815,Isenairos,0.803999
10000033,30002816,Saila,0.893457
10000033,30002817,Aramachi,0.489789
10000033,30002818,Oichiya,0.847664
10000033,30002819,Motsu,0.872794
10000034,30002820,N-JK02,-0.175929
10000034,30002821,JT2I-7,-0.119743
10000034,30002822,XTJ-5Q,-0.169583
10000034,30002823,1-KCSA,-0.183564
10000034,30002824,UJXC-B,-0.143278
10000034,30002825,UDVW-O,-0.079062
10000034,30002826,F48K-D,-0.215479
10000034,30002827,FBH-JN,-0.513567
10000034,30002828,BVRQ-O,-0.524578
10000034,30002829,QX-4HO,-0.662844
10000034,30002830,LS3-HP,-0.666246
10000034,30002831,SH6X-F,-0.402402
10000034,30002832,6V-D0E,-0.511844
10000034,30002833,SG-3HY,-0.270955
10000034,30002834,AU2V-J,-0.197446
10000034,30002835,SY-0AM,-0.157152
10000034,30002836,A-YB15,-0.590294
10000034,30002837,QZX-L9,-0.184515
10000034,30002838,D-6PKO,-0.125541
10000034,30002839,RAI-0E,-0.116936
10000034,30002840,MN9P-A,-0.101873
10000034,30002841,TA9T-P,-0.148993
10000034,30002842,L-TLFU,-0.046301
10000034,30002843,BM-VYZ,-0.054336
10000034,30002844,Q-GICU,-0.137353
10000034,30002845,EPCD-D,-0.012715
10000034,30002846,0S1-GI,-0.301213
10000034,30002847,L-GY1B,-0.178506
10000034,30002848,74-DRC,-0.136319
10000034,30002849,LE-67X,-0.199186
10000034,30002850,B1UE-J,-0.458101
10000034,30002851,O31W-6,-0.464069
10000034,30002852,M3-H2Y,-0.299905
10000034,30002853,G-KCFT,-0.309242
10000034,30002854,WNM-V0,-0.463842
10000034,30002855,6FS-CZ,-0.49435
10000034,30002856,HPV-RJ,-0.757977
10000034,30002857,H7S-5I,-0.386833
10000034,30002858,C3J0-O,-0.426093
10000034,30002859,GSO-SR,-0.139127
10000034,30002860,B3ZU-H,-0.283712
10000034,30002861,G4-QU6,-0.205204
10000034,30002862,V2-GZS,-0.419631
10000034,30002863,HD-HOZ,-0.848055
10000034,30002864,42G-OB,-0.855478
10000034,30002865,LEM-I1,-0.899778
10000034,30002866,1S-SU1,-1.0
10000034,30002867,ND-GL4,-0.758106
10000034,30002868,9-0QB7,-0.39682
10000034,30002869,M-75WN,-0.499043
10000034,30002870,PNFW-O,-0.53976
10000034,30002871,HVGR-R,-0.601868
10000034,30002872,K76A-3,-0.821322
10000034,30002873,K95-9I,-0.646943
10000034,30002874,R1O-GN,-0.125715
10000034,30002875,GQ-7SP,-0.061278
10000034,30002876,BGMZ-0,-0.069389
10000034,30002877,I2D3-5,-0.176816
10000034,30002878,FZX-PU,-0.133647
10000034,30002879,O9K-FT,-0.02814
10000034,30002880,RQOO-U,-0.406438
10000034,30002881,FB5U-I,-0.315878
10000034,30002882,BZ-BCK,-0.684784
10000034,30002883,5-VFC6,-0.41224
10000034,30002884,O5-YNW,-0.946231
10000034,30002885,86L-9F,-0.955398
10000034,30002886,IUU3-L,-0.985666
10000034,30002887,J-OAH2,-0.78234
10000034,30002888,S-LHPJ,-1.0
10000035,30002889,4U90-Z,-0.101281
10000035,30002890,T-945F,-0.087735
10000035,30002891,FO8M-2,-0.10314
10000035,30002892,AD-CBT,-0.169815
10000035,30002893,QPO-WI,-0.136896
10000035,30002894,R8S-1K,-0.057461
10000035,30002895,94-H3F,-0.222126
10000035,30002896,CU9-T0,-0.428892
10000035,30002897,XCF-8N,-0.449264
10000035,30002898,FMB-JP,-0.584504
10000035,30002899,0P-F3K,-0.566346
10000035,30002900,K5F-Z2,-0.685005
10000035,30002901,TXME-A,-0.809003
10000035,30002902,YA0-XJ,-0.820098
10000035,30002903,2-KF56,-0.828059
10000035,30002904,VFK-IV,-0.849244
10000035,30002905,2R-CRW,-0.877548
10000035,30002906,CCP-US,-0.939831
10000035,30002907,II-5O9,-0.693124
10000035,30002908,I30-3A,-0.84595
10000035,30002909,2O9G-D,-0.811415
10000035,30002910,NC-N3F,-0.686808
10000035,30002911,JU-OWQ,-0.815048
10000035,30002912,S-DN5M,-0.852784
10000035,30002913,MXX5-9,-0.76994
10000035,30002914,ZZZR-5,-0.750826
10000035,30002915,C7Y-7Z,-0.677769
10000035,30002916,X-Z4DA,-0.423378
10000035,30002917,3OAT-Q,-0.352451
10000035,30002918,N-TFXK,-0.477481
10000035,30002919,33RB-O,-0.279138
10000035,30002920,DKUK-G,-0.360802
10000035,30002921,3QE-9Q,-0.772649
10000035,30002922,E-FIC0,-0.732806
10000035,30002923,ZOYW-O,-0.817233
10000035,30002924,85-B52,-0.765416
10000035,30002925,YZ-UKA,-0.752522
10000035,30002926,RO0-AF,-0.838473
10000035,30002927,5W3-DG,-0.779295
10000035,30002928,LT-DRO,-0.725105
10000035,30002929,7T6P-C,-0.640046
10000035,30002930,8S28-3,-0.666798
10000035,30002931,E3UY-6,-0.61382
10000035,30002932,LEK-N5,-0.560624
10000035,30002933,AGG-NR,-0.558634
10000035,30002934,0V0R-R,-0.579758
10000035,30002935,O-2RNZ,-0.514816
10000035,30002936,OWXT-5,-0.562114
10000035,30002937,3JN9-Q,-0.495398
10000035,30002938,3T7-M8,-0.58821
10000035,30002939,WUZ-WM,-0.526816
10000035,30002940,MZ1E-P,-0.638648
10000035,30002941,43B-O1,-0.502154
10000035,30002942,J1AU-9,-0.730421
10000035,30002943,X3-PBC,-0.77297
10000035,30002944,4N-BUI,-0.51747
10000035,30002945,N2IS-B,-0.599657
10000035,30002946,XCBK-X,-0.4802
10000035,30002947,GY5-26,-0.53755
10000035,30002948,VPLL-N,-0.490013
10000035,30002949,9CK-KZ,-0.508081
10000035,30002950,5S-KXA,-0.529805
10000035,30002951,U-TJ7Y,-0.727356
10000035,30002952,A4L-A2,-0.818847
10000035,30002953,CZDJ-1,-0.945543
10000035,30002954,RG9-7U,-0.977181
10000035,30002955,UJY-HE,-1.0
10000035,30002956,UEJX-G,-0.785324
10000036,30002957,Tzvi,0.279871
10000036,30002958,Raa,0.309657
10000036,30002959,Sifilar,0.257303
10000036,30002960,Arzad,0.22043
10000036,30002961,Oyeman,0.222381
10000036,30002962,Ezzara,0.184511
10000036,30002963,Odin,0.606669
10000036,30002964,Esescama,0.612692
10000036,30002965,Choonka,0.649812
10000036,30002966,Thasinaz,0.637163
10000036,30002967,Dihra,0.589287
10000036,30002968,Dital,0.478715
10000036,30002969,Eredan,0.701652
10000036,30002970,Ohide,0.573907
10000036,30002971,Sasoutikh,0.593644
10000036,30002972,Gheth,0.596576
10000036,30002973,Lisudeh,0.759169
10000036,30002974,Mehatoor,0.659473
10000036,30002975,Roushzar,0.36698
10000036,30002976,Labapi,0.383783
10000036,30002977,Arayar,0.386265
10000036,30002978,Asghed,0.355538
10000036,30002979,Tararan,0.327188
10000036,30002980,Sosan,0.335651
10000036,30002981,Halmah,0.448846
10000036,30002982,Rahadalon,0.3935
10000036,30002983,Soosat,0.336627
10000036,30002984,Ibash,0.219099
10000036,30002985,Itsyamil,0.248297
10000036,30002986,Mendori,0.53822
10000036,30002987,Ussad,0.16237
10000036,30002988,Nakatre,0.582039
10000036,30002989,Laddiaha,0.717931
10000036,30002990,Hakshma,0.562469
10000036,30002991,Uadelah,0.829694
10000036,30002992,Akes,0.808523
10000036,30002993,Riavayed,0.647601
10000036,30002994,Hati,0.849035
10000036,30002995,Naeel,0.581827
10000036,30002996,Lower Debyl,0.600679
10000036,30002997,Ehnoum,0.567127
10000036,30002998,Upper Debyl,0.695128
10000036,30002999,Shastal,0.49502
10000036,30003000,Thakala,0.352545
10000036,30003001,Mili,0.56056
10000036,30003002,Faktun,0.626366
10000036,30003003,Halenan,0.637247
10000036,30003004,Ulerah,0.680707
10000036,30003005,Uktiad,0.556911
10000036,30003006,Nidebora,0.811852
10000036,30003007,Arveyil,0.525393
10000036,30003008,Palpis,0.496165
10000037,30003009,Arnatele,0.622931
10000037,30003010,Halle,0.728363
10000037,30003011,Mormoen,0.71804
10000037,30003012,Amattens,0.59005
10000037,30003013,Jurlesel,0.59925
10000037,30003014,Bereye,0.9
10000037,30003015,Aice,0.691167
10000037,30003016,Junsoraert,0.524183
10000037,30003017,Harerget,0.833758
10000037,30003018,Azer,0.65707
10000037,30003019,Cherore,0.702886
10000037,30003020,Torvi,0.530309
10000037,30003021,Mosson,0.65658
10000037,30003022,Mya,0.371081
10000037,30003023,Gerper,0.354437
10000037,30003024,Marosier,0.603446
10000037,30003025,Lirsautton,0.835556
10000037,30003026,Blameston,0.949
10000037,30003027,Vaurent,0.58431
10000037,30003028,Aclan,0.506709
10000037,30003029,Jaschercis,0.612704
10000037,30003030,Ardallabier,0.713632
10000037,30003031,Athinard,0.949
10000037,30003032,Meves,0.949
10000037,30003033,Ethernity,0.935634
10000037,30003034,Mattere,0.949
10000037,30003035,Gicodel,0.858426
10000037,30003036,Frarolle,0.79046
10000037,30003037,Quier,0.733882
10000037,30003038,Atlanins,0.629053
10000037,30003039,Leremblompes,0.647193
10000037,30003040,Bille,0.515858
10000037,30003041,Colcer,0.851225
10000037,30003042,Alachene,0.342365
10000037,30003043,Uphene,0.578327
10000037,30003044,Elarel,0.394527
10000037,30003045,Enedore,0.646758
10000070,30003046,Angymonne,-1.0
10000037,30003047,Averon,0.576088
10000037,30003048,Carirgnottin,0.624878
10000037,30003049,Laic,0.793173
10000037,30003050,Odixie,0.550303
10000037,30003051,Antollare,0.689427
10000037,30003052,Tolle,0.708052
10000037,30003053,Avele,0.710144
10000037,30003054,Scuelazyns,0.641687
10000037,30003055,Aydoteaux,0.680553
10000037,30003056,Muer,0.581164
10000037,30003057,Groothese,0.268258
10000037,30003058,Olide,0.7416
10000037,30003059,Adeel,0.353048
10000037,30003060,Mannar,0.285023
10000037,30003061,Mormelot,0.232084
10000037,30003062,Angatalie,0.160466
10000038,30003063,Lamaa,0.355271
10000038,30003064,Tuomuta,0.453749
10000038,30003065,Otelen,0.784819
10000038,30003066,Kuomi,0.567863
10000038,30003067,Huola,0.370249
10000038,30003068,Kourmonen,0.36348
10000038,30003069,Kamela,0.440866
10000038,30003070,Sosala,0.420527
10000038,30003071,Anka,0.4146
10000038,30003072,Iesa,0.413819
10000038,30003073,Netsalakka,0.483956
10000038,30003074,Sasiekko,0.542635
10000038,30003075,Myyhera,0.481707
10000038,30003076,Gammel,0.465589
10000038,30003077,Uusanen,0.402339
10000038,30003078,Erkinen,0.592004
10000038,30003079,Saikamon,0.412492
10000038,30003080,Jarkkolen,0.820601
10000038,30003081,Ronne,0.724134
10000038,30003082,Hatori,0.57282
10000038,30003083,Junsen,0.809591
10000038,30003084,Malpara,0.474424
10000038,30003085,Hakodan,0.726668
10000038,30003086,Sahtogas,0.279867
10000038,30003087,Haras,0.279962
10000038,30003088,Oyonata,0.258891
10000038,30003089,Kurniainen,0.114374
10000038,30003090,Saidusairos,0.104733
10000038,30003091,Tannakan,0.247082
10000038,30003092,Komaa,0.556722
10000038,30003093,Ayeroilen,0.446568
10000038,30003094,Imata,0.488355
10000038,30003095,Furskeshin,0.605503
10000038,30003096,Kurmaru,0.619121
10000038,30003097,Satalama,0.660755
10000039,30003098,VYJ-DA,-0.065754
10000039,30003099,HHQ-M1,-0.109915
10000039,30003100,A-CJGE,-0.183121
10000039,30003101,G2-INZ,-0.114595
10000039,30003102,WAC-HW,-0.326588
10000039,30003103,HT4K-M,-0.127467
10000039,30003104,RBW-8G,-0.513164
10000039,30003105,4-OUKF,-0.278142
10000039,30003106,HAJ-DQ,-0.364969
10000039,30003107,JAUD-V,-0.172429
10000039,30003108,DTX8-M,-0.273066
10000039,30003109,C9N-CC,-0.305573
10000039,30003110,X-7BIX,-0.279756
10000039,30003111,5-9UXZ,-0.27606
10000039,30003112,Q0OH-V,-0.245269
10000039,30003113,C-VZAK,-0.533794
10000039,30003114,0-O6XF,-0.619791
10000039,30003115,D-FVI7,-0.809238
10000039,30003116,VL7-60,-0.550166
10000039,30003117,NH-R5B,-0.47751
10000039,30003118,FN-GFQ,-0.365435
10000039,30003119,XKZ8-H,-0.339473
10000039,30003120,WX-6UX,-0.728552
10000039,30003121,BZ-0GW,-0.839658
10000039,30003122,16P-PX,-0.716844
10000039,30003123,CR-0E5,-0.615522
10000039,30003124,Z-Y9C3,-0.640748
10000039,30003125,A1-AUH,-0.207343
10000039,30003126,F-UVBV,-0.164002
10000039,30003127,R-FM0G,-0.154521
10000039,30003128,TEIZ-C,-0.132261
10000039,30003129,VUAC-Y,-0.308028
10000039,30003130,V-XANH,-0.245748
10000039,30003131,450I-W,-0.418664
10000039,30003132,OIOM-Y,-0.141867
10000039,30003133,G-YZUX,-0.316694
10000039,30003134,CZ6U-1,-0.345139
10000039,30003135,D-PNP9,-0.5696
10000039,30003136,E1UU-3,-0.678748
10000039,30003137,P-3XVV,-0.186493
10000039,30003138,BY-MSY,-0.863414
10000039,30003139,6EK-BV,-0.392924
10000039,30003140,IR-FDV,-0.02318
10000039,30003141,NIZJ-0,-0.042967
10000039,30003142,J-RVGD,-0.042487
10000039,30003143,V1ZC-S,-0.064694
10000039,30003144,H-T40Z,-0.057402
10000039,30003145,6-TYRX,-0.01296
10000039,30003146,Q1-R7K,-0.008621
10000039,30003147,111-F1,-0.095853
10000039,30003148,JD-TYH,-0.109894
10000039,30003149,02V-BK,-0.162902
10000039,30003150,A5MT-B,-0.110065
10000039,30003151,R-ARKN,-0.254933
10000039,30003152,SN9S-N,-0.055677
10000039,30003153,MS2-V8,-0.211207
10000039,30003154,Z-MO29,-0.03704
10000039,30003155,G-JC9R,-0.029238
10000039,30003156,DIBH-Q,-0.039682
10000039,30003157,DNEP-Y,-0.083748
10000039,30003158,YAP-TN,-0.042183
10000039,30003159,PE-H02,-0.045822
10000039,30003160,H-YHYM,-0.033923
10000039,30003161,G-4H4C,-0.063565
10000039,30003162,HHE5-L,-0.118341
10000039,30003163,P9F-ZG,-0.288212
10000039,30003164,QFGB-E,-0.491352
10000039,30003165,7P-J38,-0.576321
10000039,30003166,WT-2J9,-0.78183
10000039,30003167,PK-PHZ,-0.297347
10000039,30003168,L-M6JK,-0.349438
10000039,30003169,C-PEWN,-1.0
10000039,30003170,DL-CDY,-0.109157
10000039,30003171,29YH-V,-0.247227
10000039,30003172,LG-RO2,-0.47824
10000039,30003173,X-HISR,-0.245181
10000039,30003174,QS-530,-0.555785
10000039,30003175,VR-YRV,-0.631582
10000039,30003176,IPX-H5,-0.909894
10000039,30003177,KSM-1T,-0.223803
10000039,30003178,YRV-MZ,-0.217867
10000039,30003179,6SB-BN,-0.48933
10000039,30003180,B1D-KU,-0.385899
10000039,30003181,QFIU-K,-0.357982
10000039,30003182,2R-KLH,-0.605466
10000040,30003183,QB-AE6,-0.120772
10000040,30003184,G-W1ND,-0.147782
10000040,30003185,MZLW-9,-0.102437
10000040,30003186,ND-X7X,-0.120274
10000040,30003187,DGDT-3,-0.177547
10000040,30003188,2-WNTD,-0.084273
10000040,30003189,83-YGI,-0.198716
10000040,30003190,KH-EWC,-0.096474
10000040,30003191,3VL6-I,-0.040601
10000040,30003192,F-816R,-0.089936
10000040,30003193,DS3-6A,-0.14965
10000040,30003194,V0-H4L,-0.162208
10000040,30003195,T-HMWP,-0.216697
10000040,30003196,DYS-CG,-0.337048
10000040,30003197,MTGF-2,-0.218845
10000040,30003198,0-QP56,-0.210439
10000040,30003199,GTQ-C9,-0.215214
10000040,30003200,M-NWLB,-0.343686
10000040,30003201,ORB4-J,-0.199528
10000040,30003202,GGMF-J,-0.288692
10000040,30003203,IG-4OF,-0.399065
10000040,30003204,LQQH-J,-0.452553
10000040,30003205,W5-VBR,-0.402453
10000040,30003206,J-D5U7,-0.284634
10000040,30003207,Y-770C,-0.552155
10000040,30003208,X-Z4JW,-0.234895
10000040,30003209,R8WV-7,-0.433412
10000040,30003210,6U-MFQ,-0.586388
10000040,30003211,1EO-OE,-0.66906
10000040,30003212,YQTK-R,-0.654667
10000040,30003213,FZCR-3,-0.495867
10000040,30003214,5-9L3H,-0.690498
10000040,30003215,1-HDQ4,-0.727998
10000040,30003216,WVMS-X,-0.6746
10000040,30003217,7-UVMT,-0.624611
10000040,30003218,R-ZESX,-0.598691
10000040,30003219,IO-R2S,-0.613885
10000040,30003220,HF-K3O,-0.68243
10000040,30003221,QE2-FS,-0.631787
10000040,30003222,Q-ITV5,-0.490786
10000040,30003223,5JEZ-I,-0.328351
10000040,30003224,XEF6-Z,-0.383924
10000040,30003225,SON-TW,-0.431836
10000040,30003226,V-X0KM,-0.345166
10000040,30003227,U9SE-N,-0.288794
10000040,30003228,XXZ-3W,-0.822776
10000040,30003229,RF-X7V,-0.619893
10000040,30003230,BQ0-UU,-0.614183
10000040,30003231,3-JG3X,-0.539849
10000040,30003232,GK3-RX,-0.486579
10000040,30003233,1P-QWR,-0.610524
10000040,30003234,FJ-GUR,-0.381133
10000040,30003235,UGR-J2,-0.683713
10000040,30003236,QZ-DIZ,-0.531649
10000040,30003237,Y-0HVF,-0.747059
10000040,30003238,21M1-B,-0.508274
10000040,30003239,KED-2O,-0.851313
10000040,30003240,U-RELP,-0.786603
10000040,30003241,IAMJ-Q,-1.0
10000040,30003242,E6Q-LE,-0.722409
10000040,30003243,HO4E-Q,-0.654589
10000040,30003244,QY2Y-N,-0.83278
10000040,30003245,X-9ZZR,-0.884692
10000040,30003246,RO-AIQ,-0.982543
10000040,30003247,VZEG-B,-0.468377
10000040,30003248,P-ZWKH,-1.0
10000040,30003249,9G5J-1,-0.028074
10000040,30003250,B-ETDW,-0.042096
10000040,30003251,0PU2-R,-0.200868
10000040,30003252,XM-RMD,-0.326856
10000040,30003253,91-KD8,-0.272103
10000040,30003254,OZ-DS5,-0.941377
10000040,30003255,LA2-KV,-0.208036
10000040,30003256,WW-OVQ,-0.134437
10000040,30003257,S7WI-F,-0.363821
10000040,30003258,1-BK1Q,-0.595268
10000040,30003259,X-CYNC,-0.495317
10000040,30003260,RJBC-I,-0.765168
10000040,30003261,H-MHWF,-0.219148
10000040,30003262,PND-SI,-0.18282
10000040,30003263,XKM-DE,-0.071294
10000040,30003264,JXQJ-B,-0.259933
10000040,30003265,Y-BIPM,-0.248876
10000040,30003266,QYT-X8,-0.256302
10000040,30003267,5-IH57,-0.282505
10000041,30003268,MHC-R3,-0.034548
10000041,30003269,F67E-Q,-0.023411
10000041,30003270,6E-578,-0.050885
10000041,30003271,Poitot,-0.019552
10000041,30003272,ZVN5-H,-0.080936
10000041,30003273,ATY-2U,-0.074604
10000041,30003274,X-BV98,-0.040967
10000041,30003275,2X-PQG,-0.062467
10000041,30003276,FD-MLJ,-0.038608
10000041,30003277,PF-346,-0.352079
10000041,30003278,X-M2LR,-0.125911
10000041,30003279,K5-JRD,-0.091496
10000041,30003280,6-CZ49,-0.157213
10000041,30003281,EZA-FM,-0.160266
10000041,30003282,8-JYPM,-0.147147
10000041,30003283,PVH8-0,-0.103963
10000041,30003284,M2-CF1,-0.135094
10000041,30003285,JH-M2W,-0.121629
10000041,30003286,PC9-AY,-0.156372
10000041,30003287,T22-QI,-0.172372
10000041,30003288,X-PYH5,-0.198846
10000041,30003289,ZN0-SR,-0.234831
10000041,30003290,5-DSFH,-0.269341
10000041,30003291,AK-QBU,-0.307686
10000041,30003292,QWF-6P,-0.132964
10000041,30003293,AAS-8R,-0.090794
10000041,30003294,V4-L0X,-0.070531
10000041,30003295,PFP-GU,-0.054182
10000041,30003296,0EK-NJ,-0.058098
10000041,30003297,1-NKVT,-0.160034
10000041,30003298,UM-Q7F,-0.049186
10000041,30003299,T-LIWS,-0.06625
10000041,30003300,KTHT-O,-0.046666
10000041,30003301,97X-CH,-0.195581
10000041,30003302,5-T0PZ,-0.277852
10000041,30003303,6R-PWU,-0.273852
10000041,30003304,2Q-I6Q,-0.143127
10000041,30003305,A-ZLHX,-0.334748
10000041,30003306,UTKS-5,-0.36721
10000041,30003307,Y9G-KS,-0.376813
10000041,30003308,I-YGGI,-0.199044
10000041,30003309,VV-VCR,-0.167874
10000041,30003310,5-75MB,-0.164185
10000041,30003311,IIRH-G,-0.25679
10000041,30003312,35-RK9,-0.246905
10000041,30003313,XS-XAY,-0.337853
10000041,30003314,DP34-U,-0.357557
10000041,30003315,617I-I,-0.26799
10000041,30003316,6-U2M8,-0.33478
10000041,30003317,I0AB-R,-0.252131
10000041,30003318,MXYS-8,-0.387648
10000041,30003319,A-3ES3,-0.232261
10000041,30003320,8V-SJJ,-0.052245
10000041,30003321,5-FGQI,-0.031898
10000041,30003322,3KNK-A,-0.013616
10000041,30003323,TXW-EI,-0.013113
10000041,30003324,3MOG-V,-0.004728
10000041,30003325,NG-C6Y,-0.003517
10000041,30003326,XYY-IA,-0.007948
10000041,30003327,BMNV-P,-0.184234
10000041,30003328,BY-S36,-0.016751
10000041,30003329,31-MLU,-0.165359
10000041,30003330,0LTQ-C,-0.219249
10000041,30003331,A9D-R0,-0.08509
10000041,30003332,2P-4LS,-0.121044
10000041,30003333,RF-GGF,-0.246618
10000041,30003334,LSC4-P,-0.314841
10000041,30003335,A-SJ8X,-0.086757
10000041,30003336,10UZ-P,-0.128696
10000041,30003337,EN-VOD,-0.034612
10000041,30003338,9GYL-O,-0.046995
10000041,30003339,VLGD-R,-0.019453
10000041,30003340,S-GKKR,-0.019973
10000041,30003341,9U-TTJ,-0.237897
10000041,30003342,Y-W6GF,-0.009272
10000041,30003343,KFR-ZE,-0.012945
10000041,30003344,KLYN-8,-0.013906
10000041,30003345,D85-VD,-0.023505
10000041,30003346,5-VKCN,-0.016492
10000041,30003347,U0V6-T,-0.009788
10000041,30003348,5KS-AB,-0.002059
10000041,30003349,0T-AMZ,-0.010193
10000041,30003350,57-YRU,-0.005675
10000041,30003351,4L-E5P,-0.009858
10000041,30003352,UFXF-C,-0.00794
10000041,30003353,RLL-9R,-0.008893
10000041,30003354,51-5XG,-0.010119
10000041,30003355,EF-F36,-0.02879
10000041,30003356,3-IN0V,-0.03421
10000041,30003357,Z-QENW,-0.035091
10000041,30003358,D-B7YK,-0.04778
10000041,30003359,DUV-5Y,-0.028611
10000041,30003360,GRNJ-3,-0.034618
10000041,30003361,VSIG-K,-0.004874
10000041,30003362,RSS-KA,-0.011838
10000041,30003363,CIS-7X,-0.009063
10000041,30003364,DCHR-L,-0.008127
10000041,30003365,EU0I-T,-0.014694
10000041,30003366,4-JWWQ,-0.020318
10000041,30003367,G-6SXJ,-0.011344
10000041,30003368,S-U8A4,-0.445749
10000041,30003369,ZV-72W,-0.416184
10000041,30003370,2G38-I,-0.413223
10000041,30003371,CY-ZLP,-0.351464
10000041,30003372,U4-Q2V,-0.376966
10000041,30003373,98Q-8O,-0.390363
10000042,30003374,Arlulf,0.949
10000042,30003375,Brundakur,0.890508
10000042,30003376,Stirht,0.922674
10000042,30003377,Illuin,0.91335
10000042,30003378,Nedegulf,0.768314
10000042,30003379,Aldilur,0.909469
10000042,30003380,Alf,0.949
10000042,30003381,Eust,0.683899
10000042,30003382,Flost,0.72506
10000042,30003383,Todrir,0.949
10000042,30003384,Asgeir,0.735822
10000042,30003385,Evuldgenzo,0.714303
10000042,30003386,Ongund,0.625702
10000042,30003387,Jondik,0.853142
10000042,30003388,Olbra,0.938167
10000042,30003389,Altrinur,0.768874
10000042,30003390,Vilur,0.847065
10000042,30003391,Reset,0.725169
10000042,30003392,Eygfe,0.697443
10000042,30003393,Eiluvodi,0.779535
10000042,30003394,Freatlidur,0.826576
10000042,30003395,Roleinn,0.9051
10000042,30003396,Maturat,0.755888
10000042,30003397,Bongveber,0.911898
10000042,30003398,Anbald,0.703797
10000042,30003399,Vorsk,0.604578
10000042,30003400,Hjortur,0.856914
10000042,30003401,Egbonbet,0.891302
10000042,30003402,Totkubad,0.868023
10000042,30003403,Meimungen,0.907195
10000042,30003404,Agtver,0.881108
10000042,30003405,Datulen,0.858163
10000042,30003406,Situner,0.838269
10000042,30003407,Tamekamur,0.890739
10000042,30003408,Evettullur,0.794983
10000042,30003409,Leurtmar,0.949
10000042,30003410,Ryddinjorn,0.949
10000042,30003411,Arlek,0.949
10000042,30003412,Elgoi,0.8885
10000042,30003413,Eram,0.775374
10000042,30003414,Yrmori,0.644345
10000042,30003415,Aldagolf,0.574611
10000042,30003416,Aldrat,0.615566
10000042,30003417,Urnhard,0.649633
10000042,30003418,Hardbako,0.727253
10000042,30003419,Erstur,0.575795
10000042,30003420,Fredagod,0.822064
10000042,30003421,Libold,0.556402
10000042,30003422,Wirdalen,0.591071
10000042,30003423,Nein,0.542579
10000042,30003424,Enden,0.392752
10000042,30003425,Erstet,0.449402
10000042,30003426,Anstard,0.496018
10000042,30003427,Osvestmunnur,0.513562
10000042,30003428,Hilfhurmur,0.78964
10000042,30003429,Geffur,0.709046
10000042,30003430,Oppold,0.671349
10000042,30003431,Tratokard,0.631807
10000042,30003432,Lumegen,0.58107
10000042,30003433,Gedugaud,0.736299
10000042,30003434,Polstodur,0.836097
10000042,30003435,Hebisa,0.880682
10000042,30003436,Tollus,0.791879
10000042,30003437,Ogoten,0.711089
10000042,30003438,Earled,0.80208
10000042,30003439,Aderkan,0.593936
10000042,30003440,Ansher,0.877197
10000042,30003441,Earwik,0.5993
10000042,30003442,Finanar,0.532237
10000042,30003443,Moselgi,0.669636
10000042,30003444,Mateber,0.348949
10000042,30003445,Iluin,0.744147
10000042,30003446,Ofage,0.292495
10000042,30003447,Josekorn,0.644371
10000042,30003448,Nifflung,0.752286
10000042,30003449,Hakeri,0.723155
10000042,30003450,Oraekja,0.683602
10000042,30003451,Dantbeinn,0.726191
10000042,30003452,Irgrus,0.672906
10000042,30003453,Orduin,0.761926
10000042,30003454,Engosi,0.775409
10000042,30003455,Atonder,0.828137
10000042,30003456,Hotrardik,0.736092
10000042,30003457,Ridoner,0.71845
10000042,30003458,Klaevik,0.608008
10000042,30003459,Lirerim,0.614124
10000042,30003460,Offikatlin,0.416438
10000042,30003461,Diromitur,0.469726
10000042,30003462,Eldjaerin,0.555307
10000042,30003463,Erlendur,0.450741
10000042,30003464,Aldik,0.744569
10000042,30003465,Tabbetzur,0.271666
10000042,30003466,Eurgrana,0.416024
10000042,30003467,Frulegur,0.434329
10000042,30003468,Hroduko,0.712585
10000042,30003469,Hodrold,0.596073
10000042,30003470,Odebeinn,0.3078
10000042,30003471,Konora,0.413524
10000042,30003472,Erindur,0.603009
10000043,30003473,Fahruni,0.518156
10000043,30003474,Sahda,0.415743
10000043,30003475,Naguton,0.309692
10000043,30003476,Ealur,0.451701
10000043,30003477,Shajarleg,0.34858
10000043,30003478,Basan,0.304407
10000043,30003479,Akila,0.331138
10000043,30003480,Amod,0.295886
10000043,30003481,Unefsih,0.388206
10000043,30003482,Mista,0.53738
10000043,30003483,Valmu,0.220279
10000043,30003484,Sibot,0.171405
10000043,30003485,Andabiar,0.607272
10000043,30003486,Kheram,0.359864
10000043,30003487,Arbaz,0.907379
10000043,30003488,Penirgman,0.858322
10000043,30003489,Chaven,0.949
10000043,30003490,Khopa,0.810458
10000043,30003491,Ashab,0.90946
10000043,30003492,Orkashu,0.825926
10000043,30003493,Youl,0.840705
10000043,30003494,Ekid,0.737273
10000070,30003495,Raravoss,-1.0
10000043,30003496,Nakri,0.805291
10000043,30003497,Zaimeth,0.524679
10000043,30003498,Sharhelund,0.573415
10000043,30003499,Mai,0.428053
10000043,30003500,Sharji,0.772703
10000043,30003501,Kudi,0.697856
10000043,30003502,Bahromab,0.569426
10000043,30003503,Madirmilire,0.603228
10000070,30003504,Niarja,-1.0
10000043,30003505,Fabum,0.713904
10000043,30003506,Saana,0.552729
10000043,30003507,Teshi,0.867301
10000043,30003508,Sayartchen,0.789506
10000043,30003509,Gosalav,0.739668
10000043,30003510,Sorzielang,0.820688
10000043,30003511,Somouh,0.869185
10000043,30003512,Abaim,0.799274
10000043,30003513,Ides,0.799627
10000043,30003514,Yeeramoun,0.808656
10000043,30003515,Anila,0.654876
10000043,30003516,Pedel,0.650764
10000043,30003517,Etav,0.758617
10000043,30003518,Saheri,0.522431
10000043,30003519,Lahnina,0.667018
10000043,30003520,Mahrokht,0.859906
10000043,30003521,Alkabsi,0.662153
10000043,30003522,Sarum Prime,0.949
10000043,30003523,Hama,0.839545
10000043,30003524,Irnal,0.949
10000043,30003525,Bagodan,0.717179
10000043,30003526,Murzi,0.619386
10000043,30003527,Chesoh,0.875495
10000043,30003528,Herila,0.820387
10000043,30003529,Chemilip,0.608256
10000043,30003530,Raravath,0.441866
10000043,30003531,Hisoufad,0.653281
10000043,30003532,Jesoyeh,0.690712
10000043,30003533,Hahda,0.638811
10000043,30003534,Namaili,0.376496
10000043,30003535,Afivad,0.519572
10000043,30003536,Uzigh,0.635523
10000043,30003537,Erzoh,0.478576
10000043,30003538,Merz,0.656137
10000043,30003539,Miakie,0.48477
10000043,30003540,Sirkahri,0.534216
10000043,30003541,Faswiba,0.353254
10000043,30003542,Hayumtom,0.460561
10000043,30003543,Zanka,0.379878
10000043,30003544,Galeh,0.449164
10000043,30003545,Yuhelia,0.799609
10000043,30003546,Maiah,0.798763
10000043,30003547,Hamse,0.85522
10000043,30003548,Barira,0.815271
10000043,30003549,Lashkai,0.917045
10000043,30003550,Zhilshinou,0.90387
10000043,30003551,Jaswelu,0.842187
10000043,30003552,Ana,0.900474
10000043,30003553,Warouh,0.525562
10000043,30003554,Jambu,0.518606
10000043,30003555,Bittanshal,0.480322
10000043,30003556,Arton,0.426982
10000043,30003557,Sieh,0.27801
10000043,30003558,Madimal,0.650428
10000043,30003559,Mamet,0.145582
10000043,30003560,Hoshoun,0.085137
10000043,30003561,Biphi,0.206835
10000043,30003562,Ziriert,0.059583
10000043,30003563,Misaba,0.064008
10000043,30003564,Rephirib,0.095634
10000044,30003565,Conomette,0.299427
10000044,30003566,Aimoguier,0.182694
10000044,30003567,Yveve,0.351355
10000044,30003568,Meunvon,0.272516
10000044,30003569,Cadelanne,0.119324
10000044,30003570,Elore,0.215066
10000044,30003571,Anckee,0.246409
10000044,30003572,Vevelonel,0.119826
10000044,30003573,Pertnineere,0.442911
10000044,30003574,Boystin,0.523019
10000044,30003575,Lour,0.637346
10000044,30003576,Maire,0.686652
10000044,30003577,Oerse,0.620386
10000044,30003578,Octanneve,0.696679
10000044,30003579,Larryn,0.596159
10000044,30003580,Niballe,0.620189
10000044,30003581,Postouvin,0.65533
10000044,30003582,Odinesyn,0.65176
10000044,30003583,Weraroix,0.580527
10000044,30003584,Sarline,0.43883
10000044,30003585,Aeter,0.349169
10000044,30003586,Gererique,0.664606
10000044,30003587,Harner,0.127988
10000044,30003588,Yvaeroure,0.757058
10000044,30003589,Vecodie,0.788654
10000044,30003590,Arasare,0.811738
10000044,30003591,Yvelet,0.781364
10000044,30003592,Lazer,0.790979
10000044,30003593,Stoure,0.722419
10000044,30003594,Heluene,0.232531
10000044,30003595,Arittant,0.262354
10000044,30003596,Oruse,0.196879
10000044,30003597,Hare,0.16897
10000044,30003598,Ogaria,0.164001
10000044,30003599,Faurulle,0.102661
10000044,30003600,Agaullores,0.071201
10000044,30003601,Babirmoult,0.178823
10000044,30003602,Ratillose,0.366468
10000044,30003603,Ondree,0.530892
10000044,30003604,Pochelympe,0.622236
10000044,30003605,Eggheron,0.516244
10000044,30003606,Toustain,0.411824
10000044,30003607,Straloin,0.213756
10000045,30003608,H1-ESN,-0.123268
10000045,30003609,3DR-CR,-0.115325
10000045,30003610,RLTG-3,-0.063997
10000045,30003611,S-EVIQ,-0.05143
10000045,30003612,EOY-BG,-0.066558
10000045,30003613,PNS7-J,-0.05072
10000045,30003614,IG-ZAM,-0.067758
10000045,30003615,0-UVHJ,-0.081724
10000045,30003616,NCG-PW,-0.107753
10000045,30003617,1QH-0K,-0.069823
10000045,30003618,ZH3-BS,-0.089831
10000045,30003619,ZJ-QOO,-0.212343
10000045,30003620,ZXA-V6,-0.300295
10000045,30003621,I1-BE8,-0.206305
10000045,30003622,W8O-19,-0.105253
10000045,30003623,U1TX-A,-0.109406
10000045,30003624,1BWK-S,-0.221831
10000045,30003625,KMV-CQ,-0.078045
10000045,30003626,RKE-CP,-0.206668
10000045,30003627,NV-3KA,-0.115646
10000045,30003628,S-1LIO,-0.100363
10000045,30003629,S-KSWL,-0.426575
10000045,30003630,5-O8B1,-0.296583
10000045,30003631,R-YWID,-0.741915
10000045,30003632,30-D5G,-0.950341
10000045,30003633,HB-FSO,-0.637305
10000045,30003634,J1-KJP,-0.648996
10000045,30003635,KW-1MV,-0.300719
10000045,30003636,G06-8Y,-0.305331
10000045,30003637,U-O2DA,-0.198229
10000045,30003638,WV-0R2,-0.815289
10000045,30003639,SZ6-TA,-0.234378
10000045,30003640,6-AOLS,-0.490423
10000045,30003641,IKTD-P,-0.499702
10000045,30003642,33CE-7,-0.375243
10000045,30003643,L-P3XM,-0.439652
10000045,30003644,DCJ-ZT,-0.143836
10000045,30003645,O36A-P,-0.084704
10000045,30003646,Z-LO6I,-0.218387
10000045,30003647,0M-103,-0.316788
10000045,30003648,6OYQ-Z,-0.211445
10000045,30003649,HE5T-A,-0.327892
10000045,30003650,A-1IJ9,-0.221173
10000045,30003651,Y-YHZQ,-0.407926
10000045,30003652,Z-SR1I,-0.621795
10000045,30003653,GW7P-8,-0.68228
10000045,30003654,SF-XJS,-0.308379
10000045,30003655,A1RR-M,-0.85032
10000045,30003656,AR-5SY,-0.939946
10000045,30003657,OE-4HB,-1.0
10000045,30003658,ZK-YQ3,-0.385512
10000045,30003659,MZPH-W,-0.384011
10000045,30003660,W0X-MG,-0.271312
10000045,30003661,JI-1UQ,-0.379228
10000045,30003662,EN-GTB,-0.318907
10000045,30003663,U5-XW7,-0.443865
10000045,30003664,JSI-LL,-0.500003
10000045,30003665,M-UC0S,-0.636432
10000045,30003666,V7-MID,-0.910565
10000045,30003667,SY0W-2,-0.581345
10000045,30003668,2-3Q2G,-1.0
10000045,30003669,Q1U-IU,-0.467095
10000045,30003670,C-XNUA,-0.6955
10000045,30003671,7D-PAT,-0.652078
10000045,30003672,V-LDEJ,-0.702513
10000045,30003673,T-K10W,-0.732418
10000045,30003674,P-UCRP,-0.851365
10000045,30003675,3-QYVE,-1.0
10000046,30003676,C8-CHY,-0.286576
10000046,30003677,E-9ORY,-0.269786
10000046,30003678,CR-IFM,-0.351376
10000046,30003679,HHK-VL,-0.28991
10000046,30003680,P-33KR,-0.281008
10000046,30003681,DO6H-Q,-0.334638
10000046,30003682,DW-T2I,-0.256813
10000046,30003683,O-CNPR,-0.234771
10000046,30003684,L-SCBU,-0.239425
10000046,30003685,VRH-H7,-0.273473
10000046,30003686,O1Y-ED,-0.272866
10000046,30003687,K4YZ-Y,-0.301708
10000046,30003688,X36Y-G,-0.287725
10000046,30003689,L-C3O7,-0.35521
10000046,30003690,YKSC-A,-0.337238
10000046,30003691,FIO1-8,-0.369359
10000046,30003692,C-OK0R,-0.439036
10000046,30003693,0-ARFO,-0.500447
10000046,30003694,E9KD-N,-0.407067
10000046,30003695,8W-OSE,-0.368411
10000046,30003696,WQY-IQ,-0.304633
10000046,30003697,C4C-Z4,-0.395536
10000046,30003698,GME-PQ,-0.492754
10000046,30003699,MPPA-A,-0.592056
10000046,30003700,X5-UME,-0.389217
10000046,30003701,I-UUI5,-0.635425
10000046,30003702,8QMO-E,-0.550661
10000047,30003703,G-5EN2,-0.204593
10000047,30003704,9-F0B2,-0.174969
10000047,30003705,YWS0-Z,-0.135505
10000047,30003706,4B-NQN,-0.102336
10000047,30003707,9UY4-H,-0.078436
10000047,30003708,49GC-R,-0.077736
10000047,30003709,D-GTMI,-0.324702
10000047,30003710,FSW-3C,-0.263897
10000047,30003711,FX-7EM,-0.265923
10000047,30003712,MH9C-S,-0.210055
10000047,30003713,G7AQ-7,-0.323542
10000047,30003714,QBL-BV,-0.399166
10000047,30003715,T-RPFU,-0.180574
10000047,30003716,I7S-1S,-0.296055
10000047,30003717,U-HYMT,-0.066939
10000047,30003718,FC-3YI,-0.078667
10000047,30003719,QR-K85,-0.063618
10000047,30003720,5IO8-U,-0.052326
10000047,30003721,DP-JD4,-0.064669
10000047,30003722,OXIY-V,-0.145126
10000047,30003723,H6-CX8,-0.068892
10000047,30003724,D61A-G,-0.085454
10000047,30003725,Shintaht,-0.08641
10000047,30003726,Y-MPWL,-0.094393
10000047,30003727,D-6WS1,-0.109671
10000047,30003728,SI-I89,-0.071617
10000047,30003729,KBP7-G,-0.258948
10000047,30003730,B-WPLZ,-0.200593
10000047,30003731,XHQ-7V,-0.17165
10000047,30003732,E-YCML,-0.145517
10000047,30003733,TU-O0T,-0.154387
10000047,30003734,Y9-MDG,-0.188735
10000047,30003735,PI5-39,-0.428332
10000047,30003736,GN7-XY,-0.328252
10000047,30003737,F-DTOO,-0.391283
10000047,30003738,5KG-PY,-0.315147
10000047,30003739,QO-SRI,-0.231638
10000047,30003740,INQ-WR,-0.312836
10000047,30003741,S9X-AX,-0.194448
10000047,30003742,TU-RI6,-0.136735
10000047,30003743,08Z-JJ,-0.17862
10000047,30003744,X-4WZD,-0.161088
10000047,30003745,6-OQJV,-0.151348
10000047,30003746,AY-YCU,-0.077975
10000047,30003747,ZT-LPU,-0.083084
10000047,30003748,3GXF-U,-0.077308
10000047,30003749,VKI-T7,-0.070237
10000047,30003750,8P9-BM,-0.103903
10000047,30003751,F-YH5B,-0.120636
10000047,30003752,H-GKI6,-0.061677
10000047,30003753,YQB-22,-0.053159
10000047,30003754,2-TEGJ,-0.172616
10000047,30003755,MVCJ-E,-0.136282
10000047,30003756,AY-24I,-0.173558
10000047,30003757,BK4-YC,-0.114465
10000047,30003758,K1I1-J,-0.167956
10000047,30003759,LF-2KP,-0.133871
10000047,30003760,JEIV-E,-0.141393
10000047,30003761,O-Y5JQ,-0.144303
10000047,30003762,DNR-7M,-0.098593
10000047,30003763,N-RMSH,-0.114249
10000047,30003764,K1Y-5H,-0.082146
10000047,30003765,IWZ3-C,-0.085419
10000047,30003766,1-1I53,-0.072361
10000047,30003767,N8XA-L,-0.067679
10000047,30003768,18-GZM,-0.103856
10000047,30003769,R3-K7K,-0.034291
10000047,30003770,X-R3NM,-0.045724
10000047,30003771,8B-VLX,-0.051365
10000047,30003772,G-B22J,-0.065961
10000047,30003773,X6AB-Y,-0.072159
10000047,30003774,2V-CS5,-0.074338
10000047,30003775,H9-J8N,-0.062706
10000047,30003776,HP-6Z6,-0.06304
10000047,30003777,GA9P-0,-0.036671
10000047,30003778,7YWV-S,-0.076181
10000047,30003779,TXJ-II,-0.021664
10000047,30003780,C1-HAB,-0.055592
10000047,30003781,3KB-J0,-0.121408
10000047,30003782,0B-HLZ,-0.11215
10000047,30003783,Z-RFE3,-0.144546
10000047,30003784,I-MGAB,-0.100373
10000047,30003785,18XA-C,-0.143401
10000047,30003786,3D-CQU,-0.095682
10000048,30003787,Agoze,0.208648
10000048,30003788,Intaki,0.6
10000048,30003789,Brarel,0.094316
10000048,30003790,Vey,0.188946
10000048,30003791,Annancale,0.094076
10000048,30003792,Ostingele,0.172621
10000048,30003793,Harroule,0.085061
10000048,30003794,Stacmon,0.60528
10000048,30003795,Covryn,0.355901
10000048,30003796,Iges,0.349445
10000048,30003797,Dastryns,0.252395
10000048,30003798,Slays,0.487171
10000048,30003799,Uphallant,0.205721
10000048,30003800,Alperaute,0.231146
10000048,30003801,Aunsou,0.182975
10000048,30003802,Cumemare,0.123693
10000048,30003803,Reynire,0.15681
10000048,30003804,Pain,0.094081
10000048,30003805,Gare,0.134029
10000048,30003806,Pelille,0.214825
10000048,30003807,Dour,0.384864
10000048,30003808,Grispire,0.183318
10000048,30003809,Brellystier,0.503716
10000048,30003810,Vivanier,0.543845
10000048,30003811,Algasienan,0.725927
10000048,30003812,Osmallanais,0.755543
10000048,30003813,Ivorider,0.728222
10000048,30003814,Mollin,0.656913
10000048,30003815,Iffrue,0.727848
10000048,30003816,Vilinnon,0.609461
10000048,30003817,Ommaerrer,0.626977
10000048,30003818,Aulbres,0.135812
10000048,30003819,Barleguet,0.068201
10000048,30003820,Vestouve,0.042595
10000048,30003821,Ausmaert,0.074843
10000048,30003822,Espigoure,0.049927
10000048,30003823,Kenninck,0.114963
10000048,30003824,Archavoinet,0.620765
10000048,30003825,Eugales,0.404252
10000048,30003826,Frarie,0.357455
10000048,30003827,Aubenall,0.431851
10000048,30003828,Moclinamaud,0.394321
10000048,30003829,Renarelle,0.309963
10000048,30003830,Orvolle,0.746238
10000048,30003831,Osmeden,0.728989
10000048,30003832,Adacyne,0.548774
10000048,30003833,Oulley,0.338416
10000048,30003834,Chardalane,0.372552
10000048,30003835,Maut,0.248017
10000048,30003836,Vlillirier,0.289309
10000048,30003837,Aldranette,0.36751
10000048,30003838,Oicx,0.330045
10000048,30003839,Evaulon,0.366836
10000048,30003840,Anchauttes,0.339596
10000048,30003841,Alsavoinon,0.266366
10000048,30003842,Esesier,0.290698
10000048,30003843,Avaux,0.447705
10000048,30003844,Gallusiene,0.313434
10000048,30003845,Ruerrotta,0.305396
10000048,30003846,Hedoubel,0.31613
10000048,30003847,Amoen,0.280538
10000048,30003848,Amasiree,0.366469
10000048,30003849,Aubonnie,0.402796
10000048,30003850,Alparena,0.146572
10000048,30003851,Reschard,0.127918
10000048,30003852,Arderonne,0.174709
10000048,30003853,Mercomesier,0.122967
10000048,30003854,Alamel,0.170913
10000048,30003855,Mantenault,0.13715
10000048,30003856,Athounon,0.076206
10000048,30003857,Odamia,0.220429
10000049,30003858,Gousoviba,0.901234
10000049,30003859,Neyi,0.809547
10000049,30003860,Kihtaled,0.913252
10000049,30003861,Ipref,0.899686
10000049,30003862,Agil,0.853896
10000049,30003863,Khanid Prime,0.897374
10000049,30003864,Jachanu,0.853958
10000049,30003865,Sazre,0.806334
10000049,30003866,Bukah,0.802709
10000049,30003867,Ervekam,0.68692
10000049,30003868,Mashtarmem,0.706899
10000049,30003869,Sehsasez,0.714329
10000049,30003870,Osis,0.725774
10000049,30003871,Geztic,0.733029
10000049,30003872,Yezara,0.741844
10000049,30003873,Kahah,0.719451
10000049,30003874,Saloti,0.703113
10000049,30003875,Hishai,0.767855
10000049,30003876,Molea,0.71608
10000049,30003877,Gidali,0.653454
10000049,30003878,Palas,0.505996
10000049,30003879,Safshela,0.667616
10000049,30003880,Reteka,0.504487
10000049,30003881,Moniyyuku,0.568566
10000049,30003882,Lansez,0.728674
10000049,30003883,Keberz,0.53013
10000049,30003884,Nourbal,0.410644
10000049,30003885,Arzanni,0.551305
10000049,30003886,Ashmarir,0.423365
10000049,30003887,Kaira,0.329922
10000049,30003888,Badivefi,0.658747
10000049,30003889,Talidal,0.509783
10000049,30003890,Ashi,0.674511
10000049,30003891,Tzashrah,0.534552
10000049,30003892,Efa,0.42617
10000049,30003893,Moro,0.458057
10000049,30003894,Sabusi,0.505127
10000049,30003895,Ainsan,0.473062
10000049,30003896,Claini,0.340748
10000049,30003897,Gehi,0.296805
10000049,30003898,Seshala,0.291822
10000049,30003899,Vezila,0.265951
10000049,30003900,Ham,0.241894
10000049,30003901,Upt,0.146071
10000049,30003902,Hemouner,0.237806
10000049,30003903,Afnakat,0.598788
10000049,30003904,Col,0.52679
10000049,30003905,Chamemi,0.444911
10000049,30003906,Firbha,0.579824
10000049,30003907,Tegheon,0.413441
10000049,30003908,Bashyam,0.471126
10000049,30003909,Parses,0.498691
10000049,30003910,Balanaz,0.564065
10000049,30003911,Edani,0.581289
10000049,30003912,Danera,0.56257
10000049,30003913,Bomana,0.537512
10000049,30003914,Rahabeda,0.561439
10000049,30003915,Aurejet,0.500672
10000049,30003916,Rilera,0.449848
10000049,30003917,Amafi,0.293426
10000049,30003918,Hakana,0.315993
10000049,30003919,Ashkoo,0.272018
10000049,30003920,Baratar,0.154082
10000049,30003921,Arzieh,0.296703
10000049,30003922,Nahrneder,0.250969
10000049,30003923,Nandeza,0.246713
10000049,30003924,Dimoohan,0.215934
10000049,30003925,Chitiamem,0.215692
10000049,30003926,Kuhri,0.192019
10000049,30003927,Zahefeus,0.244603
10000049,30003928,Zephan,0.255655
10000049,30003929,Neda,0.360001
10000049,30003930,Goudiyah,0.145549
10000049,30003931,Sassecho,0.117671
10000049,30003932,Timudan,0.124259
10000049,30003933,Ibani,0.105173
10000049,30003934,Cabeki,0.089786
10000049,30003935,Irmalin,0.062148
10000049,30003936,Nakis,0.232048
10000049,30003937,Hezere,0.215221
10000049,30003938,Fanathor,0.258469
10000049,30003939,Zirsem,0.282545
10000049,30003940,Pout,0.229482
10000049,30003941,Rafeme,0.183281
10000050,30003942,A2-V27,-0.385298
10000050,30003943,T8H-66,-0.305086
10000050,30003944,A3-LOG,-0.262247
10000050,30003945,7V-KHW,-0.166345
10000050,30003946,O3L-95,-0.367182
10000050,30003947,0-WT2D,-0.118133
10000050,30003948,7GCD-P,-0.097052
10000050,30003949,G-3BOG,-0.051167
10000050,30003950,K7D-II,-0.06692
10000050,30003951,L-6BE1,-0.042177
10000050,30003952,1M4-FK,-0.032136
10000050,30003953,V-LEKM,-0.064829
10000050,30003954,9ES-SI,-0.124598
10000050,30003955,UQY-IK,-0.073233
10000050,30003956,60M-TG,-0.349892
10000050,30003957,0TKF-6,-0.417182
10000050,30003958,TV8-HS,-0.119541
10000050,30003959,VT-G2P,-0.56689
10000050,30003960,YOP-0T,-0.555336
10000050,30003961,9-HM04,-0.157788
10000050,30003962,MKD-O8,-0.042365
10000050,30003963,GOP-GE,-0.036185
10000050,30003964,SKR-SP,-0.014742
10000050,30003965,V-3U8T,-0.008971
10000050,30003966,T8T-RA,-0.00699
10000050,30003967,A-BO4V,-0.004645
10000050,30003968,W-IX39,-0.09051
10000050,30003969,K-B8DK,-0.203238
10000050,30003970,L-6W1J,-0.140219
10000050,30003971,P4-3TJ,-0.288047
10000050,30003972,K-Z0V4,-0.304147
10000050,30003973,LNVW-K,-0.501945
10000050,30003974,8B-SAJ,-0.396577
10000050,30003975,Q2-N6W,-0.746111
10000050,30003976,C-9RRR,-0.185171
10000050,30003977,A-5F4A,-0.832728
10000050,30003978,P-ZMZV,-0.140643
10000050,30003979,9CG6-H,-0.087719
10000050,30003980,NDII-Q,-0.038101
10000050,30003981,UYU-VV,-0.190416
10000050,30003982,K-L690,-0.046148
10000050,30003983,W6V-VM,-0.060463
10000050,30003984,OGY-6D,-0.072777
10000050,30003985,8-SNUD,-0.222757
10000050,30003986,H-4R6Z,-0.28435
10000050,30003987,IGE-NE,-0.229756
10000050,30003988,UVHO-F,-0.768622
10000050,30003989,Z-XX2J,-0.083062
10000050,30003990,YW-SYT,-0.24559
10000050,30003991,Z-UZZN,-0.473902
10000050,30003992,DS-LO3,-0.674033
10000050,30003993,BX2-ZX,-0.479698
10000050,30003994,RF-CN3,-0.910792
10000050,30003995,C-7SBM,-0.712047
10000050,30003996,ZAU-JW,-0.015645
10000050,30003997,YF-6L1,-0.015041
10000050,30003998,K-YI1L,-0.00966
10000050,30003999,KEJY-U,-0.008985
10000050,30004000,3BK-O7,-0.007901
10000050,30004001,8-GE2P,-0.006002
10000050,30004002,QXQ-I6,-0.021637
10000050,30004003,L3-I3K,-0.079664
10000050,30004004,3-JCJT,-0.281791
10000050,30004005,W-IIYI,-0.347189
10000050,30004006,AO-N1P,-0.125275
10000050,30004007,4-GJT1,-0.107003
10000050,30004008,5V-BJI,-0.427384
10000050,30004009,49-U6U,-0.572324
10000050,30004010,M1BZ-2,-0.189675
10000050,30004011,N-M1A3,-0.672356
10000050,30004012,8QT-H4,-0.146115
10000050,30004013,F2OY-X,-0.032618
10000050,30004014,4-2UXV,-0.019444
10000050,30004015,RKM-GE,-0.047569
10000050,30004016,DG-L7S,-0.152749
10000050,30004017,K4-RFZ,-0.198216
10000050,30004018,L-FVHR,-0.023551
10000050,30004019,3-FKCZ,-0.283531
10000050,30004020,ED-L9T,-0.422698
10000050,30004021,LS-V29,-0.60407
10000050,30004022,9SBB-9,-0.217787
10000050,30004023,I1Y-IU,-0.782539
10000050,30004024,U-HYZN,-0.878681
10000050,30004025,8-YNBE,-0.46049
10000050,30004026,YQX-7U,-0.630237
10000050,30004027,QY1E-N,-0.604702
10000050,30004028,E-VKJV,-0.463907
10000050,30004029,BX-VEX,-0.857014
10000050,30004030,B-7DFU,-1.0
10000050,30004031,ZXJ-71,-0.679756
10000050,30004032,F-NXLQ,-0.792529
10000050,30004033,ES-Q0W,-0.778777
10000050,30004034,H74-B0,-0.676568
10000050,30004035,NU4-2G,-0.966673
10000050,30004036,3D5K-R,-0.675035
10000051,30004037,1-3HWZ,-0.044879
10000051,30004038,XT-R36,-0.042964
10000051,30004039,5-MLDT,-0.033856
10000051,30004040,B-DBYQ,-0.00261
10000051,30004041,QXW-PV,-0.002045
10000051,30004042,DY-F70,-0.007363
10000051,30004043,FD53-H,-0.005355
10000051,30004044,O-ZXUV,-0.007995
10000051,30004045,77-KDQ,-0.017907
10000051,30004046,F7C-H0,-0.011888
10000051,30004047,TN-T7T,-0.010176
10000051,30004048,1-NW2G,-0.006275
10000051,30004049,O-IVNH,-0.003347
10000051,30004050,O-0HW8,-0.030245
10000051,30004051,YI-8ZM,-0.050939
10000051,30004052,OU-X3P,-0.062971
10000051,30004053,6-4V20,-0.022423
10000051,30004054,Q-UA3C,-0.245153
10000051,30004055,W-4NUU,-0.020019
10000051,30004056,8R-RTB,-0.025003
10000051,30004057,6Z9-0M,-0.136048
10000051,30004058,FQ9W-C,-0.091824
10000051,30004059,9-4RP2,-0.243558
10000051,30004060,O-BDXB,-0.255911
10000051,30004061,G8AD-C,-0.111976
10000051,30004062,XZH-4X,-0.750996
10000051,30004063,Z-Y7R7,-0.146482
10000051,30004064,MJYW-3,-0.371741
10000051,30004065,PPG-XC,-0.01313
10000051,30004066,QA1-BT,-0.016623
10000051,30004067,5S-KNL,-0.026368
10000051,30004068,00TY-J,-0.0286
10000051,30004069,XG-D1L,-0.025366
10000051,30004070,6RCQ-V,-0.037944
10000051,30004071,28O-JY,-0.010721
10000051,30004072,CX7-70,-0.011315
10000051,30004073,6ON-RW,-0.008813
10000051,30004074,U65-CN,-0.007447
10000051,30004075,X-M9ON,-0.009812
10000051,30004076,P5-KCC,-0.015735
10000052,30004077,Hiroudeh,0.481277
10000052,30004078,Dresi,0.618912
10000052,30004079,Aphend,0.629298
10000052,30004080,Romi,0.719438
10000052,30004081,Zororzih,0.742152
10000052,30004082,Aharalel,0.567123
10000052,30004083,Gensela,0.693878
10000052,30004084,Ghesis,0.513195
10000052,30004085,Gamdis,0.693659
10000052,30004086,Joamma,0.553212
10000052,30004087,Gonan,0.483655
10000052,30004088,Joramok,0.794791
10000052,30004089,Neburab,0.458301
10000052,30004090,Aband,0.524206
10000052,30004091,Uanim,0.638096
10000052,30004092,Murini,0.595698
10000052,30004093,Askonak,0.667457
10000052,30004094,Nordar,0.571724
10000052,30004095,Kador Prime,0.618488
10000052,30004096,Khafis,0.599686
10000052,30004097,Dantan,0.658974
10000052,30004098,Turba,0.699157
10000052,30004099,Sonama,0.773736
10000052,30004100,Halibai,0.745272
10000052,30004101,Suner,0.869107
10000052,30004102,Inis-Ilix,0.909281
10000052,30004103,Kothe,0.647333
10000052,30004104,Ansasos,0.420356
10000052,30004105,Dehrokh,0.370817
10000052,30004106,Bordan,0.411153
10000052,30004107,Zimmem,0.493159
10000052,30004108,Chaneya,0.320207
10000052,30004109,Oberen,0.352251
10000052,30004110,Finid,0.490505
10000052,30004111,Yarebap,0.503344
10000052,30004112,Mandoo,0.512884
10000052,30004113,Miah,0.553991
10000052,30004114,Peyiri,0.540357
10000052,30004115,Kamda,0.574111
10000052,30004116,Rayeret,0.454546
10000052,30004117,Bushemal,0.445418
10000052,30004118,Ardhis,0.39791
10000052,30004119,Gasavak,0.37602
10000052,30004120,Iaokit,0.407622
10000052,30004121,Menri,0.367294
10000052,30004122,Chanoun,0.513639
10000052,30004123,Garisas,0.497127
10000052,30004124,Aphi,0.5225
10000052,30004125,Jakri,0.530917
10000052,30004126,Nidupad,0.512837
10000052,30004127,Zimse,0.51109
10000052,30004128,Koona,0.518584
10000052,30004129,Munory,0.487111
10000052,30004130,Hostakoh,0.599191
10000052,30004131,Yooh,0.653392
10000052,30004132,Jeshideh,0.729647
10000052,30004133,Hilmar,0.782406
10000052,30004134,Kasi,0.822517
10000052,30004135,Shura,0.825732
10000052,30004136,Mod,0.320811
10000052,30004137,Omam,0.323171
10000052,30004138,Bersyrim,0.204375
10000052,30004139,Sechmaren,0.354133
10000052,30004140,Zinoo,0.415962
10000052,30004141,Hiremir,0.321715
10000052,30004142,Hikansog,0.811302
10000052,30004143,Syrikos,0.864785
10000052,30004144,Yebouz,0.882179
10000052,30004145,Hapala,0.882674
10000052,30004146,Salah,0.846263
10000052,30004147,Akhmoh,0.815058
10000052,30004148,Jennim,0.849574
10000052,30004149,Elmed,0.810891
10000052,30004150,Shaggoth,0.725922
10000052,30004151,Ustnia,0.818554
10000052,30004152,Kooreng,0.672421
10000052,30004153,Minin,0.724556
10000052,30004154,Yehnifi,0.644762
10000052,30004155,Shemah,0.837563
10000052,30004156,Asrios,0.83976
10000052,30004157,Ithar,0.828088
10000052,30004158,Telang,0.808553
10000052,30004159,Lazara,0.787144
10000052,30004160,Zorrabed,0.836696
10000053,30004161,FV-YEA,-0.460106
10000053,30004162,J-A5QD,-0.454516
10000053,30004163,BI0Y-X,-0.455811
10000053,30004164,SK7-G6,-0.3926
10000053,30004165,4-PCHD,-0.440429
10000053,30004166,5-3722,-0.472773
10000053,30004167,GQLB-V,-0.415552
10000053,30004168,5E-EZC,-0.434722
10000053,30004169,9KE-IT,-0.455034
10000053,30004170,P-NRD3,-0.233584
10000053,30004171,Y-RAW3,-0.473014
10000053,30004172,S-W8CF,-0.636484
10000053,30004173,X-41DA,-0.322326
10000053,30004174,YVSL-2,-0.313732
10000053,30004175,5E6I-W,-0.432766
10000053,30004176,KIG9-K,-0.500243
10000053,30004177,I-CMZA,-0.309023
10000053,30004178,H23-B5,-0.317874
10000053,30004179,A-0IIQ,-0.401715
10000053,30004180,CBY8-J,-0.296496
10000053,30004181,E-BYOS,-0.28337
10000053,30004182,ETXT-F,-0.602779
10000053,30004183,MK-YNM,-0.687367
10000053,30004184,2-9Z6V,-0.623013
10000053,30004185,5HN-D6,-0.874048
10000053,30004186,E-B957,-0.706765
10000053,30004187,P-H5IY,-0.876575
10000053,30004188,4A-6NI,-0.799341
10000053,30004189,1M7-RK,-1.0
10000053,30004190,87-1PM,-0.545805
10000053,30004191,C2-1B5,-0.54763
10000053,30004192,JE-VLG,-0.719259
10000053,30004193,5ED-4E,-0.855579
10000053,30004194,B-U299,-1.0
10000053,30004195,DN58-U,-0.663916
10000053,30004196,VAF1-P,-0.100412
10000053,30004197,FV1-RQ,-0.086176
10000053,30004198,QT-EBC,-0.137341
10000053,30004199,O-F4SN,-0.168933
10000053,30004200,CUT-0V,-0.331113
10000053,30004201,9-WEMC,-0.43327
10000053,30004202,U6R-F9,-0.479751
10000053,30004203,L-Z9NB,-0.455874
10000053,30004204,EJ-5X2,-0.260345
10000053,30004205,HXK-J6,-0.565805
10000053,30004206,4LNE-M,-0.566918
10000053,30004207,DK0-N8,-0.45696
10000053,30004208,E0DR-G,-0.50103
10000053,30004209,KI2-S3,-0.766584
10000053,30004210,CHP-76,-0.892876
10000053,30004211,T-67F8,-0.933729
10000053,30004212,58Z-IH,-0.949251
10000053,30004213,M-VACR,-1.0
10000053,30004214,0B-VOJ,-0.558692
10000053,30004215,J-QOKQ,-0.316978
10000053,30004216,4GSZ-1,-0.368183
10000053,30004217,E-EFAM,-0.358059
10000053,30004218,SBEN-Q,-0.216839
10000053,30004219,9-7SRQ,-0.228277
10000053,30004220,VEQ-3V,-0.675179
10000053,30004221,4T-VDE,-0.332464
10000053,30004222,D9Z-VY,-0.704023
10000053,30004223,MO-YDG,-0.90729
10000053,30004224,42SU-L,-0.809454
10000053,30004225,RGU1-T,-0.888379
10000053,30004226,1GT-MA,-0.825313
10000053,30004227,VY-866,-0.986567
10000053,30004228,HB-5L3,-1.0
10000053,30004229,Q-VTWJ,-0.935704
10000054,30004230,Van,0.31245
10000054,30004231,Shakasi,0.317731
10000054,30004232,Zayi,0.321585
10000054,30004233,Shirshocin,0.264278
10000054,30004234,Maalna,0.324065
10000054,30004235,Maseera,0.337204
10000054,30004236,Yehaba,0.241707
10000054,30004237,Kenahehab,0.229465
10000054,30004238,Gens,0.171062
10000054,30004239,Kamih,0.244672
10000054,30004240,Hier,0.36078
10000054,30004241,Jasson,0.25062
10000054,30004242,Sadana,0.364688
10000054,30004243,Isid,0.274072
10000054,30004244,Onanam,0.388534
10000054,30004245,Udianoor,0.376389
10000054,30004246,Vehan,0.366523
10000054,30004247,Marmeha,0.279645
10000054,30004248,Haimeh,0.498555
10000054,30004249,Avada,0.68935
10000054,30004250,Chibi,0.478673
10000054,30004251,Mishi,0.714664
10000054,30004252,Bazadod,0.470965
10000054,30004253,Pahineh,0.751878
10000054,30004254,Fihrneh,0.105135
10000054,30004255,Parouz,0.1225
10000054,30004256,Edilkam,0.072
10000054,30004257,Hakatiz,0.112573
10000054,30004258,Khnar,0.091608
10000054,30004259,Ertoo,0.136933
10000054,30004260,Yiratal,0.037987
10000054,30004261,Balas,0.043635
10000054,30004262,Pemsah,0.047946
10000054,30004263,Feshur,0.035519
10000054,30004264,Hoseen,0.075726
10000054,30004265,Yekh,0.044434
10000054,30004266,Gesh,0.111407
10000054,30004267,Nema,0.306848
10000054,30004268,Shenda,0.455178
10000054,30004269,Rashagh,0.400524
10000054,30004270,Sazilid,0.531972
10000054,30004271,Afrah,0.316207
10000054,30004272,Sota,0.315142
10000054,30004273,Soliara,0.163396
10000054,30004274,Nielez,0.113321
10000054,30004275,Tukanas,0.114
10000054,30004276,Fageras,0.134531
10000054,30004277,Ajna,0.185388
10000054,30004278,Sheri,0.056853
10000054,30004279,Ahraghen,0.203149
10000054,30004280,Nalnifan,0.28601
10000054,30004281,Jerhesh,0.344131
10000054,30004282,Getrenjesa,0.317565
10000054,30004283,Shafrak,0.162919
10000054,30004284,Defsunun,0.103369
10000054,30004285,Zazamye,0.214707
10000054,30004286,Yahyerer,0.229008
10000054,30004287,Esubara,0.242188
10000054,30004288,Ghekon,0.38559
10000054,30004289,Vaini,0.228142
10000054,30004290,Zaveral,0.61743
10000054,30004291,Anohel,0.138308
10000054,30004292,Soza,0.2755
10000054,30004293,Pserz,0.383267
10000054,30004294,Illi,0.160656
10000054,30004295,Keba,0.472105
10000054,30004296,Bapraya,0.295658
10000054,30004297,Efu,0.092313
10000054,30004298,Tisot,0.089876
10000054,30004299,Sakht,0.041499
10000054,30004300,Naga,0.033684
10000054,30004301,Anath,0.041327
10000054,30004302,Omigiav,0.158276
10000054,30004303,Fobiner,0.175057
10000054,30004304,Huna,0.112508
10000054,30004305,Esaeel,0.10138
10000054,30004306,Karan,0.044736
10000054,30004307,Nouta,0.266312
10000054,30004308,Ned,0.176748
10000054,30004309,Hophib,0.029147
10000055,30004310,UQ9-3C,-0.165458
10000055,30004311,DCI7-7,-0.191398
10000055,30004312,J7YR-1,-0.340155
10000055,30004313,PKG4-7,-0.236965
10000055,30004314,EWN-2U,-0.246577
10000055,30004315,VL3I-M,-0.171512
10000055,30004316,KMC-WI,-0.191126
10000055,30004317,4-48K1,-0.447637
10000055,30004318,NTV0-1,-0.419439
10000055,30004319,C-HCGU,-0.399598
10000055,30004320,XW-2XP,-0.361523
10000055,30004321,Q-FEEJ,-0.255398
10000055,30004322,0P9Z-I,-0.369117
10000055,30004323,AH-B84,-0.527871
10000055,30004324,JTAU-5,-0.463971
10000055,30004325,HB7R-F,-0.728469
10000055,30004326,O-JPKH,-0.872744
10000055,30004327,F-9F6Q,-0.673547
10000055,30004328,B-GC1T,-0.903216
10000055,30004329,V8W-QS,-0.362978
10000055,30004330,JRZ-B9,-0.308598
10000055,30004331,X4UV-Z,-0.163409
10000055,30004332,S-B7IT,-0.551392
10000055,30004333,BKG-Q2,-0.673283
10000055,30004334,OJ-A8M,-0.275557
10000055,30004335,CX-1XF,-0.095978
10000055,30004336,3-TD6L,-0.095402
10000055,30004337,Q-NJZ4,-0.154378
10000055,30004338,NLPB-0,-0.06435
10000055,30004339,R4O-I6,-0.2525
10000055,30004340,KL3O-J,-0.273007
10000055,30004341,Z-K495,-0.626729
10000055,30004342,XM-4L0,-0.681092
10000055,30004343,QCWA-Z,-0.764237
10000055,30004344,52G-NZ,-0.791786
10000055,30004345,5LJ-MD,-0.701971
10000055,30004346,B8O-KJ,-0.572829
10000055,30004347,6-O5GY,-0.81944
10000055,30004348,KV-8SN,-0.727142
10000055,30004349,UB-UQZ,-0.34865
10000055,30004350,YG-82V,-0.206666
10000055,30004351,8-4GQM,-0.613557
10000055,30004352,T-Q2DD,-0.548912
10000055,30004353,LRWD-B,-0.535141
10000055,30004354,QXQ-BA,-0.437995
10000055,30004355,X7R-JW,-0.411961
10000055,30004356,M-HU4V,-0.501533
10000055,30004357,CS-ZGD,-0.429822
10000055,30004358,3-N3OO,-0.316926
10000055,30004359,A-G1FM,-0.430524
10000055,30004360,4-BE0M,-0.360838
10000055,30004361,I-7RIS,-0.502059
10000055,30004362,P7Z-R3,-0.377384
10000055,30004363,ZIU-EP,-0.39048
10000055,30004364,LXWN-W,-0.642688
10000055,30004365,C-LP3N,-0.674679
10000055,30004366,9F-7PZ,-0.584652
10000055,30004367,1G-MJE,-0.784106
10000055,30004368,WO-AIJ,-0.768096
10000055,30004369,MA-VDX,-0.798433
10000055,30004370,RO90-H,-0.820819
10000055,30004371,BWI1-9,-0.237439
10000055,30004372,C-LBQS,-0.352957
10000055,30004373,J52-BH,-0.451199
10000055,30004374,5-P1Y2,-0.533191
10000055,30004375,KMQ4-V,-0.235915
10000055,30004376,KJ-QWL,-0.207066
10000055,30004377,SVB-RE,-0.152515
10000055,30004378,C-4ZOS,-0.647997
10000055,30004379,K-8SQS,-0.749639
10000055,30004380,C-VGYO,-0.562933
10000055,30004381,O94U-A,-0.69111
10000055,30004382,XW-JHT,-0.562683
10000055,30004383,NEH-CS,-0.626908
10000055,30004384,4DTQ-K,-0.434485
10000055,30004385,J9-5MQ,-0.513395
10000055,30004386,D4R-H7,-1.0
10000055,30004387,313I-B,-0.448538
10000055,30004388,EQI2-2,-0.679635
10000055,30004389,Q-4DEC,-0.159358
10000055,30004390,3F-JZF,-0.648757
10000055,30004391,5-0WB9,-0.784509
10000055,30004392,W-4FA9,-0.802965
10000055,30004393,1IX-C0,-0.973001
10000055,30004394,2B7A-3,-0.543989
10000055,30004395,PUWL-4,-0.80904
10000055,30004396,Y-1918,-1.0
10000055,30004397,9-B1DS,-0.491978
10000055,30004398,ME-4IU,-0.576321
10000055,30004399,BU-IU4,-0.869826
10000055,30004400,I-7JR4,-0.431771
10000055,30004401,CH9L-K,-0.548428
10000055,30004402,QYZM-W,-1.0
10000055,30004403,3KNA-N,-0.493307
10000056,30004404,UD-VZW,-0.499025
10000056,30004405,3-YX2D,-0.439355
10000056,30004406,V-TN6Q,-0.38649
10000056,30004407,CFLF-P,-0.40614
10000056,30004408,QBH5-F,-0.574176
10000056,30004409,9-ZFCG,-0.31967
10000056,30004410,J-TPTA,-0.418409
10000056,30004411,PMV-G6,-0.472167
10000056,30004412,5-IZGE,-0.468479
10000056,30004413,OXC-UL,-0.398228
10000056,30004414,F-8Y13,-0.370944
10000056,30004415,4AZ-J8,-0.400259
10000056,30004416,X6-J6R,-0.399438
10000056,30004417,BGN1-O,-0.343011
10000056,30004418,DUU1-K,-0.231393
10000056,30004419,3L-Y9M,-0.170893
10000056,30004420,BLC-X0,-0.160817
10000056,30004421,K-X5AX,-0.134896
10000056,30004422,BJD4-E,-0.136639
10000056,30004423,TSG-NO,-0.144085
10000056,30004424,O9V-R7,-0.193685
10000056,30004425,Z-PNIA,-0.162351
10000056,30004426,OCU4-R,-0.137682
10000056,30004427,BG-W90,-0.143799
10000056,30004428,Y-YGMW,-0.198254
10000056,30004429,75C-WN,-0.135133
10000056,30004430,I5Q2-S,-0.13239
10000056,30004431,PO-3QW,-0.241332
10000056,30004432,5XR-KZ,-0.273593
10000056,30004433,VF-FN6,-0.226072
10000056,30004434,C-0ND2,-0.310324
10000056,30004435,JI-LGM,-0.232668
10000056,30004436,U-BXU9,-0.136567
10000056,30004437,ZXOG-O,-0.135803
10000056,30004438,NW2S-A,-0.126141
10000056,30004439,U-JJEW,-0.172083
10000056,30004440,NX5W-U,-0.234717
10000056,30004441,U1-C18,-0.297999
10000056,30004442,6O-XIO,-0.293608
10000056,30004443,H65-HE,-0.177032
10000056,30004444,BJ-ZFD,-0.178222
10000056,30004445,5ELE-A,-0.12285
10000056,30004446,H-P4LB,-0.119259
10000056,30004447,2UK4-N,-0.111597
10000056,30004448,QK-CDG,-0.164175
10000056,30004449,M-CMLV,-0.199961
10000056,30004450,AZN-D2,-0.563142
10000056,30004451,E-PR0S,-0.554116
10000056,30004452,TR07-S,-0.611166
10000056,30004453,VNGJ-U,-0.46657
10000056,30004454,2-F3OE,-0.51608
10000056,30004455,5-LCI7,-0.440076
10000056,30004456,Y2-I3W,-0.383565
10000056,30004457,VVO-R6,-0.335397
10000056,30004458,CL-J9W,-0.37475
10000056,30004459,YHP2-D,-0.295635
10000056,30004460,J94-MU,-0.251166
10000056,30004461,M2GJ-X,-0.203118
10000056,30004462,JO-32L,-0.307017
10000056,30004463,UB5Z-3,-0.345649
10000056,30004464,MSKR-1,-0.395094
10000056,30004465,GPUS-A,-0.387664
10000056,30004466,3-BADZ,-0.366474
10000056,30004467,23M-PX,-0.604865
10000056,30004468,UTDH-N,-0.86319
10000056,30004469,ZS-2LT,-0.90837
10000056,30004470,DB1R-4,-0.950313
10000056,30004471,P8-BKO,-0.347569
10000056,30004472,RIT-A7,-0.541435
10000056,30004473,R4K-8L,-0.350536
10000056,30004474,GHZ-SJ,-0.722288
10000056,30004475,K-J50B,-0.330091
10000056,30004476,NLO-3Z,-0.817781
10000056,30004477,5P-AIP,-0.743613
10000056,30004478,M-PGT0,-0.484561
10000056,30004479,NPD9-A,-0.500536
10000056,30004480,D6SK-L,-0.530531
10000056,30004481,HYPL-V,-0.574097
10000056,30004482,I9-ZQZ,-0.47284
10000056,30004483,0OYZ-G,-0.717087
10000056,30004484,SWBV-2,-0.787951
10000056,30004485,R97-CI,-0.582471
10000056,30004486,6-ELQP,-0.46202
10000056,30004487,OBK-K8,-0.890595
10000056,30004488,KJ-V0P,-0.932981
10000056,30004489,ZID-LE,-0.957431
10000056,30004490,K-9UG4,-0.973473
10000056,30004491,D4-2XN,-1.0
10000056,30004492,2-RSC7,-0.842269
10000057,30004493,C0T-77,-0.012646
10000057,30004494,RL-KT0,-0.007652
10000057,30004495,UO9-YG,-0.006681
10000057,30004496,ZQP-QV,-0.006823
10000057,30004497,P-NUWP,-0.01659
10000057,30004498,ZJQH-S,-0.012832
10000057,30004499,E9G-MT,-0.003686
10000057,30004500,TQ-RR8,-0.007757
10000057,30004501,1L-BHT,-0.0017
10000057,30004502,D5IW-F,-0.001368
10000057,30004503,F-XWIN,-0.000877
10000057,30004504,4C-B7X,-0.005732
10000057,30004505,LGUZ-1,-0.001395
10000057,30004506,BF-SDP,-0.039866
10000057,30004507,F5FO-U,-0.001523
10000057,30004508,5WAE-M,-0.050368
10000057,30004509,0-WVQS,-0.073585
10000057,30004510,0-9UHT,-0.025393
10000057,30004511,M-NKZM,-0.045552
10000057,30004512,H-M1BY,-0.000725
10000057,30004513,J1H-R4,-0.00256
10000057,30004514,J9SH-A,-0.00766
10000057,30004515,JKJ-VJ,-0.157175
10000057,30004516,RTX0-S,-0.206499
10000057,30004517,33FN-P,-0.331886
10000057,30004518,NM-OEA,-0.400044
10000057,30004519,MT-2VJ,-0.100089
10000057,30004520,3HQC-6,-0.039106
10000057,30004521,OX-RGN,-0.003347
10000057,30004522,R-OCBA,-0.001881
10000057,30004523,GA-2V7,-0.00113
10000057,30004524,DB-6W4,-0.004158
10000057,30004525,7-692B,-0.002985
10000057,30004526,L3-XYO,-0.100252
10000057,30004527,AN-G54,-0.131978
10000057,30004528,ZXI-K2,-0.075837
10000057,30004529,T-Z6J2,-0.148257
10000057,30004530,CT7-5V,-0.419114
10000057,30004531,2JJ-0E,-0.650006
10000057,30004532,B0C-LD,-0.225639
10000057,30004533,NP6-38,-0.17117
10000057,30004534,G-YT55,-0.03706
10000057,30004535,IZ-AOB,-0.023952
10000057,30004536,G5-EN3,-0.018588
10000057,30004537,W-Z3HW,-0.029953
10000057,30004538,W2F-ZH,-0.01293
10000057,30004539,BMU-V1,-0.000519
10000057,30004540,ZXC8-1,-0.000787
10000057,30004541,LBV-Q1,-0.003092
10000057,30004542,Z-40CG,-0.008024
10000057,30004543,O-RIDF,-0.062095
10000057,30004544,A-5M31,-0.150002
10000057,30004545,BOE7-P,-0.084744
10000057,30004546,E-GCX0,-0.061706
10000057,30004547,VBFC-8,-0.183635
10000057,30004548,YVA-F0,-0.696105
10000057,30004549,0D-CHA,-0.792269
10000057,30004550,A2V6-6,-0.85
10000057,30004551,VJ0-81,-0.031962
10000058,30004552,XF-TQL,-0.011665
10000058,30004553,4-EP12,-0.047603
10000058,30004554,YZS5-4,-0.015342
10000058,30004555,3WE-KY,-0.107298
10000058,30004556,IR-WT1,-0.100643
10000058,30004557,9-VO0Q,-0.121028
10000058,30004558,A8-XBW,-0.169746
10000058,30004559,PNQY-Y,-0.132288
10000058,30004560,RP2-OQ,-0.151054
10000058,30004561,YVBE-E,-0.284407
10000058,30004562,BYXF-Q,-0.241359
10000058,30004563,AC2E-3,-0.307185
10000058,30004564,C-C99Z,-0.321232
10000058,30004565,CL-BWB,-0.285093
10000058,30004566,R3W-XU,-0.106247
10000058,30004567,E-BWUU,-0.091248
10000058,30004568,Y-1W01,-0.128049
10000058,30004569,9R4-EJ,-0.104445
10000058,30004570,SPLE-Y,-0.110502
10000058,30004571,Q-XEB3,-0.062366
10000058,30004572,K8L-X7,-0.087379
10000058,30004573,5-D82P,-0.092346
10000058,30004574,8ESL-G,-0.027295
10000058,30004575,JGOW-Y,-0.048191
10000058,30004576,APM-6K,-0.058686
10000058,30004577,RE-C26,-0.061857
10000058,30004578,AL8-V4,-0.07165
10000058,30004579,KCT-0A,-0.020646
10000058,30004580,N2-OQG,-0.014212
10000058,30004581,OW-TPO,-0.065747
10000058,30004582,9O-ORX,-0.121253
10000058,30004583,IGE-RI,-0.048554
10000058,30004584,Z9PP-H,-0.028168
10000058,30004585,7-8S5X,-0.029023
10000058,30004586,EI-O0O,-0.027747
10000058,30004587,7X-02R,-0.092519
10000058,30004588,D2AH-Z,-0.216137
10000058,30004589,J5A-IX,-0.003571
10000058,30004590,B17O-R,-0.120439
10000058,30004591,6F-H3W,-0.236335
10000058,30004592,H-NPXW,-0.390294
10000058,30004593,L-1SW8,-0.472201
10000058,30004594,U-SOH2,-0.687591
10000058,30004595,DBRN-Z,-0.750953
10000058,30004596,00GD-D,-0.204488
10000058,30004597,C1XD-X,-0.452908
10000058,30004598,G95F-H,-0.684677
10000058,30004599,B32-14,-0.722234
10000058,30004600,C-N4OD,-0.606511
10000058,30004601,CHA2-Q,-0.850626
10000058,30004602,UAYL-F,-0.034355
10000058,30004603,ESC-RI,-0.023946
10000058,30004604,671-ST,-0.015971
10000058,30004605,A-HZYL,-0.124333
10000058,30004606,H-S80W,-0.013566
10000058,30004607,Z30S-A,-0.086334
10000058,30004608,6VDT-H,-0.219455
10000058,30004609,NDH-NV,-0.466497
10000058,30004610,QV28-G,-0.404972
10000058,30004611,15U-JY,-0.153461
10000058,30004612,NY6-FH,-0.443346
10000058,30004613,XJP-Y7,-0.648569
10000058,30004614,AV-VB6,-0.866832
10000058,30004615,HMF-9D,-0.206419
10000058,30004616,7BX-6F,-0.762862
10000058,30004617,YZ-LQL,-0.107308
10000058,30004618,MN5N-X,-0.276726
10000058,30004619,A-1CON,-0.084509
10000058,30004620,75FA-Z,-0.075287
10000058,30004621,WY-9LL,-0.154704
10000058,30004622,D-Q04X,-0.460856
10000058,30004623,Serpentis Prime,-0.124803
10000058,30004624,P5-EFH,-0.320747
10000058,30004625,L-A5XP,-0.378723
10000058,30004626,D4KU-5,-0.109704
10000058,30004627,YRNJ-8,-0.610794
10000058,30004628,3ZTV-V,-0.280363
10000058,30004629,9D6O-M,-0.24312
10000058,30004630,LIWW-P,-0.158183
10000058,30004631,G-UTHL,-0.121486
10000058,30004632,38IA-E,-0.155028
10000058,30004633,M-KXEH,-0.087206
10000058,30004634,TU-Y2A,-0.469001
10000058,30004635,7BIX-A,-0.604128
10000058,30004636,I-CUVX,-0.104973
10000058,30004637,J-RQMF,-0.166605
10000058,30004638,TEG-SD,-0.281458
10000058,30004639,14YI-D,-0.095322
10000058,30004640,87XQ-0,-0.401944
10000058,30004641,LJ-TZW,-0.224807
10000058,30004642,KVN-36,-0.421099
10000058,30004643,57-KJB,-0.284537
10000058,30004644,V6-NY1,-0.559553
10000058,30004645,OL3-78,-0.262923
10000058,30004646,9DQW-W,-0.795331
10000058,30004647,PXF-RF,-1.0
10000058,30004648,R-BGSU,-0.097893
10000058,30004649,O-PNSN,-0.645289
10000058,30004650,1-5GBW,-0.728038
10000058,30004651,C-FER9,-0.564523
10000058,30004652,F2-2C3,-0.55633
10000058,30004653,F-88PJ,-0.900264
10000058,30004654,ATQ-QS,-0.537606
10000058,30004655,XUW-3X,-0.234768
10000058,30004656,006-L3,-0.265712
10000058,30004657,PB-0C1,-0.289558
10000058,30004658,ZUE-NS,-0.310356
10000058,30004659,L7-APB,-0.237002
10000058,30004660,ZTS-4D,-0.360813
10000058,30004661,4HS-CR,-0.541978
10000058,30004662,WMH-SO,-0.7106
10000058,30004663,LBGI-2,-0.914723
10000058,30004664,G1CA-Y,-0.32958
10000058,30004665,Y-2ANO,-1.0
10000058,30004666,Z-YN5Y,-0.295551
10000059,30004667,JI-K5H,-0.042593
10000059,30004668,33-JRO,-0.202167
10000059,30004669,ARBX-9,-0.18409
10000059,30004670,5-CSE3,-0.200503
10000059,30004671,O-MCZR,-0.082941
10000059,30004672,9T-APQ,-0.121822
10000059,30004673,4Y-OBL,-0.257724
10000059,30004674,0-MX34,-0.085009
10000059,30004675,5AQ-5H,-0.19434
10000059,30004676,T-ZFID,-0.067797
10000059,30004677,0ZN7-G,-0.047577
10000059,30004678,H8-ZTO,-0.132974
10000059,30004679,YV-FDG,-0.140293
10000059,30004680,LUL-WX,-0.032026
10000059,30004681,8Q-UYU,-0.016629
10000059,30004682,3PPT-9,-0.024344
10000059,30004683,S-KU8B,-0.03065
10000059,30004684,JK-GLL,-0.072191
10000059,30004685,UAAU-C,-0.012465
10000059,30004686,HHJD-5,-0.261712
10000059,30004687,ZWV-GD,-0.335809
10000059,30004688,1DDR-X,-0.181395
10000059,30004689,LG-WA9,-0.152722
10000059,30004690,AA-GWF,-0.238085
10000059,30004691,O4T-Z5,-0.060432
10000059,30004692,O-97ZG,-0.060439
10000059,30004693,2I-520,-0.153685
10000059,30004694,GQ2S-8,-0.258275
10000059,30004695,0SUF-3,-0.286187
10000059,30004696,G-M4GK,-1.0
10000059,30004697,G1D0-G,-0.056744
10000059,30004698,KU3-BB,-0.210137
10000059,30004699,O1Q-P1,-0.457072
10000059,30004700,LD-2VL,-0.200935
10000059,30004701,ZBY-0I,-0.439929
10000059,30004702,MP5-KR,-0.604835
10000059,30004703,O-N589,-0.92937
10000059,30004704,ZDYA-G,-1.0
10000059,30004705,LX5K-W,-0.66803
10000060,30004706,UHKL-N,-0.005241
10000060,30004707,Z3V-1W,-0.004584
10000060,30004708,A-ELE2,-0.006374
10000060,30004709,KFIE-Z,-0.003493
10000060,30004710,1DH-SX,-0.015274
10000060,30004711,PR-8CA,-0.02654
10000060,30004712,NOL-M9,-0.011765
10000060,30004713,O-IOAI,-0.010848
10000060,30004714,QX-LIJ,-0.014749
10000060,30004715,HM-XR2,-0.013083
10000060,30004716,4K-TRB,-0.020233
10000060,30004717,AJI-MA,-0.009191
10000060,30004718,FWST-8,-0.098013
10000060,30004719,YZ9-F6,-0.177757
10000060,30004720,0N-3RO,-0.204129
10000060,30004721,G-TT5V,-0.127112
10000060,30004722,319-3D,-0.324312
10000060,30004723,I3Q-II,-0.249602
10000060,30004724,RF-K9W,-0.02235
10000060,30004725,E3OI-U,-0.045112
10000060,30004726,IP6V-X,-0.034401
10000060,30004727,R5-MM8,-0.059551
10000060,30004728,1B-VKF,-0.038732
10000060,30004729,T-J6HT,-0.010383
10000060,30004730,D-W7F0,-0.115217
10000060,30004731,JP4-AA,-0.128282
10000060,30004732,FM-JK5,-0.234871
10000060,30004733,PDE-U3,-0.51
10000060,30004734,23G-XC,-0.014798
10000060,30004735,T5ZI-S,-0.143066
10000060,30004736,4X0-8B,-0.243519
10000060,30004737,Q-HESZ,-0.023132
10000060,30004738,1-SMEB,-0.102643
10000060,30004739,M5-CGW,-0.433655
10000060,30004740,6Q-R50,-0.105882
10000060,30004741,ZA9-PY,-0.80016
10000060,30004742,RCI-VL,-0.68827
10000060,30004743,MJXW-P,-0.900121
10000060,30004744,QC-YX6,-0.025307
10000060,30004745,T-M0FA,-0.133296
10000060,30004746,4O-239,-0.351848
10000060,30004747,LUA5-L,-0.044835
10000060,30004748,T-IPZB,-0.112939
10000060,30004749,Q-JQSG,-0.210774
10000060,30004750,D-3GIQ,-0.394728
10000060,30004751,K-6K16,-0.434643
10000060,30004752,QY6-RK,-0.595702
10000060,30004753,W-KQPI,-0.586411
10000060,30004754,PUIG-F,-0.674369
10000060,30004755,J-LPX7,-0.686431
10000060,30004756,0-HDC8,-0.72211
10000060,30004757,F-TE1T,-0.734715
10000060,30004758,SVM-3K,-0.625197
10000060,30004759,1DQ1-A,-0.385782
10000060,30004760,8WA-Z6,-0.628642
10000060,30004761,5BTK-M,-0.653506
10000060,30004762,N-8YET,-0.875587
10000060,30004763,Y-OMTZ,-0.930483
10000060,30004764,3-DMQT,-1.0
10000060,30004765,MO-GZ5,-0.712718
10000060,30004766,39P-1J,-0.555846
10000060,30004767,HZAQ-W,-0.58201
10000060,30004768,7G-QIG,-0.689736
10000060,30004769,NIDJ-K,-0.606859
10000060,30004770,PS-94K,-0.754397
10000060,30004771,8RQJ-2,-0.598111
10000060,30004772,KEE-N6,-0.227968
10000060,30004773,M2-XFE,-0.373276
10000060,30004774,5-CQDA,-0.491403
10000060,30004775,I-E3TG,-0.489287
10000060,30004776,S-6HHN,-0.913289
10000060,30004777,ZXB-VC,-0.900055
10000060,30004778,GY6A-L,-0.528848
10000060,30004779,UEXO-Z,-0.826357
10000060,30004780,9O-8W1,-0.77272
10000060,30004781,8F-TK3,-0.630438
10000060,30004782,PF-KUQ,-0.464327
10000060,30004783,N8D9-Z,-0.477049
10000060,30004784,F-9PXR,-0.061338
10000060,30004785,Y5C-YD,-0.241906
10000060,30004786,31X-RE,-0.36282
10000060,30004787,Q-02UL,-0.565322
10000060,30004788,7UTB-F,-0.861735
10000060,30004789,5-6QW7,-0.430568
10000060,30004790,7-K6UE,-0.846011
10000060,30004791,C6Y-ZF,-0.557071
10000060,30004792,6Z-CKS,-0.568951
10000060,30004793,G-M5L3,-0.778623
10000060,30004794,KBAK-I,-0.637346
10000060,30004795,M-SRKS,-0.228521
10000060,30004796,9GNS-2,-0.55231
10000060,30004797,YAW-7M,-0.759087
10000060,30004798,C3N-3S,-0.678023
10000060,30004799,CX8-6K,-0.413222
10000060,30004800,LWX-93,-0.896081
10000060,30004801,1-2J4P,-0.408417
10000060,30004802,M0O-JG,-0.059634
10000061,30004803,WB-AYY,-0.054353
10000061,30004804,BW-WJ2,-0.143327
10000061,30004805,S4-9DN,-0.093571
10000061,30004806,DT-PXH,-0.113461
10000061,30004807,UALX-3,-0.186762
10000061,30004808,3L3N-X,-0.1811
10000061,30004809,Y-ORBJ,-0.280437
10000061,30004810,6-IAFR,-0.240039
10000061,30004811,4-P4FE,-0.333248
10000061,30004812,RH0-EG,-0.348476
10000061,30004813,D-9UEV,-0.321372
10000061,30004814,H-HWQR,-0.352029
10000061,30004815,QRBN-M,-0.508753
10000061,30004816,78R-PI,-0.431326
10000061,30004817,ZD1-Z2,-0.338314
10000061,30004818,C-FD0D,-0.315514
10000061,30004819,S-9RCJ,-0.304478
10000061,30004820,ZMV9-A,-0.227749
10000061,30004821,FE-6YQ,-0.196768
10000061,30004822,W-16DY,-0.288007
10000061,30004823,M-4KDB,-0.252358
10000061,30004824,C3-0YD,-0.555453
10000061,30004825,PDF-3Z,-0.581264
10000061,30004826,9-MJVQ,-0.491263
10000061,30004827,L2GN-K,-0.446054
10000061,30004828,4-IT9G,-0.464797
10000061,30004829,PEK-8Z,-0.704309
10000061,30004830,2PG-KN,-0.763777
10000061,30004831,ABE-M2,-0.356306
10000061,30004832,IL-YTR,-0.589537
10000061,30004833,KW-OAM,-0.649992
10000061,30004834,U2U5-A,-0.417476
10000061,30004835,EQWO-Y,-0.355679
10000061,30004836,JK-Q77,-0.662891
10000061,30004837,QI9-42,-0.307586
10000061,30004838,YF-P4X,-0.237177
10000061,30004839,JI1-SY,-0.220373
10000061,30004840,X-1QGA,-0.164975
10000061,30004841,CCE-0J,-0.192628
10000061,30004842,T2-V8F,-0.250457
10000061,30004843,0VK-43,-0.134894
10000061,30004844,TY2X-C,-0.155575
10000061,30004845,Q0G-L8,-0.253307
10000061,30004846,Q5KZ-W,-0.455708
10000061,30004847,WE-KK2,-0.391061
10000061,30004848,B8HU-Z,-0.333617
10000061,30004849,16AM-3,-0.17265
10000061,30004850,A-REKV,-0.29415
10000061,30004851,BB-EKF,-0.167449
10000061,30004852,DZ6-I5,-0.186328
10000061,30004853,R-XDKM,-0.241617
10000061,30004854,G1-0UI,-0.333564
10000061,30004855,QCDG-H,-0.128554
10000061,30004856,XUDX-A,-0.247458
10000061,30004857,QLU-P0,-0.267145
10000061,30004858,OQTY-Z,-0.372093
10000061,30004859,Y-EQ0C,-0.078098
10000061,30004860,7M4C-F,-0.080072
10000061,30004861,MS1-KJ,-0.13407
10000061,30004862,8-BEW8,-0.235946
10000061,30004863,NZW-ZO,-0.346669
10000061,30004864,WSK-1A,-0.45172
10000061,30004865,5-NZNW,-0.220235
10000061,30004866,NR8S-Y,-0.157816
10000061,30004867,F-ZBO0,-0.189299
10000061,30004868,3Q1T-O,-0.218379
10000061,30004869,8-4KME,-0.271855
10000061,30004870,T6GY-Y,-0.493311
10000061,30004871,R1-IMO,-0.443523
10000061,30004872,7KIK-H,-0.31913
10000061,30004873,B-6STA,-0.596125
10000061,30004874,0P-U0Q,-0.482774
10000061,30004875,XGH-SH,-0.702163
10000061,30004876,G-D0N3,-0.720883
10000061,30004877,T-AKQZ,-0.703436
10000061,30004878,46DP-O,-0.661087
10000061,30004879,9-980U,-0.744671
10000061,30004880,EMIG-F,-0.698588
10000061,30004881,M-RPN3,-0.897758
10000061,30004882,ZO-P5K,-0.664501
10000061,30004883,JV1V-O,-1.0
10000062,30004884,9MWZ-B,-0.096447
10000062,30004885,LS-QLX,-0.090002
10000062,30004886,S-XZHU,-0.095042
10000062,30004887,CO-7BI,-0.089582
10000062,30004888,ZJG-7D,-0.082345
10000062,30004889,C-WPWH,-0.095025
10000062,30004890,VULA-I,-0.106452
10000062,30004891,R2TJ-1,-0.095599
10000062,30004892,G-B3PR,-0.13887
10000062,30004893,73-JQO,-0.090361
10000062,30004894,XPUM-L,-0.195378
10000062,30004895,KR8-27,-0.261501
10000062,30004896,LQ-AHE,-0.097359
10000062,30004897,LOI-L1,-0.299983
10000062,30004898,Y-MSJN,-0.355084
10000062,30004899,MJ-X5V,-0.376157
10000062,30004900,3FKU-H,-0.368783
10000062,30004901,M9-FIB,-0.414151
10000062,30004902,D2EZ-X,-0.461654
10000062,30004903,DJK-67,-0.397032
10000062,30004904,AXDX-F,-0.332244
10000062,30004905,J-4FNO,-0.343945
10000062,30004906,PEM-LC,-0.384958
10000062,30004907,X-EHHD,-0.305418
10000062,30004908,6T3I-L,-0.462821
10000062,30004909,QSF-EJ,-0.605805
10000062,30004910,L-AS00,-0.742009
10000062,30004911,NZPK-G,-0.468787
10000062,30004912,K-1OY3,-0.415037
10000062,30004913,MMUF-8,-0.433711
10000062,30004914,99-0GS,-0.351261
10000062,30004915,X-3AUU,-0.256664
10000062,30004916,H90-C9,-0.532198
10000062,30004917,0DD-MH,-0.407828
10000062,30004918,RI-JB1,-0.256695
10000062,30004919,NQH-MR,-0.337447
10000062,30004920,1I6F-9,-0.648329
10000062,30004921,Z-7OK1,-0.724244
10000062,30004922,UEP0-A,-0.753344
10000062,30004923,66-PMM,-0.935415
10000062,30004924,OKEO-X,-0.904498
10000062,30004925,7-8EOE,-0.965233
10000062,30004926,7L9-ZC,-1.0
10000063,30004927,L-YMYU,-0.094418
10000063,30004928,35-JWD,-0.016609
10000063,30004929,F-M1FU,-0.320772
10000063,30004930,0-NTIS,-0.027562
10000063,30004931,VR-YIQ,-0.071492
10000063,30004932,XZ-SKZ,-0.036864
10000063,30004933,I6M-9U,-0.041801
10000063,30004934,MG0-RD,-0.074919
10000063,30004935,TPAR-G,-0.142502
10000063,30004936,VYO-68,-0.185576
10000063,30004937,TCAG-3,-0.372875
10000063,30004938,UR-E46,-0.544897
10000063,30004939,CW9-1Y,-0.164839
10000063,30004940,1-NJLK,-0.302485
10000063,30004941,Y-CWQY,-0.762607
10000063,30004942,8KR9-5,-0.231319
10000063,30004943,VQE-CN,-0.555477
10000063,30004944,L5D-ZL,-0.920067
10000063,30004945,G-C8QO,-0.218294
10000063,30004946,EIMJ-M,-0.919092
10000063,30004947,0A-KZ0,-0.664226
10000063,30004948,E-DOF2,-0.478252
10000063,30004949,48I1-X,-0.558587
10000063,30004950,0OTX-J,-0.423783
10000063,30004951,3OP-3E,-0.299156
10000063,30004952,JZL-VB,-0.080376
10000063,30004953,RJ3H-0,-0.52745
10000063,30004954,08S-39,-0.853429
10000063,30004955,ZU-MS3,-0.261261
10000063,30004956,HIX4-H,-0.36847
10000063,30004957,GR-J8B,-0.372053
10000063,30004958,OY0-2T,-0.553947
10000063,30004959,E2-RDQ,-0.924019
10000063,30004960,TN25-J,-0.951139
10000063,30004961,PA-VE3,-0.446829
10000063,30004962,G-Q5JU,-0.726918
10000063,30004963,RYQC-I,-0.365761
10000063,30004964,1E-W5I,-0.374566
10000063,30004965,Z-M5A1,-0.916639
10000063,30004966,MVUO-F,-1.0
10000064,30004967,Luminaire,0.949
10000064,30004968,Mies,0.947378
10000064,30004969,Oursulaert,0.890615
10000064,30004970,Renyn,0.898199
10000064,30004971,Duripant,0.949
10000064,30004972,Algogille,0.925366
10000064,30004973,Caslemon,0.578162
10000064,30004974,Jolevier,0.876884
10000064,30004975,Mesybier,0.470379
10000064,30004976,Charmerout,0.55492
10000064,30004977,Yvangier,0.397838
10000064,30004978,Pemene,0.450192
10000064,30004979,Heydieles,0.306625
10000064,30004980,Fliet,0.345511
10000064,30004981,Actee,0.501465
10000064,30004982,Indregulle,0.241979
10000064,30004983,Amane,0.552848
10000064,30004984,Abune,0.285634
10000064,30004985,Deven,0.317772
10000064,30004986,Estaunitte,0.428204
10000064,30004987,Deninard,0.709388
10000064,30004988,Hulmate,0.431834
10000064,30004989,Annages,0.660626
10000064,30004990,Onne,0.38828
10000064,30004991,Vitrauze,0.299746
10000064,30004992,Palmon,0.44971
10000064,30004993,Villore,0.9
10000064,30004994,Arant,0.604753
10000064,30004995,Allamotte,0.590297
10000064,30004996,Obalyu,0.423577
10000064,30004997,Vifrevaert,0.394994
10000064,30004998,Parts,0.370082
10000064,30004999,Ladistier,0.285
10000064,30005000,Old Man Star,0.335687
10000064,30005001,Arnon,0.8
10000064,30005002,Laurvier,0.73105
10000064,30005003,Adirain,0.423686
10000064,30005004,Attyn,0.669496
10000070,30005005,Ignebaener,-1.0
10000064,30005006,Aere,0.609062
10000064,30005007,Lisbaetanne,0.373263
10000064,30005008,Aeschee,0.15653
10000064,30005009,Allebin,0.460556
10000064,30005010,Atlulle,0.404096
10000064,30005011,Droselory,0.541253
10000064,30005012,Haine,0.436471
10000064,30005013,Perckhevin,0.53179
10000064,30005014,Isenan,0.254427
10000064,30005015,Synchelle,0.870733
10000064,30005016,Wysalan,0.822095
10000064,30005017,Yona,0.82519
10000064,30005018,Noghere,0.680809
10000064,30005019,Aporulie,0.78874
10000064,30005020,Seyllin,0.413983
10000064,30005021,Adrel,0.55232
10000064,30005022,Ane,0.309508
10000064,30005023,Clorteler,0.515623
10000064,30005024,Atlangeins,0.880487
10000064,30005025,Derririntel,0.818801
10000064,30005026,Cat,0.677354
10000064,30005027,Ommare,0.726706
10000064,30005028,Andole,0.753389
10000070,30005029,Vale,-1.0
10000065,30005030,Fensi,0.396833
10000065,30005031,Nebian,0.351497
10000065,30005032,Khabara,0.340894
10000065,30005033,Jeni,0.331892
10000065,30005034,Bridi,0.395947
10000065,30005035,Ami,0.438171
10000065,30005036,Amdonen,0.640655
10000065,30005037,Mora,0.932524
10000065,30005038,Kor-Azor Prime,0.913908
10000065,30005039,Leva,0.617346
10000065,30005040,Nishah,0.576118
10000065,30005041,Masanuh,0.695141
10000065,30005042,Sehmy,0.949
10000065,30005043,Nakregde,0.830615
10000065,30005044,Danyana,0.773588
10000065,30005045,Nahyeen,0.770299
10000065,30005046,Jinkah,0.847549
10000065,30005047,Nibainkier,0.700486
10000065,30005048,Polfaly,0.830126
10000065,30005049,Andrub,0.673856
10000065,30005050,Kulu,0.572365
10000065,30005051,Choga,0.581821
10000065,30005052,Soumi,0.601999
10000065,30005053,Imih,0.573442
10000065,30005054,Nare,0.648393
10000065,30005055,Zinkon,0.708413
10000065,30005056,Kizama,0.666936
10000065,30005057,Shaha,0.598175
10000065,30005058,Neesher,0.51806
10000065,30005059,Misha,0.494895
10000065,30005060,Ordion,0.504533
10000065,30005061,Perbhe,0.351467
10000065,30005062,Abath,0.166406
10000065,30005063,Schmaeel,0.174403
10000065,30005064,Mafra,0.119443
10000065,30005065,Arzi,0.138333
10000065,30005066,Kerying,0.16002
10000065,30005067,Zorenyen,0.11123
10000065,30005068,Oguser,0.217083
10000065,30005069,Nahol,0.554274
10000065,30005070,Tadadan,0.452806
10000065,30005071,Tralasa,0.559158
10000065,30005072,Gademam,0.391041
10000065,30005073,Pananan,0.201047
10000065,30005074,Daran,0.231621
10000065,30005075,Latari,0.56205
10000065,30005076,Shokal,0.499439
10000065,30005077,Atarli,0.44219
10000065,30005078,Keproh,0.453541
10000065,30005079,Zatamaka,0.408385
10000065,30005080,Rannoze,0.398826
10000065,30005081,Piri,0.455878
10000065,30005082,Enal,0.407628
10000065,30005083,Jedandan,0.419224
10000065,30005084,Miroona,0.415573
10000065,30005085,Ranni,0.367557
10000065,30005086,Arza,0.327651
10000065,30005087,Liparer,0.449136
10000066,30005088,B-B0ME,-0.521929
10000066,30005089,TDP-T3,-0.475821
10000066,30005090,H-HGGJ,-0.198199
10000066,30005091,OJT-J3,-0.350243
10000066,30005092,A9-F18,-0.180007
10000066,30005093,DE-IHK,-0.511459
10000066,30005094,AY9X-Q,-0.172806
10000066,30005095,XU7-CH,-0.351564
10000066,30005096,2V-ZHM,-0.353427
10000066,30005097,V-3K7C,-0.437438
10000066,30005098,AK-L0Z,-0.197582
10000066,30005099,R-AG7W,-0.275651
10000066,30005100,E-WMT7,-0.143925
10000066,30005101,FLK-LJ,-0.183533
10000066,30005102,0FG-KS,-0.197789
10000066,30005103,F-5WYK,-0.472881
10000066,30005104,EF-QZK,-0.653067
10000066,30005105,RZ3O-K,-0.432109
10000066,30005106,LW-YEW,-0.487683
10000066,30005107,HB-KSF,-0.435965
10000066,30005108,EH2I-P,-0.408649
10000066,30005109,OP7-BP,-0.299955
10000066,30005110,5ZU-VG,-0.197647
10000066,30005111,6-1T6Z,-0.516026
10000066,30005112,R-AYGT,-0.57275
10000066,30005113,G-GRSZ,-0.592578
10000066,30005114,6-8QLA,-0.516424
10000066,30005115,5T-A3D,-0.199714
10000066,30005116,H-FOYG,-0.185876
10000066,30005117,1A8-6G,-0.270929
10000066,30005118,PE-SAM,-0.354531
10000066,30005119,RY-2FX,-0.361787
10000066,30005120,K-3PQW,-0.629908
10000066,30005121,4-M1TY,-0.812031
10000066,30005122,C6CG-W,-0.623083
10000066,30005123,H-29TM,-0.123471
10000066,30005124,KOI8-Z,-0.097695
10000066,30005125,D-QJR9,-0.067693
10000066,30005126,U4-V3J,-0.132307
10000066,30005127,B9N2-2,-0.061793
10000066,30005128,6Q4-X6,-0.084887
10000066,30005129,BEG-RL,-0.599436
10000066,30005130,972C-1,-0.371797
10000066,30005131,U-W436,-0.547341
10000066,30005132,Z-ENUD,-0.504997
10000066,30005133,MJ-5F9,-0.619503
10000066,30005134,M5NO-B,-0.322296
10000066,30005135,JZ-UQC,-0.688131
10000066,30005136,JPEZ-R,-0.276428
10000066,30005137,9WVY-F,-0.78479
10000066,30005138,7M4-4C,-0.468539
10000066,30005139,2-YO2K,-0.176489
10000066,30005140,M-SG47,-0.193763
10000066,30005141,SR-10Z,-0.165802
10000066,30005142,W-KXEX,-0.325469
10000066,30005143,TAL1-3,-0.171495
10000066,30005144,QHY-RU,-0.158835
10000066,30005145,7AH-SF,-0.531749
10000066,30005146,7MMJ-3,-0.575958
10000066,30005147,PVF-N9,-0.616277
10000066,30005148,9-EXU9,-0.340475
10000066,30005149,4-1ECP,-0.472552
10000066,30005150,UYOC-1,-0.503325
10000066,30005151,5-U12M,-0.680478
10000066,30005152,5V-Q1R,-0.675614
10000066,30005153,M4-KX5,-0.587984
10000066,30005154,4F9Y-3,-0.586606
10000066,30005155,MS-RXH,-0.630137
10000066,30005156,U-3FKL,-0.446316
10000066,30005157,0XN-SK,-0.577452
10000066,30005158,J9A-BH,-0.280864
10000066,30005159,4F6-VZ,-0.483446
10000066,30005160,B-7LYC,-0.206962
10000066,30005161,JM0A-4,-0.576854
10000066,30005162,PT-2KR,-0.227994
10000066,30005163,L-POLO,-0.411444
10000066,30005164,8B-A4E,-0.461825
10000066,30005165,49V-E4,-0.190698
10000066,30005166,3LL-O0,-0.515204
10000066,30005167,A1F-22,-0.783978
10000066,30005168,9-ZA4Z,-0.408799
10000066,30005169,IU-E9T,-0.434273
10000066,30005170,NGM-OK,-0.416742
10000066,30005171,O-QKSM,-0.409616
10000066,30005172,QKQ3-L,-0.644716
10000066,30005173,VWES-Y,-1.0
10000066,30005174,SY-OLX,-0.619079
10000066,30005175,XY-ZCI,-0.832726
10000066,30005176,7JRA-G,-0.726115
10000066,30005177,W-CSFY,-0.622987
10000066,30005178,PFV-ZH,-0.312813
10000066,30005179,L5Y4-M,-0.174127
10000066,30005180,9IZ-HU,-0.384283
10000066,30005181,OBV-YC,-0.329757
10000066,30005182,2AUL-X,-0.347437
10000066,30005183,F-HQWV,-0.544955
10000066,30005184,F-A3TR,-0.479261
10000066,30005185,PA-ALN,-0.472431
10000066,30005186,01B-88,-0.742571
10000066,30005187,F18-AY,-0.82218
10000066,30005188,RZ8A-P,-0.957327
10000066,30005189,MTO2-2,-1.0
10000066,30005190,C3I-D5,-0.976944
10000066,30005191,0-U2M4,-0.899601
10000067,30005192,Shera,0.598078
10000067,30005193,Lor,0.519172
10000067,30005194,Cleyd,0.481204
10000067,30005195,Vecamia,0.444391
10000067,30005196,Ahbazon,0.42052
10000067,30005197,Atreen,0.458912
10000067,30005198,Pakhshi,0.845483
10000067,30005199,Tar,0.756677
10000067,30005200,Tekaima,0.594752
10000067,30005201,Manarq,0.815666
10000067,30005202,Emsar,0.712929
10000067,30005203,Ourapheh,0.86196
10000067,30005204,Yulai,0.949
10000067,30005205,Tarta,0.498364
10000067,30005206,Kemerk,0.76699
10000067,30005207,Nardiarang,0.431209
10000067,30005208,Ziasad,0.442405
10000067,30005209,Sibe,0.456226
10000067,30005210,Makhwasan,0.41512
10000067,30005211,Zarer,0.368477
10000067,30005212,Toon,0.35355
10000067,30005213,Hesarid,0.373222
10000067,30005214,Ashokon,0.70007
10000067,30005215,Avyuh,0.565884
10000067,30005216,Apanake,0.488194
10000067,30005217,Sheroo,0.599966
10000067,30005218,Sosh,0.517312
10000067,30005219,Sigga,0.542145
10000067,30005220,Keseya,0.60596
10000067,30005221,Zoohen,0.467727
10000067,30005222,Serren,0.458879
10000067,30005223,Hadji,0.492759
10000067,30005224,Assez,0.442118
10000067,30005225,Alal,0.443534
10000067,30005226,Dom-Aphis,0.436359
10000067,30005227,Iderion,0.474549
10000067,30005228,Chamja,0.430897
10000067,30005229,Diaderi,0.771331
10000067,30005230,Manatirid,0.548526
10000067,30005231,Pashanai,0.457643
10000067,30005232,Pamah,0.497449
10000067,30005233,Leran,0.419951
10000067,30005234,Beke,0.34512
10000067,30005235,Malma,0.533899
10000067,30005236,Noranim,0.337221
10000067,30005237,Chej,0.283449
10000067,30005238,Menai,0.341403
10000067,30005239,Aring,0.267324
10000067,30005240,Gayar,0.299476
10000067,30005241,Petidu,0.314413
10000067,30005242,Naka,0.296671
10000067,30005243,Madomi,0.587495
10000067,30005244,Gergish,0.582956
10000067,30005245,Tahli,0.561845
10000067,30005246,Imya,0.518441
10000067,30005247,Kobam,0.540642
10000067,30005248,Hirizan,0.492196
10000067,30005249,Anyed,0.560068
10000067,30005250,Habu,0.635428
10000067,30005251,Asanot,0.450305
10000067,30005252,Anzalaisio,0.454556
10000067,30005253,Chiga,0.729136
10000067,30005254,Abhan,0.578663
10000067,30005255,Saphthar,0.314386
10000067,30005256,Itrin,0.388429
10000067,30005257,Bantish,0.305946
10000067,30005258,Korridi,0.324548
10000067,30005259,Lela,0.345111
10000067,30005260,Keri,0.364385
10000067,30005261,Antem,0.31288
10000067,30005262,Djimame,0.275479
10000067,30005263,Mozzidit,0.286676
10000067,30005264,Angur,0.177585
10000067,30005265,Hangond,0.20829
10000067,30005266,Access,0.164283
10000067,30005267,Bherdasopt,0.481232
10000067,30005268,Gonditsa,0.342482
10000067,30005269,Simela,0.513945
10000067,30005270,Shalne,0.306287
10000067,30005271,Shapisin,0.349652
10000067,30005272,Olin,0.311446
10000067,30005273,Galnafsad,0.237473
10000067,30005274,Otakod,0.332115
10000067,30005275,Azedi,0.274415
10000067,30005276,Sharza,0.297987
10000067,30005277,Pirna,0.2999
10000067,30005278,Seshi,0.319564
10000067,30005279,Anara,0.357107
10000067,30005280,Partod,0.393993
10000067,30005281,Exit,0.172101
10000067,30005282,Gateway,0.168689
10000067,30005283,Central Point,0.233736
10000067,30005284,Promised Land,0.278632
10000067,30005285,Dead End,0.248419
10000067,30005286,New Eden,0.260554
10000067,30005287,Canard,0.284207
10000067,30005288,Girani-Fa,0.586957
10000067,30005289,Nasreri,0.525594
10000067,30005290,Heorah,0.537723
10000067,30005291,Ebasez,0.491687
10000067,30005292,Agal,0.53587
10000067,30005293,Doza,0.573759
10000067,30005294,Bania,0.478834
10000068,30005295,Murethand,0.286453
10000068,30005296,Melmaniel,0.255253
10000068,30005297,Ouelletta,0.418579
10000068,30005298,Costolle,0.20681
10000068,30005299,Muetralle,0.239964
10000068,30005300,Loes,0.265936
10000068,30005301,Tourier,0.911134
10000068,30005302,Alenia,0.923913
10000068,30005303,Merolles,0.884628
10000068,30005304,Alentene,0.866783
10000068,30005305,Cistuvaert,0.949
10000068,30005306,Vaere,0.821577
10000068,30005307,Aidart,0.612358
10000068,30005308,Jufvitte,0.520488
10000068,30005309,Ansalle,0.620712
10000068,30005310,Scheenins,0.537429
10000068,30005311,Amygnon,0.637569
10000068,30005312,Gisleres,0.761383
10000068,30005313,Ellmay,0.861044
10000068,30005314,Theruesse,0.879221
10000068,30005315,Eletta,0.943509
10000068,30005316,Luse,0.892424
10000068,30005317,Ekuenbiron,0.793052
10000068,30005318,Vay,0.758522
10000068,30005319,Raneilles,0.550235
10000068,30005320,Hevrice,0.418609
10000068,30005321,Jovainnon,0.298141
10000068,30005322,Scolluzer,0.822736
10000068,30005323,Sortet,0.775814
10000068,30005324,Claulenne,0.718714
10000068,30005325,Masalle,0.783203
10000068,30005326,Annelle,0.757017
10000068,30005327,Chesiette,0.572705
10000068,30005328,Reblier,0.398014
10000068,30005329,Amoderia,0.404852
10000068,30005330,Arraron,0.471987
10000068,30005331,Chantrousse,0.639317
10000068,30005332,Osmomonne,0.768066
10000068,30005333,Stou,0.518818
10000068,30005334,Tierijev,0.83797
10000070,30010141,Sakenta,-1.0
10000016,30011392,Jouvulen,0.889763
10000016,30011407,Akiainavas,0.745255
10000020,30011672,Kerepa,0.949
10000030,30012505,Malukker,0.949
10000030,30012547,Hadaugago,0.948772
10000032,30012715,Odotte,0.871647
10000042,30013410,Abrat,0.949
10000043,30013489,Deepari,0.914173
10000064,30014971,Couster,0.902461
10000052,30015042,Akhwa,0.879637
10000068,30015305,Adallier,0.885123
10000070,30020141,Senda,-1.0
10000016,30021392,Kappas,0.869985
10000002,30021407,Aokannitoh,0.949
10000020,30021672,Pasha,0.914349
10000042,30022505,Orgron,0.949
10000030,30022547,Krilmokenur,0.911701
10000032,30022715,Oirtlair,0.901727
10000042,30023410,Embod,0.949
10000043,30023489,Fora,0.91288
10000064,30024971,Hecarrin,0.827598
10000065,30025042,Annad,0.821071
10000068,30025305,Channace,0.899808
10000002,30030141,Uitra,0.924096
10000070,30031392,Komo,-1.0
10000016,30031407,Hitanishio,0.946749
10000020,30031672,Safilbab,0.949
10000030,30032505,Todeko,0.949
10000030,30032547,Larkugei,0.932643
10000032,30032715,Olelon,0.920964
10000042,30033410,Erego,0.928317
10000043,30033489,Hanan,0.907532
10000064,30034971,Henebene,0.837329
10000065,30035042,Chaktaren,0.80241
10000068,30035305,Clacille,0.870855
10000070,30040141,Urhinichi,-1.0
10000033,30041392,Laah,0.919513
10000016,30041407,Ichinumi,0.878246
10000020,30041672,Seitam,0.937362
10000030,30042505,Usteli,0.949
10000030,30042547,Loguttur,0.949
10000032,30042715,Trossere,0.91441
10000042,30043410,Fildar,0.949
10000043,30043489,Horir,0.915999
10000064,30044971,Mesokel,0.857655
10000065,30045042,Conoban,0.905249
10000068,30045305,Clellinon,0.848466
10000069,30045306,Hykanima,0.246859
10000069,30045307,Okagaiken,0.140077
10000069,30045308,Kehjari,0.247581
10000069,30045309,Villasen,0.140693
10000069,30045310,Sarenemi,0.216852
10000069,30045311,Ashitsu,0.264888
10000069,30045312,Korasen,0.128991
10000069,30045313,Ienakkamon,0.107988
10000069,30045314,Kinakka,0.415623
10000069,30045315,Raihbaka,0.3798
10000069,30045316,Innia,0.317139
10000069,30045317,Iralaja,0.319767
10000069,30045318,Martoh,0.382837
10000069,30045319,Eha,0.397185
10000069,30045320,Pavanakka,0.395649
10000069,30045321,Uchomida,0.494727
10000069,30045322,Samanuni,0.652785
10000069,30045323,Astoh,0.612424
10000069,30045324,Onnamon,0.555534
10000069,30045325,Rohamaa,0.504717
10000069,30045326,Uuhulanen,0.492079
10000069,30045327,Tsuruma,0.542633
10000070,30045328,Ahtila,-1.0
10000070,30045329,Ichoriya,-1.0
10000069,30045330,Okkamon,0.285364
10000069,30045331,Vaaralen,0.313497
10000069,30045332,Asakai,0.256374
10000069,30045333,Prism,0.235087
10000069,30045334,Mushikegi,0.433612
10000069,30045335,Teskanen,0.287172
10000069,30045336,Elunala,0.252598
10000069,30045337,Ikoskio,0.283312
10000069,30045338,Hikkoken,0.342755
10000069,30045339,Enaluri,0.327798
10000069,30045340,Aivonen,0.37733
10000069,30045341,Hallanen,0.364361
10000069,30045342,Akidagi,0.444939
10000069,30045343,Immuri,0.42116
10000069,30045344,Nennamaila,0.274258
10000069,30045345,Hirri,0.335504
10000069,30045346,Kedama,0.338464
10000069,30045347,Oinasiken,0.233714
10000069,30045348,Notoras,0.188791
10000069,30045349,Rakapas,0.22278
10000069,30045350,Teimo,0.273208
10000069,30045351,Iwisoda,0.23836
10000069,30045352,Nisuwa,0.309433
10000069,30045353,Pynekastoh,0.239633
10000069,30045354,Reitsato,0.18951
10001000,30100000,Zarzakh,-1.0
10001004,30100032,Manifest,1.0
10001004,30100033,Gallant,1.0
10001004,30100034,Fortitude,1.0
10001004,30100035,Forte,1.0
10001004,30100036,Triumph,1.0
10001004,30100037,Decorum,1.0
10001004,30100038,Lustre,1.0
10001004,30100039,Celerity,1.0
10001004,30100040,Ratiocinate,1.0
10001004,30100041,Rigor,1.0
10001004,30100042,Lenity,1.0
10001004,30100043,Steadfast,1.0
10001004,30100044,Couth,1.0
10001004,30100045,Mettle,1.0
10001004,30100046,Venerate,1.0
10001004,30100047,Repute,1.0
10001004,30100048,Adroit,1.0
10001004,30100049,Sagacity,1.0
10001004,30100050,Erudite,1.0
10001004,30100051,Solemn,1.0
10001004,30100052,Tenacity,1.0
10001004,30100053,Valiance,1.0
10001004,30100054,Chivalric,1.0
10001004,30100055,Equity,1.0
10001004,30100056,Abstention,1.0
10001004,30100057,Tiberis,1.0
10001004,30100058,Rotonos,1.0
10001004,30100059,Ligare,1.0
10001004,30100060,Axiosere,1.0
10001004,30100061,Waison,1.0
10001004,30100062,Maso,1.0
10001004,30100063,Mondaekus,1.0
10001004,30100064,Kita-Aino,1.0
10001004,30100065,Aldoras,1.0
10001004,30100066,Pamirasu,1.0
10001004,30100067,Hotak,1.0
10001004,30100068,Dyka-hau,1.0
10001004,30100069,Urtasvaar,1.0
10001004,30100070,Tatrys,1.0
10001004,30100071,Vatna,1.0
10001004,30100072,Tungna,1.0
10001004,30100073,Dranga,1.0
10001004,30100074,Tindfjalla,1.0
10001004,30100075,Lang,1.0
10001004,30100076,Hofs,1.0
10001004,30100077,Dettisolin,1.0
10001004,30100078,Adaz,1.0
10001004,30100079,Mazor,1.0
10001004,30100080,Kanta,1.0
10001004,30100081,Taikud,1.0
10001004,30100082,Vaejra,1.0
10001004,30100083,Sakizra,1.0
10001004,30100084,Ichorah,1.0
11000033,31000001,Sentinel MZ,-0.99
11000033,31000002,Liberated Barbican,-0.99
11000033,31000003,Sanctified Vidette,-0.99
11000033,31000004,Conflux Eyrie,-0.99
11000031,31000005,Thera,-0.99
11000033,31000006,Azdaja Redoubt,-0.99
11000001,31000007,J105443,-0.99
11000001,31000008,J100744,-0.99
11000001,31000009,J225046,-0.99
11000001,31000010,J160837,-0.99
11000001,31000011,J114700,-0.99
11000001,31000012,J134914,-0.99
11000001,31000013,J102655,-0.99
11000001,31000014,J134312,-0.99
11000001,31000015,J205818,-0.99
11000001,31000016,J113434,-0.99
11000001,31000017,J105711,-0.99
11000001,31000018,J164218,-0.99
11000001,31000019,J154535,-0.99
11000001,31000020,J111301,-0.99
11000001,31000021,J135038,-0.99
11000001,31000022,J121358,-0.99
11000001,31000023,J222914,-0.99
11000001,31000024,J155429,-0.99
11000001,31000025,J204640,-0.99
11000001,31000026,J162604,-0.99
11000001,31000027,J164807,-0.99
11000001,31000028,J233317,-0.99
11000001,31000029,J155023,-0.99
11000001,31000030,J112628,-0.99
11000001,31000031,J153001,-0.99
11000001,31000032,J143204,-0.99
11000001,31000033,J101729,-0.99
11000001,31000034,J221203,-0.99
11000001,31000035,J125428,-0.99
11000001,31000036,J131854,-0.99
11000001,31000037,J160534,-0.99
11000001,31000038,J144855,-0.99
11000001,31000039,J101453,-0.99
11000001,31000040,J144913,-0.99
11000001,31000041,J144530,-0.99
11000001,31000042,J135411,-0.99
11000001,31000043,J125713,-0.99
11000001,31000044,J105521,-0.99
11000001,31000045,J224324,-0.99
11000001,31000046,J163203,-0.99
11000001,31000047,J171818,-0.99
11000001,31000048,J145337,-0.99
11000001,31000049,J150131,-0.99
11000001,31000050,J130842,-0.99
11000001,31000051,J145406,-0.99
11000001,31000052,J103404,-0.99
11000001,31000053,J112124,-0.99
11000001,31000054,J124926,-0.99
11000001,31000055,J232605,-0.99
11000001,31000056,J144938,-0.99
11000001,31000057,J233828,-0.99
11000001,31000058,J130714,-0.99
11000001,31000059,J142701,-0.99
11000001,31000060,J154226,-0.99
11000001,31000061,J125843,-0.99
11000001,31000062,J155459,-0.99
11000001,31000063,J225555,-0.99
11000001,31000064,J115549,-0.99
11000001,31000065,J140741,-0.99
11000001,31000066,J104140,-0.99
11000001,31000067,J101757,-0.99
11000001,31000068,J100250,-0.99
11000001,31000069,J113721,-0.99
11000001,31000070,J105039,-0.99
11000001,31000071,J233550,-0.99
11000001,31000072,J114033,-0.99
11000001,31000073,J105936,-0.99
11000001,31000074,J140121,-0.99
11000001,31000075,J154029,-0.99
11000001,31000076,J101336,-0.99
11000001,31000077,J160039,-0.99
11000001,31000078,J161257,-0.99
11000001,31000079,J144303,-0.99
11000001,31000080,J121131,-0.99
11000001,31000081,J113653,-0.99
11000001,31000082,J123454,-0.99
11000001,31000083,J110750,-0.99
11000001,31000084,J151106,-0.99
11000001,31000085,J100040,-0.99
11000001,31000086,J223733,-0.99
11000001,31000087,J110431,-0.99
11000001,31000088,J134446,-0.99
11000001,31000089,J143202,-0.99
11000001,31000090,J210436,-0.99
11000001,31000091,J133030,-0.99
11000001,31000092,J170645,-0.99
11000001,31000093,J103151,-0.99
11000001,31000094,J222206,-0.99
11000001,31000095,J130602,-0.99
11000001,31000096,J123708,-0.99
11000001,31000097,J123831,-0.99
11000001,31000098,J164927,-0.99
11000001,31000099,J134143,-0.99
11000001,31000100,J214534,-0.99
11000001,31000101,J135250,-0.99
11000001,31000102,J111707,-0.99
11000001,31000103,J135245,-0.99
11000001,31000104,J101408,-0.99
11000001,31000105,J215117,-0.99
11000001,31000106,J141019,-0.99
11000001,31000107,J102206,-0.99
11000001,31000108,J125903,-0.99
11000001,31000109,J134939,-0.99
11000001,31000110,J162641,-0.99
11000001,31000111,J152537,-0.99
11000001,31000112,J224442,-0.99
11000001,31000113,J104138,-0.99
11000001,31000114,J121516,-0.99
11000001,31000115,J114540,-0.99
11000001,31000116,J155013,-0.99
11000001,31000117,J144450,-0.99
11000001,31000118,J141239,-0.99
11000001,31000119,J115545,-0.99
11000001,31000120,J114905,-0.99
11000001,31000121,J120522,-0.99
11000001,31000122,J172907,-0.99
11000001,31000123,J164550,-0.99
11000001,31000124,J141812,-0.99
11000001,31000125,J134637,-0.99
11000001,31000126,J134132,-0.99
11000001,31000127,J125011,-0.99
11000001,31000128,J105942,-0.99
11000001,31000129,J171653,-0.99
11000001,31000130,J110213,-0.99
11000001,31000131,J115048,-0.99
11000001,31000132,J174405,-0.99
11000001,31000133,J123111,-0.99
11000001,31000134,J123047,-0.99
11000001,31000135,J231541,-0.99
11000001,31000136,J215900,-0.99
11000001,31000137,J110651,-0.99
11000001,31000138,J140602,-0.99
11000001,31000139,J163804,-0.99
11000002,31000140,J125209,-0.99
11000002,31000141,J140831,-0.99
11000002,31000142,J161811,-0.99
11000002,31000143,J112913,-0.99
11000002,31000144,J105632,-0.99
11000002,31000145,J160710,-0.99
11000002,31000146,J160835,-0.99
11000002,31000147,J122659,-0.99
11000002,31000148,J130931,-0.99
11000002,31000149,J161115,-0.99
11000002,31000150,J120734,-0.99
11000002,31000151,J110906,-0.99
11000002,31000152,J121418,-0.99
11000002,31000153,J113820,-0.99
11000002,31000154,J113506,-0.99
11000002,31000155,J172240,-0.99
11000002,31000156,J110101,-0.99
11000002,31000157,J110108,-0.99
11000002,31000158,J213555,-0.99
11000002,31000159,J144704,-0.99
11000002,31000160,J115815,-0.99
11000002,31000161,J133653,-0.99
11000002,31000162,J171700,-0.99
11000002,31000163,J104628,-0.99
11000002,31000164,J114546,-0.99
11000002,31000165,J235419,-0.99
11000002,31000166,J204503,-0.99
11000002,31000167,J215417,-0.99
11000002,31000168,J110545,-0.99
11000002,31000169,J153536,-0.99
11000002,31000170,J150407,-0.99
11000002,31000171,J153530,-0.99
11000002,31000172,J131232,-0.99
11000002,31000173,J101020,-0.99
11000002,31000174,J133613,-0.99
11000002,31000175,J165901,-0.99
11000002,31000176,J152006,-0.99
11000002,31000177,J160345,-0.99
11000002,31000178,J134330,-0.99
11000002,31000179,J213342,-0.99
11000002,31000180,J150745,-0.99
11000002,31000181,J165056,-0.99
11000002,31000182,J150827,-0.99
11000002,31000183,J144632,-0.99
11000002,31000184,J102630,-0.99
11000002,31000185,J133335,-0.99
11000002,31000186,J125925,-0.99
11000002,31000187,J142617,-0.99
11000002,31000188,J150818,-0.99
11000002,31000189,J114420,-0.99
11000002,31000190,J112250,-0.99
11000002,31000191,J155935,-0.99
11000002,31000192,J115738,-0.99
11000002,31000193,J232715,-0.99
11000002,31000194,J110051,-0.99
11000002,31000195,J152928,-0.99
11000002,31000196,J132216,-0.99
11000002,31000197,J132758,-0.99
11000002,31000198,J134145,-0.99
11000002,31000199,J102849,-0.99
11000002,31000200,J120335,-0.99
11000002,31000201,J104439,-0.99
11000002,31000202,J122717,-0.99
11000002,31000203,J101817,-0.99
11000002,31000204,J131551,-0.99
11000002,31000205,J115200,-0.99
11000002,31000206,J155029,-0.99
11000002,31000207,J223703,-0.99
11000002,31000208,J233359,-0.99
11000002,31000209,J114107,-0.99
11000002,31000210,J152014,-0.99
11000002,31000211,J100211,-0.99
11000002,31000212,J104103,-0.99
11000002,31000213,J171019,-0.99
11000002,31000214,J114313,-0.99
11000002,31000215,J130542,-0.99
11000002,31000216,J114719,-0.99
11000002,31000217,J130322,-0.99
11000002,31000218,J161524,-0.99
11000002,31000219,J162858,-0.99
11000002,31000220,J121158,-0.99
11000002,31000221,J113050,-0.99
11000002,31000222,J141514,-0.99
11000002,31000223,J220654,-0.99
11000002,31000224,J162118,-0.99
11000002,31000225,J231004,-0.99
11000002,31000226,J120621,-0.99
11000002,31000227,J151601,-0.99
11000002,31000228,J105837,-0.99
11000002,31000229,J143133,-0.99
11000002,31000230,J100422,-0.99
11000002,31000231,J104335,-0.99
11000002,31000232,J105700,-0.99
11000002,31000233,J215431,-0.99
11000002,31000234,J143628,-0.99
11000002,31000235,J141150,-0.99
11000002,31000236,J163743,-0.99
11000002,31000237,J161509,-0.99
11000002,31000238,J150629,-0.99
11000002,31000239,J141017,-0.99
11000002,31000240,J130045,-0.99
11000002,31000241,J123748,-0.99
11000002,31000242,J124051,-0.99
11000002,31000243,J151141,-0.99
11000002,31000244,J112129,-0.99
11000002,31000245,J213653,-0.99
11000002,31000246,J143649,-0.99
11000002,31000247,J223855,-0.99
11000002,31000248,J140019,-0.99
11000002,31000249,J110605,-0.99
11000002,31000250,J122843,-0.99
11000002,31000251,J205004,-0.99
11000002,31000252,J122114,-0.99
11000002,31000253,J163533,-0.99
11000002,31000254,J151518,-0.99
11000002,31000255,J122712,-0.99
11000002,31000256,J143002,-0.99
11000002,31000257,J160307,-0.99
11000002,31000258,J213932,-0.99
11000002,31000259,J102414,-0.99
11000002,31000260,J170949,-0.99
11000002,31000261,J235001,-0.99
11000002,31000262,J103320,-0.99
11000002,31000263,J141038,-0.99
11000002,31000264,J172003,-0.99
11000002,31000265,J124215,-0.99
11000002,31000266,J215754,-0.99
11000002,31000267,J102837,-0.99
11000002,31000268,J130155,-0.99
11000002,31000269,J170544,-0.99
11000002,31000270,J142649,-0.99
11000002,31000271,J150539,-0.99
11000002,31000272,J163156,-0.99
11000002,31000273,J120338,-0.99
11000002,31000274,J142941,-0.99
11000002,31000275,J110126,-0.99
11000002,31000276,J155504,-0.99
11000002,31000277,J144228,-0.99
11000002,31000278,J223650,-0.99
11000002,31000279,J102734,-0.99
11000002,31000280,J105232,-0.99
11000002,31000281,J133128,-0.99
11000002,31000282,J140135,-0.99
11000002,31000283,J115216,-0.99
11000002,31000284,J153311,-0.99
11000002,31000285,J164756,-0.99
11000002,31000286,J165216,-0.99
11000002,31000287,J114914,-0.99
11000002,31000288,J212504,-0.99
11000002,31000289,J120256,-0.99
11000002,31000290,J143421,-0.99
11000002,31000291,J223026,-0.99
11000002,31000292,J102918,-0.99
11000003,31000293,J142136,-0.99
11000003,31000294,J134540,-0.99
11000003,31000295,J124451,-0.99
11000003,31000296,J102749,-0.99
11000003,31000297,J165741,-0.99
11000003,31000298,J142119,-0.99
11000003,31000299,J105642,-0.99
11000003,31000300,J154354,-0.99
11000003,31000301,J102005,-0.99
11000003,31000302,J133052,-0.99
11000003,31000303,J103341,-0.99
11000003,31000304,J142114,-0.99
11000003,31000305,J152353,-0.99
11000003,31000306,J120431,-0.99
11000003,31000307,J103547,-0.99
11000003,31000308,J161107,-0.99
11000003,31000309,J160334,-0.99
11000003,31000310,J101845,-0.99
11000003,31000311,J171805,-0.99
11000003,31000312,J134610,-0.99
11000003,31000313,J173842,-0.99
11000003,31000314,J155203,-0.99
11000003,31000315,J121935,-0.99
11000003,31000316,J105013,-0.99
11000003,31000317,J161846,-0.99
11000003,31000318,J113632,-0.99
11000003,31000319,J170106,-0.99
11000003,31000320,J123828,-0.99
11000003,31000321,J172147,-0.99
11000003,31000322,J164759,-0.99
11000003,31000323,J212957,-0.99
11000003,31000324,J212338,-0.99
11000003,31000325,J115823,-0.99
11000003,31000326,J112744,-0.99
11000003,31000327,J121941,-0.99
11000003,31000328,J125650,-0.99
11000003,31000329,J161344,-0.99
11000003,31000330,J134833,-0.99
11000003,31000331,J143517,-0.99
11000003,31000332,J133245,-0.99
11000003,31000333,J113918,-0.99
11000003,31000334,J161644,-0.99
11000003,31000335,J152257,-0.99
11000003,31000336,J155833,-0.99
11000003,31000337,J151332,-0.99
11000003,31000338,J231306,-0.99
11000003,31000339,J171312,-0.99
11000003,31000340,J112406,-0.99
11000003,31000341,J212904,-0.99
11000003,31000342,J111811,-0.99
11000003,31000343,J104201,-0.99
11000003,31000344,J150216,-0.99
11000003,31000345,J112934,-0.99
11000003,31000346,J115808,-0.99
11000003,31000347,J121915,-0.99
11000003,31000348,J133259,-0.99
11000003,31000349,J150325,-0.99
11000003,31000350,J122224,-0.99
11000003,31000351,J131702,-0.99
11000003,31000352,J141807,-0.99
11000003,31000353,J142327,-0.99
11000003,31000354,J144822,-0.99
11000004,31000355,J164417,-0.99
11000004,31000356,J125227,-0.99
11000004,31000357,J113057,-0.99
11000004,31000358,J101524,-0.99
11000004,31000359,J124508,-0.99
11000004,31000360,J141156,-0.99
11000004,31000361,J222822,-0.99
11000004,31000362,J104253,-0.99
11000004,31000363,J144153,-0.99
11000004,31000364,J103406,-0.99
11000004,31000365,J133210,-0.99
11000004,31000366,J111740,-0.99
11000004,31000367,J125956,-0.99
11000004,31000368,J105951,-0.99
11000004,31000369,J141857,-0.99
11000004,31000370,J120726,-0.99
11000004,31000371,J155737,-0.99
11000004,31000372,J144605,-0.99
11000004,31000373,J144218,-0.99
11000004,31000374,J114835,-0.99
11000004,31000375,J134006,-0.99
11000004,31000376,J160941,-0.99
11000004,31000377,J111557,-0.99
11000004,31000378,J124219,-0.99
11000004,31000379,J155620,-0.99
11000004,31000380,J114346,-0.99
11000004,31000381,J153532,-0.99
11000004,31000382,J211936,-0.99
11000004,31000383,J211036,-0.99
11000004,31000384,J145805,-0.99
11000004,31000385,J151548,-0.99
11000004,31000386,J160412,-0.99
11000004,31000387,J104008,-0.99
11000004,31000388,J145715,-0.99
11000004,31000389,J235321,-0.99
11000004,31000390,J103339,-0.99
11000004,31000391,J132009,-0.99
11000004,31000392,J210548,-0.99
11000004,31000393,J235408,-0.99
11000004,31000394,J122821,-0.99
11000004,31000395,J121925,-0.99
11000004,31000396,J151047,-0.99
11000004,31000397,J111011,-0.99
11000004,31000398,J154212,-0.99
11000004,31000399,J130256,-0.99
11000004,31000400,J113230,-0.99
11000004,31000401,J132557,-0.99
11000004,31000402,J233534,-0.99
11000004,31000403,J232801,-0.99
11000004,31000404,J153627,-0.99
11000004,31000405,J134800,-0.99
11000004,31000406,J111508,-0.99
11000004,31000407,J143639,-0.99
11000004,31000408,J160753,-0.99
11000004,31000409,J151231,-0.99
11000004,31000410,J142547,-0.99
11000004,31000411,J142306,-0.99
11000004,31000412,J210422,-0.99
11000004,31000413,J112137,-0.99
11000004,31000414,J160715,-0.99
11000004,31000415,J145931,-0.99
11000004,31000416,J103217,-0.99
11000004,31000417,J143505,-0.99
11000004,31000418,J142533,-0.99
11000004,31000419,J112146,-0.99
11000004,31000420,J103839,-0.99
11000004,31000421,J152433,-0.99
11000004,31000422,J110408,-0.99
11000004,31000423,J205546,-0.99
11000004,31000424,J152801,-0.99
11000004,31000425,J120308,-0.99
11000004,31000426,J103948,-0.99
11000004,31000427,J112820,-0.99
11000004,31000428,J231837,-0.99
11000004,31000429,J110043,-0.99
11000004,31000430,J121454,-0.99
11000004,31000431,J230959,-0.99
11000004,31000432,J103408,-0.99
11000004,31000433,J162720,-0.99
11000004,31000434,J132418,-0.99
11000004,31000435,J164235,-0.99
11000004,31000436,J143429,-0.99
11000004,31000437,J134654,-0.99
11000004,31000438,J112801,-0.99
11000004,31000439,J110656,-0.99
11000004,31000440,J134951,-0.99
11000004,31000441,J155307,-0.99
11000004,31000442,J131204,-0.99
11000004,31000443,J213737,-0.99
11000004,31000444,J235117,-0.99
11000004,31000445,J164938,-0.99
11000004,31000446,J120310,-0.99
11000004,31000447,J144838,-0.99
11000004,31000448,J101307,-0.99
11000004,31000449,J172354,-0.99
11000004,31000450,J235447,-0.99
11000004,31000451,J124023,-0.99
11000004,31000452,J171424,-0.99
11000004,31000453,J150921,-0.99
11000004,31000454,J171518,-0.99
11000004,31000455,J140012,-0.99
11000004,31000456,J155616,-0.99
11000004,31000457,J234557,-0.99
11000004,31000458,J162700,-0.99
11000005,31000459,J103716,-0.99
11000005,31000460,J100640,-0.99
11000005,31000461,J151250,-0.99
11000005,31000462,J141332,-0.99
11000005,31000463,J211915,-0.99
11000005,31000464,J144546,-0.99
11000005,31000465,J145759,-0.99
11000005,31000466,J103422,-0.99
11000005,31000467,J130222,-0.99
11000005,31000468,J165357,-0.99
11000005,31000469,J105321,-0.99
11000005,31000470,J105803,-0.99
11000005,31000471,J130209,-0.99
11000005,31000472,J122832,-0.99
11000005,31000473,J143359,-0.99
11000005,31000474,J100447,-0.99
11000005,31000475,J115651,-0.99
11000005,31000476,J134323,-0.99
11000005,31000477,J160014,-0.99
11000005,31000478,J110823,-0.99
11000005,31000479,J100246,-0.99
11000005,31000480,J131221,-0.99
11000005,31000481,J145155,-0.99
11000005,31000482,J114405,-0.99
11000005,31000483,J215537,-0.99
11000005,31000484,J172551,-0.99
11000005,31000485,J131107,-0.99
11000005,31000486,J113108,-0.99
11000005,31000487,J172556,-0.99
11000005,31000488,J123450,-0.99
11000005,31000489,J135809,-0.99
11000005,31000490,J212319,-0.99
11000005,31000491,J104210,-0.99
11000005,31000492,J170038,-0.99
11000005,31000493,J104115,-0.99
11000005,31000494,J114758,-0.99
11000005,31000495,J231517,-0.99
11000005,31000496,J114055,-0.99
11000005,31000497,J120619,-0.99
11000005,31000498,J213058,-0.99
11000005,31000499,J162430,-0.99
11000005,31000500,J120928,-0.99
11000005,31000501,J132918,-0.99
11000005,31000502,J105203,-0.99
11000005,31000503,J104328,-0.99
11000005,31000504,J130854,-0.99
11000005,31000505,J164130,-0.99
11000005,31000506,J110316,-0.99
11000005,31000507,J122331,-0.99
11000005,31000508,J133419,-0.99
11000005,31000509,J150137,-0.99
11000005,31000510,J140112,-0.99
11000005,31000511,J125721,-0.99
11000005,31000512,J154515,-0.99
11000005,31000513,J135703,-0.99
11000005,31000514,J102347,-0.99
11000005,31000515,J234942,-0.99
11000005,31000516,J134618,-0.99
11000005,31000517,J154858,-0.99
11000005,31000518,J132052,-0.99
11000005,31000519,J114046,-0.99
11000005,31000520,J150859,-0.99
11000005,31000521,J151615,-0.99
11000005,31000522,J122246,-0.99
11000005,31000523,J132559,-0.99
11000005,31000524,J230207,-0.99
11000005,31000525,J140308,-0.99
11000005,31000526,J140642,-0.99
11000005,31000527,J114306,-0.99
11000005,31000528,J154606,-0.99
11000005,31000529,J135910,-0.99
11000005,31000530,J132024,-0.99
11000005,31000531,J160311,-0.99
11000005,31000532,J142239,-0.99
11000005,31000533,J101149,-0.99
11000005,31000534,J154538,-0.99
11000005,31000535,J144426,-0.99
11000005,31000536,J150341,-0.99
11000005,31000537,J122124,-0.99
11000005,31000538,J112614,-0.99
11000005,31000539,J145316,-0.99
11000005,31000540,J215736,-0.99
11000005,31000541,J163138,-0.99
11000005,31000542,J100033,-0.99
11000005,31000543,J170552,-0.99
11000005,31000544,J104820,-0.99
11000005,31000545,J131240,-0.99
11000005,31000546,J120442,-0.99
11000005,31000547,J105000,-0.99
11000005,31000548,J164507,-0.99
11000005,31000549,J144956,-0.99
11000005,31000550,J114712,-0.99
11000005,31000551,J211908,-0.99
11000005,31000552,J150700,-0.99
11000005,31000553,J164931,-0.99
11000005,31000554,J121412,-0.99
11000005,31000555,J145211,-0.99
11000005,31000556,J174449,-0.99
11000005,31000557,J133015,-0.99
11000005,31000558,J134534,-0.99
11000005,31000559,J153229,-0.99
11000005,31000560,J133557,-0.99
11000006,31000561,J150807,-0.99
11000006,31000562,J110413,-0.99
11000006,31000563,J105352,-0.99
11000006,31000564,J161246,-0.99
11000006,31000565,J125927,-0.99
11000006,31000566,J130650,-0.99
11000006,31000567,J142826,-0.99
11000006,31000568,J152737,-0.99
11000006,31000569,J225316,-0.99
11000006,31000570,J163146,-0.99
11000006,31000571,J134107,-0.99
11000006,31000572,J104850,-0.99
11000006,31000573,J131124,-0.99
11000006,31000574,J123435,-0.99
11000006,31000575,J150853,-0.99
11000006,31000576,J170558,-0.99
11000006,31000577,J214238,-0.99
11000006,31000578,J110538,-0.99
11000006,31000579,J143336,-0.99
11000006,31000580,J232044,-0.99
11000006,31000581,J145225,-0.99
11000006,31000582,J231210,-0.99
11000006,31000583,J223853,-0.99
11000006,31000584,J234542,-0.99
11000006,31000585,J115911,-0.99
11000006,31000586,J135155,-0.99
11000006,31000587,J152825,-0.99
11000006,31000588,J115334,-0.99
11000006,31000589,J114749,-0.99
11000006,31000590,J134730,-0.99
11000006,31000591,J105544,-0.99
11000006,31000592,J233129,-0.99
11000006,31000593,J114528,-0.99
11000006,31000594,J103351,-0.99
11000006,31000595,J152322,-0.99
11000006,31000596,J132617,-0.99
11000006,31000597,J104517,-0.99
11000006,31000598,J132401,-0.99
11000006,31000599,J142918,-0.99
11000006,31000600,J163902,-0.99
11000006,31000601,J214843,-0.99
11000006,31000602,J173322,-0.99
11000006,31000603,J120252,-0.99
11000006,31000604,J232305,-0.99
11000006,31000605,J123907,-0.99
11000006,31000606,J144057,-0.99
11000006,31000607,J223320,-0.99
11000006,31000608,J153247,-0.99
11000006,31000609,J204623,-0.99
11000006,31000610,J223348,-0.99
11000006,31000611,J115734,-0.99
11000006,31000612,J154735,-0.99
11000006,31000613,J115314,-0.99
11000006,31000614,J164816,-0.99
11000006,31000615,J132712,-0.99
11000006,31000616,J124530,-0.99
11000006,31000617,J134949,-0.99
11000006,31000618,J132458,-0.99
11000006,31000619,J160927,-0.99
11000006,31000620,J150836,-0.99
11000006,31000621,J102222,-0.99
11000006,31000622,J103144,-0.99
11000006,31000623,J135629,-0.99
11000006,31000624,J115530,-0.99
11000006,31000625,J133111,-0.99
11000006,31000626,J150904,-0.99
11000006,31000627,J111846,-0.99
11000006,31000628,J152950,-0.99
11000006,31000629,J120704,-0.99
11000006,31000630,J104718,-0.99
11000006,31000631,J131808,-0.99
11000006,31000632,J231644,-0.99
11000006,31000633,J232147,-0.99
11000006,31000634,J132048,-0.99
11000006,31000635,J172350,-0.99
11000006,31000636,J145619,-0.99
11000006,31000637,J163446,-0.99
11000006,31000638,J140816,-0.99
11000006,31000639,J141015,-0.99
11000006,31000640,J101346,-0.99
11000006,31000641,J212238,-0.99
11000006,31000642,J235852,-0.99
11000006,31000643,J134349,-0.99
11000006,31000644,J204221,-0.99
11000006,31000645,J110910,-0.99
11000006,31000646,J131753,-0.99
11000006,31000647,J113221,-0.99
11000006,31000648,J152941,-0.99
11000006,31000649,J144727,-0.99
11000006,31000650,J143320,-0.99
11000006,31000651,J155551,-0.99
11000006,31000652,J162516,-0.99
11000006,31000653,J135827,-0.99
11000006,31000654,J131706,-0.99
11000006,31000655,J214854,-0.99
11000006,31000656,J150109,-0.99
11000006,31000657,J103512,-0.99
11000006,31000658,J121658,-0.99
11000006,31000659,J143706,-0.99
11000006,31000660,J235924,-0.99
11000006,31000661,J103854,-0.99
11000006,31000662,J214725,-0.99
11000006,31000663,J101415,-0.99
11000006,31000664,J122837,-0.99
11000006,31000665,J125727,-0.99
11000006,31000666,J142847,-0.99
11000006,31000667,J155035,-0.99
11000006,31000668,J102504,-0.99
11000006,31000669,J160305,-0.99
11000006,31000670,J151503,-0.99
11000006,31000671,J142838,-0.99
11000006,31000672,J131034,-0.99
11000006,31000673,J214901,-0.99
11000006,31000674,J113323,-0.99
11000006,31000675,J112956,-0.99
11000006,31000676,J104802,-0.99
11000006,31000677,J100808,-0.99
11000006,31000678,J100509,-0.99
11000006,31000679,J142055,-0.99
11000006,31000680,J135141,-0.99
11000006,31000681,J151902,-0.99
11000006,31000682,J235759,-0.99
11000006,31000683,J164613,-0.99
11000006,31000684,J225805,-0.99
11000006,31000685,J112916,-0.99
11000006,31000686,J115347,-0.99
11000006,31000687,J224217,-0.99
11000006,31000688,J110555,-0.99
11000006,31000689,J143455,-0.99
11000006,31000690,J111141,-0.99
11000006,31000691,J104606,-0.99
11000006,31000692,J222830,-0.99
11000006,31000693,J123249,-0.99
11000006,31000694,J115310,-0.99
11000006,31000695,J143702,-0.99
11000006,31000696,J223538,-0.99
11000006,31000697,J131618,-0.99
11000006,31000698,J215944,-0.99
11000006,31000699,J121952,-0.99
11000006,31000700,J121928,-0.99
11000006,31000701,J105439,-0.99
11000007,31000702,J150627,-0.99
11000007,31000703,J121745,-0.99
11000007,31000704,J141438,-0.99
11000007,31000705,J214929,-0.99
11000007,31000706,J130709,-0.99
11000007,31000707,J103924,-0.99
11000007,31000708,J211000,-0.99
11000007,31000709,J123555,-0.99
11000007,31000710,J151125,-0.99
11000007,31000711,J123412,-0.99
11000007,31000712,J112309,-0.99
11000007,31000713,J123850,-0.99
11000007,31000714,J163923,-0.99
11000007,31000715,J143546,-0.99
11000007,31000716,J130832,-0.99
11000007,31000717,J221337,-0.99
11000007,31000718,J113449,-0.99
11000007,31000719,J212607,-0.99
11000007,31000720,J165157,-0.99
11000007,31000721,J142937,-0.99
11000007,31000722,J120455,-0.99
11000007,31000723,J122638,-0.99
11000007,31000724,J161411,-0.99
11000007,31000725,J124028,-0.99
11000007,31000726,J134735,-0.99
11000007,31000727,J142845,-0.99
11000007,31000728,J140750,-0.99
11000007,31000729,J104515,-0.99
11000007,31000730,J113039,-0.99
11000007,31000731,J111159,-0.99
11000007,31000732,J105342,-0.99
11000007,31000733,J121728,-0.99
11000007,31000734,J115700,-0.99
11000007,31000735,J143234,-0.99
11000007,31000736,J122524,-0.99
11000007,31000737,J124007,-0.99
11000007,31000738,J150533,-0.99
11000007,31000739,J143933,-0.99
11000007,31000740,J225128,-0.99
11000007,31000741,J133632,-0.99
11000007,31000742,J131744,-0.99
11000007,31000743,J125923,-0.99
11000007,31000744,J161138,-0.99
11000007,31000745,J125824,-0.99
11000007,31000746,J223511,-0.99
11000007,31000747,J134401,-0.99
11000007,31000748,J214739,-0.99
11000007,31000749,J104321,-0.99
11000007,31000750,J115327,-0.99
11000007,31000751,J154937,-0.99
11000008,31000752,J112505,-0.99
11000008,31000753,J102739,-0.99
11000008,31000754,J171309,-0.99
11000008,31000755,J133417,-0.99
11000008,31000756,J124749,-0.99
11000008,31000757,J122137,-0.99
11000008,31000758,J140353,-0.99
11000008,31000759,J104029,-0.99
11000008,31000760,J151348,-0.99
11000008,31000761,J163522,-0.99
11000008,31000762,J131315,-0.99
11000008,31000763,J114008,-0.99
11000008,31000764,J233839,-0.99
11000008,31000765,J112558,-0.99
11000008,31000766,J114308,-0.99
11000008,31000767,J130125,-0.99
11000008,31000768,J173213,-0.99
11000008,31000769,J160126,-0.99
11000008,31000770,J154813,-0.99
11000008,31000771,J215151,-0.99
11000008,31000772,J144739,-0.99
11000008,31000773,J102602,-0.99
11000008,31000774,J120924,-0.99
11000008,31000775,J212906,-0.99
11000008,31000776,J101719,-0.99
11000008,31000777,J101824,-0.99
11000008,31000778,J153003,-0.99
11000008,31000779,J105123,-0.99
11000008,31000780,J122635,-0.99
11000008,31000781,J152624,-0.99
11000008,31000782,J224145,-0.99
11000008,31000783,J163318,-0.99
11000008,31000784,J144004,-0.99
11000008,31000785,J122931,-0.99
11000008,31000786,J173245,-0.99
11000008,31000787,J145246,-0.99
11000008,31000788,J124526,-0.99
11000008,31000789,J165648,-0.99
11000008,31000790,J134405,-0.99
11000008,31000791,J213111,-0.99
11000008,31000792,J135422,-0.99
11000008,31000793,J153030,-0.99
11000008,31000794,J120634,-0.99
11000008,31000795,J102209,-0.99
11000008,31000796,J123540,-0.99
11000008,31000797,J112715,-0.99
11000008,31000798,J162159,-0.99
11000008,31000799,J122118,-0.99
11000008,31000800,J105244,-0.99
11000008,31000801,J123958,-0.99
11000008,31000802,J223552,-0.99
11000008,31000803,J232359,-0.99
11000008,31000804,J171539,-0.99
11000008,31000805,J100102,-0.99
11000008,31000806,J154249,-0.99
11000008,31000807,J105311,-0.99
11000008,31000808,J210536,-0.99
11000008,31000809,J151248,-0.99
11000008,31000810,J131852,-0.99
11000008,31000811,J141611,-0.99
11000008,31000812,J113723,-0.99
11000008,31000813,J121323,-0.99
11000008,31000814,J144422,-0.99
11000008,31000815,J140722,-0.99
11000008,31000816,J141637,-0.99
11000008,31000817,J112617,-0.99
11000008,31000818,J150754,-0.99
11000008,31000819,J102946,-0.99
11000008,31000820,J115234,-0.99
11000008,31000821,J145145,-0.99
11000008,31000822,J145426,-0.99
11000008,31000823,J122732,-0.99
11000008,31000824,J144203,-0.99
11000008,31000825,J140843,-0.99
11000008,31000826,J155631,-0.99
11000008,31000827,J235525,-0.99
11000008,31000828,J121749,-0.99
11000008,31000829,J162518,-0.99
11000008,31000830,J132012,-0.99
11000008,31000831,J102038,-0.99
11000008,31000832,J150234,-0.99
11000008,31000833,J112520,-0.99
11000008,31000834,J165412,-0.99
11000008,31000835,J151102,-0.99
11000008,31000836,J133049,-0.99
11000008,31000837,J161628,-0.99
11000008,31000838,J134306,-0.99
11000008,31000839,J131842,-0.99
11000008,31000840,J232329,-0.99
11000008,31000841,J164921,-0.99
11000008,31000842,J203814,-0.99
11000008,31000843,J151311,-0.99
11000008,31000844,J101650,-0.99
11000008,31000845,J165006,-0.99
11000008,31000846,J103533,-0.99
11000008,31000847,J101441,-0.99
11000008,31000848,J124253,-0.99
11000008,31000849,J232200,-0.99
11000008,31000850,J144326,-0.99
11000008,31000851,J124449,-0.99
11000008,31000852,J100642,-0.99
11000008,31000853,J133150,-0.99
11000008,31000854,J164126,-0.99
11000008,31000855,J171142,-0.99
11000008,31000856,J145634,-0.99
11000008,31000857,J151431,-0.99
11000008,31000858,J233555,-0.99
11000008,31000859,J100651,-0.99
11000008,31000860,J132103,-0.99
11000008,31000861,J121720,-0.99
11000008,31000862,J210355,-0.99
11000008,31000863,J125029,-0.99
11000008,31000864,J103619,-0.99
11000008,31000865,J165014,-0.99
11000008,31000866,J124611,-0.99
11000008,31000867,J150418,-0.99
11000008,31000868,J145440,-0.99
11000008,31000869,J113223,-0.99
11000008,31000870,J234915,-0.99
11000008,31000871,J162042,-0.99
11000008,31000872,J112019,-0.99
11000008,31000873,J162332,-0.99
11000008,31000874,J125350,-0.99
11000008,31000875,J101710,-0.99
11000008,31000876,J223029,-0.99
11000008,31000877,J234810,-0.99
11000008,31000878,J135230,-0.99
11000008,31000879,J111038,-0.99
11000009,31000880,J160650,-0.99
11000009,31000881,J114342,-0.99
11000009,31000882,J152031,-0.99
11000009,31000883,J113629,-0.99
11000009,31000884,J220301,-0.99
11000009,31000885,J102057,-0.99
11000009,31000886,J124753,-0.99
11000009,31000887,J114225,-0.99
11000009,31000888,J105002,-0.99
11000009,31000889,J111218,-0.99
11000009,31000890,J111634,-0.99
11000009,31000891,J105007,-0.99
11000009,31000892,J205027,-0.99
11000009,31000893,J111355,-0.99
11000009,31000894,J101012,-0.99
11000009,31000895,J161338,-0.99
11000009,31000896,J170002,-0.99
11000009,31000897,J104654,-0.99
11000009,31000898,J124329,-0.99
11000009,31000899,J114648,-0.99
11000009,31000900,J131228,-0.99
11000009,31000901,J110448,-0.99
11000009,31000902,J144621,-0.99
11000009,31000903,J153104,-0.99
11000009,31000904,J100932,-0.99
11000009,31000905,J114048,-0.99
11000009,31000906,J115706,-0.99
11000009,31000907,J123230,-0.99
11000009,31000908,J152218,-0.99
11000009,31000909,J123303,-0.99
11000009,31000910,J102856,-0.99
11000009,31000911,J151900,-0.99
11000009,31000912,J124646,-0.99
11000009,31000913,J153528,-0.99
11000009,31000914,J112850,-0.99
11000009,31000915,J102257,-0.99
11000009,31000916,J142414,-0.99
11000009,31000917,J165803,-0.99
11000009,31000918,J115918,-0.99
11000009,31000919,J222104,-0.99
11000009,31000920,J124203,-0.99
11000009,31000921,J112608,-0.99
11000009,31000922,J161657,-0.99
11000009,31000923,J111805,-0.99
11000009,31000924,J113451,-0.99
11000009,31000925,J141007,-0.99
11000009,31000926,J164034,-0.99
11000009,31000927,J101750,-0.99
11000009,31000928,J165001,-0.99
11000009,31000929,J111619,-0.99
11000009,31000930,J140521,-0.99
11000009,31000931,J140752,-0.99
11000009,31000932,J143447,-0.99
11000009,31000933,J142018,-0.99
11000009,31000934,J105102,-0.99
11000009,31000935,J124630,-0.99
11000010,31000936,J165302,-0.99
11000010,31000937,J143916,-0.99
11000010,31000938,J221414,-0.99
11000010,31000939,J153903,-0.99
11000010,31000940,J103955,-0.99
11000010,31000941,J210952,-0.99
11000010,31000942,J134102,-0.99
11000010,31000943,J140050,-0.99
11000010,31000944,J131757,-0.99
11000010,31000945,J140341,-0.99
11000010,31000946,J111856,-0.99
11000010,31000947,J102407,-0.99
11000010,31000948,J151341,-0.99
11000010,31000949,J110706,-0.99
11000010,31000950,J133651,-0.99
11000010,31000951,J123452,-0.99
11000010,31000952,J102143,-0.99
11000010,31000953,J220832,-0.99
11000010,31000954,J160847,-0.99
11000010,31000955,J125949,-0.99
11000010,31000956,J164250,-0.99
11000010,31000957,J212329,-0.99
11000010,31000958,J112905,-0.99
11000010,31000959,J144447,-0.99
11000010,31000960,J113530,-0.99
11000010,31000961,J103604,-0.99
11000010,31000962,J142038,-0.99
11000010,31000963,J130403,-0.99
11000010,31000964,J132525,-0.99
11000010,31000965,J103653,-0.99
11000010,31000966,J154642,-0.99
11000010,31000967,J163526,-0.99
11000010,31000968,J212713,-0.99
11000010,31000969,J132635,-0.99
11000010,31000970,J114330,-0.99
11000010,31000971,J224926,-0.99
11000010,31000972,J113619,-0.99
11000010,31000973,J214654,-0.99
11000010,31000974,J151429,-0.99
11000010,31000975,J111214,-0.99
11000010,31000976,J113420,-0.99
11000010,31000977,J135526,-0.99
11000010,31000978,J164116,-0.99
11000010,31000979,J214227,-0.99
11000010,31000980,J164342,-0.99
11000010,31000981,J151538,-0.99
11000010,31000982,J125938,-0.99
11000010,31000983,J165806,-0.99
11000010,31000984,J122803,-0.99
11000010,31000985,J113243,-0.99
11000010,31000986,J134022,-0.99
11000011,31000987,J152143,-0.99
11000011,31000988,J170717,-0.99
11000011,31000989,J121452,-0.99
11000011,31000990,J124126,-0.99
11000011,31000991,J173230,-0.99
11000011,31000992,J164457,-0.99
11000011,31000993,J112944,-0.99
11000011,31000994,J115253,-0.99
11000011,31000995,J100118,-0.99
11000011,31000996,J100620,-0.99
11000011,31000997,J145916,-0.99
11000011,31000998,J223207,-0.99
11000011,31000999,J144646,-0.99
11000011,31001000,J142520,-0.99
11000011,31001001,J230226,-0.99
11000011,31001002,J150704,-0.99
11000011,31001003,J225524,-0.99
11000011,31001004,J133234,-0.99
11000011,31001005,J125833,-0.99
11000011,31001006,J104459,-0.99
11000011,31001007,J164713,-0.99
11000011,31001008,J135355,-0.99
11000011,31001009,J220838,-0.99
11000011,31001010,J225949,-0.99
11000011,31001011,J130535,-0.99
11000011,31001012,J111255,-0.99
11000011,31001013,J121628,-0.99
11000011,31001014,J221117,-0.99
11000011,31001015,J115015,-0.99
11000011,31001016,J172751,-0.99
11000011,31001017,J134301,-0.99
11000011,31001018,J104351,-0.99
11000011,31001019,J144408,-0.99
11000011,31001020,J220950,-0.99
11000011,31001021,J165815,-0.99
11000011,31001022,J120452,-0.99
11000011,31001023,J142026,-0.99
11000011,31001024,J111031,-0.99
11000011,31001025,J130116,-0.99
11000011,31001026,J111309,-0.99
11000011,31001027,J122213,-0.99
11000011,31001028,J170740,-0.99
11000011,31001029,J113543,-0.99
11000011,31001030,J170817,-0.99
11000011,31001031,J123405,-0.99
11000011,31001032,J125741,-0.99
11000011,31001033,J114627,-0.99
11000011,31001034,J155117,-0.99
11000011,31001035,J165118,-0.99
11000011,31001036,J141004,-0.99
11000011,31001037,J174317,-0.99
11000011,31001038,J145040,-0.99
11000011,31001039,J171549,-0.99
11000011,31001040,J100009,-0.99
11000011,31001041,J124257,-0.99
11000011,31001042,J154530,-0.99
11000011,31001043,J152636,-0.99
11000011,31001044,J100728,-0.99
11000011,31001045,J115504,-0.99
11000011,31001046,J104905,-0.99
11000011,31001047,J125149,-0.99
11000011,31001048,J172743,-0.99
11000011,31001049,J111421,-0.99
11000011,31001050,J152146,-0.99
11000011,31001051,J111603,-0.99
11000011,31001052,J114127,-0.99
11000011,31001053,J113923,-0.99
11000011,31001054,J123837,-0.99
11000011,31001055,J125049,-0.99
11000011,31001056,J161455,-0.99
11000011,31001057,J124715,-0.99
11000011,31001058,J124813,-0.99
11000011,31001059,J120945,-0.99
11000011,31001060,J155541,-0.99
11000011,31001061,J105017,-0.99
11000011,31001062,J154900,-0.99
11000011,31001063,J164951,-0.99
11000011,31001064,J162459,-0.99
11000011,31001065,J141832,-0.99
11000011,31001066,J115136,-0.99
11000011,31001067,J112854,-0.99
11000011,31001068,J222222,-0.99
11000011,31001069,J124654,-0.99
11000011,31001070,J132750,-0.99
11000011,31001071,J170511,-0.99
11000011,31001072,J155852,-0.99
11000012,31001073,J121856,-0.99
11000012,31001074,J131025,-0.99
11000012,31001075,J122854,-0.99
11000012,31001076,J132222,-0.99
11000012,31001077,J203753,-0.99
11000012,31001078,J130835,-0.99
11000012,31001079,J134123,-0.99
11000012,31001080,J133857,-0.99
11000012,31001081,J171813,-0.99
11000012,31001082,J143513,-0.99
11000012,31001083,J112656,-0.99
11000012,31001084,J154357,-0.99
11000012,31001085,J154145,-0.99
11000012,31001086,J100129,-0.99
11000012,31001087,J155124,-0.99
11000012,31001088,J133207,-0.99
11000012,31001089,J124830,-0.99
11000012,31001090,J144725,-0.99
11000012,31001091,J170409,-0.99
11000012,31001092,J103326,-0.99
11000012,31001093,J160739,-0.99
11000012,31001094,J133041,-0.99
11000012,31001095,J205412,-0.99
11000012,31001096,J145851,-0.99
11000012,31001097,J132737,-0.99
11000012,31001098,J130247,-0.99
11000012,31001099,J151405,-0.99
11000012,31001100,J131802,-0.99
11000012,31001101,J221515,-0.99
11000012,31001102,J142951,-0.99
11000012,31001103,J101736,-0.99
11000012,31001104,J233739,-0.99
11000012,31001105,J221447,-0.99
11000012,31001106,J145645,-0.99
11000012,31001107,J153051,-0.99
11000012,31001108,J141451,-0.99
11000012,31001109,J131859,-0.99
11000012,31001110,J144553,-0.99
11000012,31001111,J145615,-0.99
11000012,31001112,J223109,-0.99
11000012,31001113,J132721,-0.99
11000012,31001114,J103353,-0.99
11000012,31001115,J173223,-0.99
11000012,31001116,J104837,-0.99
11000012,31001117,J163745,-0.99
11000012,31001118,J101500,-0.99
11000012,31001119,J224826,-0.99
11000012,31001120,J230905,-0.99
11000012,31001121,J110924,-0.99
11000012,31001122,J122220,-0.99
11000012,31001123,J165153,-0.99
11000012,31001124,J204030,-0.99
11000012,31001125,J134136,-0.99
11000012,31001126,J113334,-0.99
11000012,31001127,J125403,-0.99
11000012,31001128,J162437,-0.99
11000012,31001129,J235630,-0.99
11000012,31001130,J105409,-0.99
11000012,31001131,J163529,-0.99
11000012,31001132,J152931,-0.99
11000012,31001133,J131559,-0.99
11000012,31001134,J143918,-0.99
11000012,31001135,J104643,-0.99
11000012,31001136,J212304,-0.99
11000012,31001137,J154634,-0.99
11000012,31001138,J172052,-0.99
11000012,31001139,J135036,-0.99
11000012,31001140,J134431,-0.99
11000012,31001141,J121105,-0.99
11000012,31001142,J120357,-0.99
11000012,31001143,J101854,-0.99
11000012,31001144,J232826,-0.99
11000012,31001145,J154934,-0.99
11000012,31001146,J170132,-0.99
11000012,31001147,J114916,-0.99
11000012,31001148,J142400,-0.99
11000012,31001149,J115502,-0.99
11000012,31001150,J121300,-0.99
11000012,31001151,J223658,-0.99
11000012,31001152,J124327,-0.99
11000012,31001153,J220438,-0.99
11000012,31001154,J144636,-0.99
11000012,31001155,J113347,-0.99
11000012,31001156,J150737,-0.99
11000012,31001157,J152044,-0.99
11000012,31001158,J142443,-0.99
11000012,31001159,J164104,-0.99
11000012,31001160,J155008,-0.99
11000012,31001161,J114358,-0.99
11000012,31001162,J122259,-0.99
11000012,31001163,J125243,-0.99
11000012,31001164,J114508,-0.99
11000012,31001165,J125216,-0.99
11000012,31001166,J113143,-0.99
11000012,31001167,J101612,-0.99
11000012,31001168,J101354,-0.99
11000012,31001169,J100156,-0.99
11000012,31001170,J110425,-0.99
11000012,31001171,J133121,-0.99
11000012,31001172,J165936,-0.99
11000012,31001173,J213411,-0.99
11000012,31001174,J231545,-0.99
11000012,31001175,J121603,-0.99
11000012,31001176,J222120,-0.99
11000012,31001177,J231240,-0.99
11000013,31001178,J164338,-0.99
11000013,31001179,J142603,-0.99
11000013,31001180,J212812,-0.99
11000013,31001181,J164501,-0.99
11000013,31001182,J144751,-0.99
11000013,31001183,J214744,-0.99
11000013,31001184,J135304,-0.99
11000013,31001185,J223601,-0.99
11000013,31001186,J103529,-0.99
11000013,31001187,J161051,-0.99
11000013,31001188,J224352,-0.99
11000013,31001189,J113048,-0.99
11000013,31001190,J140322,-0.99
11000013,31001191,J152741,-0.99
11000013,31001192,J222732,-0.99
11000013,31001193,J171542,-0.99
11000013,31001194,J205136,-0.99
11000013,31001195,J121706,-0.99
11000013,31001196,J143110,-0.99
11000013,31001197,J110121,-0.99
11000013,31001198,J104626,-0.99
11000013,31001199,J212159,-0.99
11000013,31001200,J151733,-0.99
11000013,31001201,J103032,-0.99
11000013,31001202,J150048,-0.99
11000013,31001203,J113432,-0.99
11000013,31001204,J134629,-0.99
11000013,31001205,J113339,-0.99
11000013,31001206,J122041,-0.99
11000013,31001207,J130719,-0.99
11000013,31001208,J204039,-0.99
11000013,31001209,J101048,-0.99
11000013,31001210,J114119,-0.99
11000013,31001211,J110411,-0.99
11000013,31001212,J104903,-0.99
11000013,31001213,J151433,-0.99
11000013,31001214,J143040,-0.99
11000013,31001215,J133521,-0.99
11000013,31001216,J163911,-0.99
11000013,31001217,J204842,-0.99
11000013,31001218,J135214,-0.99
11000013,31001219,J131716,-0.99
11000013,31001220,J225350,-0.99
11000014,31001221,J105447,-0.99
11000014,31001222,J144103,-0.99
11000014,31001223,J165847,-0.99
11000014,31001224,J121921,-0.99
11000014,31001225,J212025,-0.99
11000014,31001226,J145717,-0.99
11000014,31001227,J113705,-0.99
11000014,31001228,J132037,-0.99
11000014,31001229,J224401,-0.99
11000014,31001230,J152544,-0.99
11000014,31001231,J114506,-0.99
11000014,31001232,J231245,-0.99
11000014,31001233,J151804,-0.99
11000014,31001234,J105033,-0.99
11000014,31001235,J214600,-0.99
11000014,31001236,J152333,-0.99
11000014,31001237,J131245,-0.99
11000014,31001238,J151045,-0.99
11000014,31001239,J160822,-0.99
11000014,31001240,J125944,-0.99
11000014,31001241,J173330,-0.99
11000014,31001242,J115512,-0.99
11000014,31001243,J161854,-0.99
11000014,31001244,J122442,-0.99
11000014,31001245,J114010,-0.99
11000014,31001246,J153546,-0.99
11000014,31001247,J141046,-0.99
11000014,31001248,J160111,-0.99
11000014,31001249,J101243,-0.99
11000014,31001250,J214009,-0.99
11000014,31001251,J152757,-0.99
11000014,31001252,J164729,-0.99
11000014,31001253,J171420,-0.99
11000014,31001254,J232441,-0.99
11000014,31001255,J131656,-0.99
11000014,31001256,J135406,-0.99
11000014,31001257,J230708,-0.99
11000014,31001258,J120124,-0.99
11000014,31001259,J132746,-0.99
11000014,31001260,J212207,-0.99
11000014,31001261,J104416,-0.99
11000014,31001262,J104841,-0.99
11000014,31001263,J172701,-0.99
11000014,31001264,J104835,-0.99
11000014,31001265,J113647,-0.99
11000014,31001266,J144316,-0.99
11000014,31001267,J114612,-0.99
11000014,31001268,J130759,-0.99
11000014,31001269,J164751,-0.99
11000014,31001270,J131324,-0.99
11000014,31001271,J230722,-0.99
11000014,31001272,J134118,-0.99
11000014,31001273,J164223,-0.99
11000014,31001274,J154449,-0.99
11000014,31001275,J172815,-0.99
11000014,31001276,J151242,-0.99
11000014,31001277,J213423,-0.99
11000014,31001278,J145555,-0.99
11000014,31001279,J101323,-0.99
11000014,31001280,J112954,-0.99
11000014,31001281,J133951,-0.99
11000014,31001282,J150444,-0.99
11000014,31001283,J153858,-0.99
11000014,31001284,J172422,-0.99
11000014,31001285,J155545,-0.99
11000014,31001286,J161441,-0.99
11000014,31001287,J125449,-0.99
11000014,31001288,J210445,-0.99
11000014,31001289,J123443,-0.99
11000014,31001290,J121422,-0.99
11000014,31001291,J155403,-0.99
11000014,31001292,J103724,-0.99
11000014,31001293,J112948,-0.99
11000014,31001294,J235330,-0.99
11000014,31001295,J121507,-0.99
11000014,31001296,J235712,-0.99
11000014,31001297,J125016,-0.99
11000014,31001298,J151516,-0.99
11000014,31001299,J132226,-0.99
11000014,31001300,J170656,-0.99
11000014,31001301,J155722,-0.99
11000014,31001302,J150135,-0.99
11000014,31001303,J151645,-0.99
11000014,31001304,J211151,-0.99
11000014,31001305,J213109,-0.99
11000014,31001306,J233628,-0.99
11000014,31001307,J102433,-0.99
11000014,31001308,J111823,-0.99
11000014,31001309,J211805,-0.99
11000014,31001310,J172028,-0.99
11000014,31001311,J101833,-0.99
11000014,31001312,J104815,-0.99
11000014,31001313,J124635,-0.99
11000014,31001314,J110738,-0.99
11000014,31001315,J170550,-0.99
11000014,31001316,J143704,-0.99
11000015,31001317,J143614,-0.99
11000015,31001318,J170236,-0.99
11000015,31001319,J153034,-0.99
11000015,31001320,J220338,-0.99
11000015,31001321,J171828,-0.99
11000015,31001322,J112942,-0.99
11000015,31001323,J112709,-0.99
11000015,31001324,J161213,-0.99
11000015,31001325,J140739,-0.99
11000015,31001326,J213534,-0.99
11000015,31001327,J165224,-0.99
11000015,31001328,J170144,-0.99
11000015,31001329,J162010,-0.99
11000015,31001330,J110226,-0.99
11000015,31001331,J104421,-0.99
11000015,31001332,J104330,-0.99
11000015,31001333,J170376,-0.99
11000015,31001334,J100338,-0.99
11000015,31001335,J110034,-0.99
11000015,31001336,J124207,-0.99
11000015,31001337,J132907,-0.99
11000015,31001338,J100015,-0.99
11000015,31001339,J144024,-0.99
11000015,31001340,J122806,-0.99
11000015,31001341,J133250,-0.99
11000015,31001342,J135852,-0.99
11000015,31001343,J130616,-0.99
11000015,31001344,J204323,-0.99
11000015,31001345,J120742,-0.99
11000015,31001346,J105549,-0.99
11000015,31001347,J103237,-0.99
11000015,31001348,J215326,-0.99
11000015,31001349,J121700,-0.99
11000015,31001350,J124358,-0.99
11000015,31001351,J112420,-0.99
11000015,31001352,J130022,-0.99
11000015,31001353,J155419,-0.99
11000015,31001354,J135723,-0.99
11000015,31001355,J105201,-0.99
11000015,31001356,J133218,-0.99
11000015,31001357,J143345,-0.99
11000015,31001358,J115448,-0.99
11000015,31001359,J135642,-0.99
11000015,31001360,J205900,-0.99
11000015,31001361,J112747,-0.99
11000015,31001362,J121027,-0.99
11000015,31001363,J124744,-0.99
11000015,31001364,J161303,-0.99
11000015,31001365,J141848,-0.99
11000015,31001366,J104001,-0.99
11000015,31001367,J102304,-0.99
11000015,31001368,J172852,-0.99
11000015,31001369,J131304,-0.99
11000015,31001370,J145632,-0.99
11000015,31001371,J102515,-0.99
11000015,31001372,J160645,-0.99
11000015,31001373,J135129,-0.99
11000015,31001374,J115909,-0.99
11000016,31001375,J160225,-0.99
11000016,31001376,J210458,-0.99
11000016,31001377,J113925,-0.99
11000016,31001378,J204815,-0.99
11000016,31001379,J104754,-0.99
11000016,31001380,J130518,-0.99
11000016,31001381,J142200,-0.99
11000016,31001382,J103731,-0.99
11000016,31001383,J100046,-0.99
11000016,31001384,J230301,-0.99
11000016,31001385,J165839,-0.99
11000016,31001386,J235953,-0.99
11000016,31001387,J115018,-0.99
11000016,31001388,J133458,-0.99
11000016,31001389,J221859,-0.99
11000016,31001390,J170215,-0.99
11000016,31001391,J165820,-0.99
11000016,31001392,J130253,-0.99
11000016,31001393,J120937,-0.99
11000016,31001394,J214811,-0.99
11000016,31001395,J160419,-0.99
11000016,31001396,J161752,-0.99
11000016,31001397,J112610,-0.99
11000016,31001398,J123726,-0.99
11000016,31001399,J124837,-0.99
11000016,31001400,J151643,-0.99
11000016,31001401,J160321,-0.99
11000016,31001402,J165308,-0.99
11000016,31001403,J171359,-0.99
11000016,31001404,J115547,-0.99
11000016,31001405,J141055,-0.99
11000016,31001406,J153202,-0.99
11000016,31001407,J121845,-0.99
11000016,31001408,J113456,-0.99
11000016,31001409,J144746,-0.99
11000016,31001410,J171554,-0.99
11000016,31001411,J111029,-0.99
11000016,31001412,J145129,-0.99
11000016,31001413,J113730,-0.99
11000016,31001414,J100956,-0.99
11000016,31001415,J134407,-0.99
11000016,31001416,J101507,-0.99
11000016,31001417,J105546,-0.99
11000016,31001418,J123528,-0.99
11000016,31001419,J145318,-0.99
11000016,31001420,J132611,-0.99
11000016,31001421,J153338,-0.99
11000016,31001422,J102534,-0.99
11000016,31001423,J144519,-0.99
11000016,31001424,J141218,-0.99
11000016,31001425,J152255,-0.99
11000016,31001426,J142241,-0.99
11000016,31001427,J131047,-0.99
11000016,31001428,J100150,-0.99
11000016,31001429,J104311,-0.99
11000016,31001430,J111950,-0.99
11000016,31001431,J132754,-0.99
11000016,31001432,J101551,-0.99
11000016,31001433,J211027,-0.99
11000016,31001434,J105415,-0.99
11000017,31001435,J224148,-0.99
11000017,31001436,J100806,-0.99
11000017,31001437,J133638,-0.99
11000017,31001438,J231614,-0.99
11000017,31001439,J103110,-0.99
11000017,31001440,J101706,-0.99
11000017,31001441,J142214,-0.99
11000017,31001442,J155340,-0.99
11000017,31001443,J165326,-0.99
11000017,31001444,J133113,-0.99
11000017,31001445,J122656,-0.99
11000017,31001446,J134716,-0.99
11000017,31001447,J171344,-0.99
11000017,31001448,J161119,-0.99
11000017,31001449,J111404,-0.99
11000017,31001450,J105346,-0.99
11000017,31001451,J154631,-0.99
11000017,31001452,J150112,-0.99
11000017,31001453,J104649,-0.99
11000017,31001454,J234421,-0.99
11000017,31001455,J105726,-0.99
11000017,31001456,J111758,-0.99
11000017,31001457,J142923,-0.99
11000017,31001458,J114026,-0.99
11000017,31001459,J115118,-0.99
11000018,31001460,J162226,-0.99
11000018,31001461,J165020,-0.99
11000018,31001462,J125302,-0.99
11000018,31001463,J113754,-0.99
11000018,31001464,J153215,-0.99
11000018,31001465,J213820,-0.99
11000018,31001466,J111555,-0.99
11000018,31001467,J131553,-0.99
11000018,31001468,J143841,-0.99
11000018,31001469,J113250,-0.99
11000018,31001470,J204635,-0.99
11000018,31001471,J212954,-0.99
11000018,31001472,J132309,-0.99
11000018,31001473,J231341,-0.99
11000018,31001474,J160800,-0.99
11000018,31001475,J155338,-0.99
11000018,31001476,J132149,-0.99
11000018,31001477,J171937,-0.99
11000018,31001478,J152443,-0.99
11000018,31001479,J111329,-0.99
11000018,31001480,J171334,-0.99
11000018,31001481,J115552,-0.99
11000018,31001482,J151520,-0.99
11000018,31001483,J165920,-0.99
11000018,31001484,J145838,-0.99
11000018,31001485,J125031,-0.99
11000018,31001486,J110736,-0.99
11000018,31001487,J165423,-0.99
11000018,31001488,J155521,-0.99
11000018,31001489,J135508,-0.99
11000018,31001490,J103008,-0.99
11000018,31001491,J103704,-0.99
11000018,31001492,J104603,-0.99
11000018,31001493,J163641,-0.99
11000018,31001494,J203952,-0.99
11000018,31001495,J105411,-0.99
11000018,31001496,J101126,-0.99
11000018,31001497,J122155,-0.99
11000018,31001498,J110016,-0.99
11000018,31001499,J212417,-0.99
11000018,31001500,J142355,-0.99
11000018,31001501,J121347,-0.99
11000018,31001502,J172915,-0.99
11000018,31001503,J155416,-0.99
11000018,31001504,J211258,-0.99
11000018,31001505,J120643,-0.99
11000019,31001506,J143946,-0.99
11000019,31001507,J125247,-0.99
11000019,31001508,J144732,-0.99
11000019,31001509,J155711,-0.99
11000019,31001510,J214308,-0.99
11000019,31001511,J134851,-0.99
11000019,31001512,J145452,-0.99
11000019,31001513,J115026,-0.99
11000019,31001514,J151720,-0.99
11000019,31001515,J151353,-0.99
11000019,31001516,J113727,-0.99
11000019,31001517,J130944,-0.99
11000019,31001518,J145238,-0.99
11000019,31001519,J235219,-0.99
11000019,31001520,J172512,-0.99
11000019,31001521,J141322,-0.99
11000019,31001522,J210333,-0.99
11000019,31001523,J135836,-0.99
11000019,31001524,J101915,-0.99
11000019,31001525,J130203,-0.99
11000019,31001526,J110719,-0.99
11000019,31001527,J131208,-0.99
11000019,31001528,J121623,-0.99
11000019,31001529,J150637,-0.99
11000019,31001530,J130332,-0.99
11000019,31001531,J1226-0,-0.99
11000019,31001532,J114355,-0.99
11000019,31001533,J144401,-0.99
11000019,31001534,J103242,-0.99
11000019,31001535,J161815,-0.99
11000019,31001536,J132256,-0.99
11000019,31001537,J162819,-0.99
11000019,31001538,J131004,-0.99
11000019,31001539,J141931,-0.99
11000019,31001540,J112630,-0.99
11000019,31001541,J154109,-0.99
11000019,31001542,J153116,-0.99
11000019,31001543,J160455,-0.99
11000019,31001544,J102439,-0.99
11000019,31001545,J160459,-0.99
11000019,31001546,J131712,-0.99
11000019,31001547,J140244,-0.99
11000019,31001548,J150635,-0.99
11000019,31001549,J125213,-0.99
11000019,31001550,J154541,-0.99
11000019,31001551,J120409,-0.99
11000019,31001552,J140545,-0.99
11000019,31001553,J162251,-0.99
11000019,31001554,J120450,-0.99
11000019,31001555,J220151,-0.99
11000019,31001556,J104502,-0.99
11000019,31001557,J152654,-0.99
11000019,31001558,J124727,-0.99
11000019,31001559,J151940,-0.99
11000019,31001560,J212129,-0.99
11000019,31001561,J141633,-0.99
11000019,31001562,J145604,-0.99
11000019,31001563,J212851,-0.99
11000019,31001564,J145659,-0.99
11000019,31001565,J165719,-0.99
11000019,31001566,J154706,-0.99
11000019,31001567,J141252,-0.99
11000019,31001568,J112110,-0.99
11000019,31001569,J140912,-0.99
11000019,31001570,J165532,-0.99
11000019,31001571,J161037,-0.99
11000019,31001572,J130828,-0.99
11000019,31001573,J122934,-0.99
11000019,31001574,J163435,-0.99
11000019,31001575,J221855,-0.99
11000019,31001576,J124109,-0.99
11000019,31001577,J123458,-0.99
11000019,31001578,J134527,-0.99
11000019,31001579,J133157,-0.99
11000019,31001580,J141342,-0.99
11000019,31001581,J145757,-0.99
11000019,31001582,J130343,-0.99
11000019,31001583,J152628,-0.99
11000019,31001584,J112928,-0.99
11000019,31001585,J133358,-0.99
11000019,31001586,J102844,-0.99
11000019,31001587,J134732,-0.99
11000019,31001588,J213615,-0.99
11000019,31001589,J131037,-0.99
11000019,31001590,J154724,-0.99
11000019,31001591,J213139,-0.99
11000019,31001592,J103104,-0.99
11000019,31001593,J121116,-0.99
11000019,31001594,J142822,-0.99
11000019,31001595,J102521,-0.99
11000019,31001596,J215935,-0.99
11000019,31001597,J162303,-0.99
11000019,31001598,J102409,-0.99
11000019,31001599,J104714,-0.99
11000020,31001600,J171225,-0.99
11000020,31001601,J124306,-0.99
11000020,31001602,J135908,-0.99
11000020,31001603,J124930,-0.99
11000020,31001604,J162632,-0.99
11000020,31001605,J155313,-0.99
11000020,31001606,J211328,-0.99
11000020,31001607,J204506,-0.99
11000020,31001608,J133957,-0.99
11000020,31001609,J115304,-0.99
11000020,31001610,J112150,-0.99
11000020,31001611,J131252,-0.99
11000020,31001612,J133936,-0.99
11000020,31001613,J143140,-0.99
11000020,31001614,J154833,-0.99
11000020,31001615,J101331,-0.99
11000020,31001616,J151359,-0.99
11000020,31001617,J150951,-0.99
11000020,31001618,J140215,-0.99
11000020,31001619,J152421,-0.99
11000020,31001620,J130554,-0.99
11000020,31001621,J101604,-0.99
11000020,31001622,J150320,-0.99
11000020,31001623,J134414,-0.99
11000020,31001624,J131113,-0.99
11000020,31001625,J124933,-0.99
11000020,31001626,J150044,-0.99
11000020,31001627,J155200,-0.99
11000020,31001628,J145944,-0.99
11000020,31001629,J145535,-0.99
11000020,31001630,J141021,-0.99
11000020,31001631,J223312,-0.99
11000020,31001632,J212028,-0.99
11000020,31001633,J164835,-0.99
11000020,31001634,J115528,-0.99
11000020,31001635,J143922,-0.99
11000020,31001636,J225234,-0.99
11000020,31001637,J165645,-0.99
11000020,31001638,J100142,-0.99
11000020,31001639,J101129,-0.99
11000020,31001640,J141220,-0.99
11000020,31001641,J112450,-0.99
11000020,31001642,J121558,-0.99
11000020,31001643,J104404,-0.99
11000020,31001644,J152633,-0.99
11000020,31001645,J104624,-0.99
11000020,31001646,J113227,-0.99
11000020,31001647,J211817,-0.99
11000020,31001648,J144329,-0.99
11000020,31001649,J154102,-0.99
11000021,31001650,J162231,-0.99
11000021,31001651,J151303,-0.99
11000021,31001652,J145848,-0.99
11000021,31001653,J152720,-0.99
11000021,31001654,J123753,-0.99
11000021,31001655,J101042,-0.99
11000021,31001656,J223824,-0.99
11000021,31001657,J125929,-0.99
11000021,31001658,J225111,-0.99
11000021,31001659,J135346,-0.99
11000021,31001660,J144120,-0.99
11000021,31001661,J215743,-0.99
11000021,31001662,J111007,-0.99
11000021,31001663,J231710,-0.99
11000021,31001664,J141001,-0.99
11000021,31001665,J163444,-0.99
11000021,31001666,J103141,-0.99
11000021,31001667,J112215,-0.99
11000021,31001668,J215758,-0.99
11000021,31001669,J101145,-0.99
11000021,31001670,J212838,-0.99
11000021,31001671,J111458,-0.99
11000021,31001672,J115554,-0.99
11000021,31001673,J170445,-0.99
11000021,31001674,J162831,-0.99
11000021,31001675,J124236,-0.99
11000021,31001676,J101535,-0.99
11000021,31001677,J113551,-0.99
11000021,31001678,J162656,-0.99
11000021,31001679,J114530,-0.99
11000021,31001680,J155214,-0.99
11000021,31001681,J102336,-0.99
11000021,31001682,J123352,-0.99
11000021,31001683,J100937,-0.99
11000021,31001684,J100107,-0.99
11000021,31001685,J204230,-0.99
11000021,31001686,J233909,-0.99
11000021,31001687,J134354,-0.99
11000021,31001688,J160046,-0.99
11000021,31001689,J162816,-0.99
11000021,31001690,J170305,-0.99
11000021,31001691,J102045,-0.99
11000021,31001692,J100830,-0.99
11000021,31001693,J115658,-0.99
11000021,31001694,J123947,-0.99
11000021,31001695,J224754,-0.99
11000021,31001696,J140246,-0.99
11000021,31001697,J214440,-0.99
11000021,31001698,J144135,-0.99
11000021,31001699,J151021,-0.99
11000021,31001700,J114133,-0.99
11000021,31001701,J130810,-0.99
11000021,31001702,J141425,-0.99
11000021,31001703,J121847,-0.99
11000021,31001704,J150805,-0.99
11000021,31001705,J140810,-0.99
11000021,31001706,J141104,-0.99
11000021,31001707,J114735,-0.99
11000021,31001708,J205922,-0.99
11000021,31001709,J215101,-0.99
11000021,31001710,J144131,-0.99
11000021,31001711,J213429,-0.99
11000021,31001712,J121006,-0.99
11000021,31001713,J111644,-0.99
11000021,31001714,J164031,-0.99
11000021,31001715,J155249,-0.99
11000021,31001716,J103228,-0.99
11000021,31001717,J164025,-0.99
11000021,31001718,J163217,-0.99
11000021,31001719,J103631,-0.99
11000021,31001720,J145739,-0.99
11000021,31001721,J114408,-0.99
11000021,31001722,J131704,-0.99
11000021,31001723,J112404,-0.99
11000021,31001724,J104723,-0.99
11000021,31001725,J123746,-0.99
11000021,31001726,J225441,-0.99
11000021,31001727,J111629,-0.99
11000021,31001728,J140154,-0.99
11000021,31001729,J144743,-0.99
11000021,31001730,J210247,-0.99
11000021,31001731,J133013,-0.99
11000021,31001732,J160032,-0.99
11000021,31001733,J111009,-0.99
11000021,31001734,J142117,-0.99
11000021,31001735,J110417,-0.99
11000021,31001736,J204853,-0.99
11000021,31001737,J132144,-0.99
11000021,31001738,J160016,-0.99
11000021,31001739,J142335,-0.99
11000021,31001740,J105835,-0.99
11000021,31001741,J102055,-0.99
11000021,31001742,J140932,-0.99
11000021,31001743,J134333,-0.99
11000021,31001744,J160156,-0.99
11000021,31001745,J150944,-0.99
11000021,31001746,J113508,-0.99
11000021,31001747,J151757,-0.99
11000021,31001748,J142800,-0.99
11000021,31001749,J170642,-0.99
11000021,31001750,J130451,-0.99
11000021,31001751,J113158,-0.99
11000021,31001752,J225133,-0.99
11000021,31001753,J100001,-0.99
11000021,31001754,J155831,-0.99
11000021,31001755,J145749,-0.99
11000021,31001756,J164659,-0.99
11000021,31001757,J135543,-0.99
11000021,31001758,J132735,-0.99
11000021,31001759,J141740,-0.99
11000021,31001760,J101315,-0.99
11000021,31001761,J123345,-0.99
11000021,31001762,J105621,-0.99
11000021,31001763,J113813,-0.99
11000021,31001764,J135807,-0.99
11000022,31001765,J122728,-0.99
11000022,31001766,J110915,-0.99
11000022,31001767,J171430,-0.99
11000022,31001768,J154321,-0.99
11000022,31001769,J104729,-0.99
11000022,31001770,J111753,-0.99
11000022,31001771,J140823,-0.99
11000022,31001772,J161357,-0.99
11000022,31001773,J162205,-0.99
11000022,31001774,J113950,-0.99
11000022,31001775,J124224,-0.99
11000022,31001776,J155959,-0.99
11000022,31001777,J103213,-0.99
11000022,31001778,J105858,-0.99
11000022,31001779,J172502,-0.99
11000022,31001780,J170151,-0.99
11000022,31001781,J165058,-0.99
11000022,31001782,J173638,-0.99
11000022,31001783,J130330,-0.99
11000022,31001784,J132740,-0.99
11000022,31001785,J133931,-0.99
11000022,31001786,J143902,-0.99
11000022,31001787,J165105,-0.99
11000022,31001788,J141316,-0.99
11000022,31001789,J113152,-0.99
11000022,31001790,J113453,-0.99
11000022,31001791,J144845,-0.99
11000022,31001792,J140053,-0.99
11000022,31001793,J151416,-0.99
11000022,31001794,J100846,-0.99
11000022,31001795,J165943,-0.99
11000022,31001796,J103538,-0.99
11000022,31001797,J154854,-0.99
11000022,31001798,J212627,-0.99
11000022,31001799,J150656,-0.99
11000022,31001800,J224031,-0.99
11000022,31001801,J215455,-0.99
11000022,31001802,J122503,-0.99
11000022,31001803,J103120,-0.99
11000022,31001804,J164528,-0.99
11000022,31001805,J125316,-0.99
11000022,31001806,J113131,-0.99
11000022,31001807,J144038,-0.99
11000022,31001808,J172926,-0.99
11000022,31001809,J154610,-0.99
11000022,31001810,J103412,-0.99
11000022,31001811,J150318,-0.99
11000022,31001812,J211504,-0.99
11000022,31001813,J111617,-0.99
11000022,31001814,J100346,-0.99
11000022,31001815,J143557,-0.99
11000022,31001816,J130001,-0.99
11000022,31001817,J101142,-0.99
11000022,31001818,J155002,-0.99
11000022,31001819,J154232,-0.99
11000022,31001820,J142506,-0.99
11000022,31001821,J155506,-0.99
11000022,31001822,J163754,-0.99
11000022,31001823,J100357,-0.99
11000022,31001824,J115031,-0.99
11000022,31001825,J122706,-0.99
11000022,31001826,J114318,-0.99
11000022,31001827,J150625,-0.99
11000022,31001828,J113437,-0.99
11000022,31001829,J213924,-0.99
11000022,31001830,J152711,-0.99
11000022,31001831,J160929,-0.99
11000022,31001832,J153110,-0.99
11000022,31001833,J132532,-0.99
11000022,31001834,J114031,-0.99
11000022,31001835,J120316,-0.99
11000022,31001836,J151610,-0.99
11000022,31001837,J145937,-0.99
11000022,31001838,J122056,-0.99
11000022,31001839,J170127,-0.99
11000022,31001840,J145424,-0.99
11000022,31001841,J101835,-0.99
11000022,31001842,J103907,-0.99
11000022,31001843,J130237,-0.99
11000022,31001844,J104948,-0.99
11000022,31001845,J120844,-0.99
11000022,31001846,J154824,-0.99
11000022,31001847,J134216,-0.99
11000022,31001848,J120131,-0.99
11000022,31001849,J120134,-0.99
11000022,31001850,J224558,-0.99
11000022,31001851,J161029,-0.99
11000023,31001852,J225530,-0.99
11000023,31001853,J154407,-0.99
11000023,31001854,J140720,-0.99
11000023,31001855,J222125,-0.99
11000023,31001856,J152502,-0.99
11000023,31001857,J220215,-0.99
11000023,31001858,J141647,-0.99
11000023,31001859,J101957,-0.99
11000023,31001860,J223808,-0.99
11000023,31001861,J105433,-0.99
11000023,31001862,J153722,-0.99
11000023,31001863,J105348,-0.99
11000023,31001864,J113133,-0.99
11000023,31001865,J105319,-0.99
11000023,31001866,J162828,-0.99
11000023,31001867,J233449,-0.99
11000023,31001868,J150026,-0.99
11000023,31001869,J125629,-0.99
11000023,31001870,J123246,-0.99
11000023,31001871,J215615,-0.99
11000023,31001872,J152404,-0.99
11000023,31001873,J132152,-0.99
11000023,31001874,J145335,-0.99
11000023,31001875,J162255,-0.99
11000023,31001876,J112722,-0.99
11000023,31001877,J134459,-0.99
11000023,31001878,J131624,-0.99
11000023,31001879,J165611,-0.99
11000024,31001880,J152820,-0.99
11000024,31001881,J135100,-0.99
11000024,31001882,J122515,-0.99
11000024,31001883,J172943,-0.99
11000024,31001884,J205738,-0.99
11000024,31001885,J134242,-0.99
11000024,31001886,J103251,-0.99
11000024,31001887,J111220,-0.99
11000024,31001888,J170540,-0.99
11000024,31001889,J102446,-0.99
11000024,31001890,J141137,-0.99
11000024,31001891,J164147,-0.99
11000024,31001892,J100702,-0.99
11000024,31001893,J133119,-0.99
11000024,31001894,J124730,-0.99
11000024,31001895,J132823,-0.99
11000024,31001896,J100724,-0.99
11000024,31001897,J162638,-0.99
11000024,31001898,J230257,-0.99
11000024,31001899,J223018,-0.99
11000024,31001900,J135449,-0.99
11000024,31001901,J133537,-0.99
11000024,31001902,J155714,-0.99
11000024,31001903,J112325,-0.99
11000024,31001904,J150606,-0.99
11000024,31001905,J110550,-0.99
11000024,31001906,J205659,-0.99
11000024,31001907,J100120,-0.99
11000024,31001908,J151057,-0.99
11000024,31001909,J213245,-0.99
11000024,31001910,J121230,-0.99
11000024,31001911,J145203,-0.99
11000024,31001912,J111106,-0.99
11000024,31001913,J222834,-0.99
11000024,31001914,J232336,-0.99
11000024,31001915,J161032,-0.99
11000024,31001916,J154733,-0.99
11000024,31001917,J153144,-0.99
11000024,31001918,J122721,-0.99
11000024,31001919,J133440,-0.99
11000024,31001920,J103727,-0.99
11000024,31001921,J152739,-0.99
11000024,31001922,J140717,-0.99
11000024,31001923,J205205,-0.99
11000024,31001924,J130026,-0.99
11000024,31001925,J151035,-0.99
11000024,31001926,J112603,-0.99
11000024,31001927,J151811,-0.99
11000024,31001928,J105441,-0.99
11000024,31001929,J124949,-0.99
11000024,31001930,J130711,-0.99
11000024,31001931,J131948,-0.99
11000024,31001932,J132814,-0.99
11000024,31001933,J213734,-0.99
11000024,31001934,J140608,-0.99
11000024,31001935,J212336,-0.99
11000024,31001936,J104448,-0.99
11000024,31001937,J164846,-0.99
11000024,31001938,J161354,-0.99
11000024,31001939,J103959,-0.99
11000024,31001940,J114353,-0.99
11000024,31001941,J171622,-0.99
11000024,31001942,J143123,-0.99
11000024,31001943,J125023,-0.99
11000024,31001944,J122116,-0.99
11000024,31001945,J151718,-0.99
11000024,31001946,J153335,-0.99
11000024,31001947,J170122,-0.99
11000024,31001948,J150515,-0.99
11000024,31001949,J104216,-0.99
11000024,31001950,J111000,-0.99
11000024,31001951,J155600,-0.99
11000024,31001952,J132601,-0.99
11000024,31001953,J132258,-0.99
11000024,31001954,J221512,-0.99
11000024,31001955,J125853,-0.99
11000024,31001956,J141609,-0.99
11000024,31001957,J134096,-0.99
11000024,31001958,J121146,-0.99
11000024,31001959,J121649,-0.99
11000024,31001960,J135559,-0.99
11000024,31001961,J130735,-0.99
11000024,31001962,J144115,-0.99
11000024,31001963,J112241,-0.99
11000024,31001964,J141204,-0.99
11000024,31001965,J131401,-0.99
11000024,31001966,J170231,-0.99
11000024,31001967,J164430,-0.99
11000025,31001968,J143740,-0.99
11000025,31001969,J115517,-0.99
11000025,31001970,J230936,-0.99
11000025,31001971,J133525,-0.99
11000025,31001972,J215338,-0.99
11000025,31001973,J112003,-0.99
11000025,31001974,J214318,-0.99
11000025,31001975,J110938,-0.99
11000025,31001976,J103453,-0.99
11000025,31001977,J101000,-0.99
11000025,31001978,J110117,-0.99
11000025,31001979,J100328,-0.99
11000025,31001980,J155845,-0.99
11000025,31001981,J152703,-0.99
11000025,31001982,J110628,-0.99
11000025,31001983,J142438,-0.99
11000025,31001984,J153054,-0.99
11000025,31001985,J114019,-0.99
11000025,31001986,J233255,-0.99
11000025,31001987,J135046,-0.99
11000025,31001988,J145322,-0.99
11000025,31001989,J112844,-0.99
11000025,31001990,J120816,-0.99
11000025,31001991,J165340,-0.99
11000025,31001992,J124409,-0.99
11000025,31001993,J124733,-0.99
11000025,31001994,J173645,-0.99
11000025,31001995,J165743,-0.99
11000025,31001996,J171013,-0.99
11000025,31001997,J155905,-0.99
11000025,31001998,J213055,-0.99
11000025,31001999,J212224,-0.99
11000025,31002000,J234252,-0.99
11000025,31002001,J150036,-0.99
11000025,31002002,J172431,-0.99
11000025,31002003,J114154,-0.99
11000025,31002004,J115127,-0.99
11000025,31002005,J233658,-0.99
11000025,31002006,J114403,-0.99
11000025,31002007,J165946,-0.99
11000025,31002008,J124046,-0.99
11000025,31002009,J102736,-0.99
11000025,31002010,J133252,-0.99
11000025,31002011,J140600,-0.99
11000025,31002012,J163701,-0.99
11000025,31002013,J115041,-0.99
11000025,31002014,J154726,-0.99
11000025,31002015,J123602,-0.99
11000025,31002016,J100549,-0.99
11000025,31002017,J124100,-0.99
11000025,31002018,J113701,-0.99
11000025,31002019,J164327,-0.99
11000025,31002020,J110018,-0.99
11000025,31002021,J164511,-0.99
11000025,31002022,J130037,-0.99
11000025,31002023,J101028,-0.99
11000025,31002024,J100858,-0.99
11000025,31002025,J151813,-0.99
11000025,31002026,J113758,-0.99
11000025,31002027,J153802,-0.99
11000025,31002028,J130401,-0.99
11000025,31002029,J130241,-0.99
11000025,31002030,J232934,-0.99
11000025,31002031,J213642,-0.99
11000025,31002032,J144107,-0.99
11000025,31002033,J140336,-0.99
11000025,31002034,J214712,-0.99
11000025,31002035,J170809,-0.99
11000025,31002036,J220924,-0.99
11000025,31002037,J142624,-0.99
11000025,31002038,J150306,-0.99
11000025,31002039,J100425,-0.99
11000025,31002040,J161745,-0.99
11000025,31002041,J131718,-0.99
11000025,31002042,J151319,-0.99
11000025,31002043,J113059,-0.99
11000025,31002044,J142234,-0.99
11000025,31002045,J113636,-0.99
11000025,31002046,J142858,-0.99
11000025,31002047,J135540,-0.99
11000025,31002048,J155739,-0.99
11000025,31002049,J132427,-0.99
11000025,31002050,J114337,-0.99
11000025,31002051,J121842,-0.99
11000025,31002052,J100415,-0.99
11000025,31002053,J143057,-0.99
11000025,31002054,J165953,-0.99
11000025,31002055,J102753,-0.99
11000025,31002056,J221325,-0.99
11000025,31002057,J114443,-0.99
11000025,31002058,J125990,-0.99
11000025,31002059,J114518,-0.99
11000025,31002060,J102623,-0.99
11000026,31002061,J164900,-0.99
11000026,31002062,J122049,-0.99
11000026,31002063,J154846,-0.99
11000026,31002064,J115522,-0.99
11000026,31002065,J145844,-0.99
11000026,31002066,J121704,-0.99
11000026,31002067,J121959,-0.99
11000026,31002068,J105849,-0.99
11000026,31002069,J122610,-0.99
11000026,31002070,J152912,-0.99
11000026,31002071,J145359,-0.99
11000026,31002072,J154906,-0.99
11000026,31002073,J160547,-0.99
11000026,31002074,J111150,-0.99
11000026,31002075,J111935,-0.99
11000026,31002076,J100237,-0.99
11000026,31002077,J145735,-0.99
11000026,31002078,J103600,-0.99
11000026,31002079,J211517,-0.99
11000026,31002080,J131128,-0.99
11000026,31002081,J143107,-0.99
11000026,31002082,J213125,-0.99
11000026,31002083,J152325,-0.99
11000026,31002084,J114014,-0.99
11000026,31002085,J215215,-0.99
11000026,31002086,J143718,-0.99
11000026,31002087,J134141,-0.99
11000026,31002088,J114842,-0.99
11000026,31002089,J105504,-0.99
11000026,31002090,J130302,-0.99
11000026,31002091,J170327,-0.99
11000026,31002092,J120823,-0.99
11000026,31002093,J153449,-0.99
11000026,31002094,J164621,-0.99
11000026,31002095,J142631,-0.99
11000026,31002096,J134652,-0.99
11000026,31002097,J123628,-0.99
11000026,31002098,J130621,-0.99
11000026,31002099,J171158,-0.99
11000026,31002100,J163930,-0.99
11000026,31002101,J113907,-0.99
11000026,31002102,J164610,-0.99
11000026,31002103,J145512,-0.99
11000026,31002104,J133833,-0.99
11000026,31002105,J141250,-0.99
11000026,31002106,J105623,-0.99
11000026,31002107,J120010,-0.99
11000026,31002108,J233630,-0.99
11000026,31002109,J162007,-0.99
11000026,31002110,J215124,-0.99
11000026,31002111,J141615,-0.99
11000026,31002112,J133222,-0.99
11000026,31002113,J105822,-0.99
11000026,31002114,J171136,-0.99
11000026,31002115,J152111,-0.99
11000026,31002116,J104846,-0.99
11000026,31002117,J123440,-0.99
11000026,31002118,J121416,-0.99
11000026,31002119,J161635,-0.99
11000026,31002120,J141043,-0.99
11000026,31002121,J163408,-0.99
11000026,31002122,J135204,-0.99
11000026,31002123,J133913,-0.99
11000026,31002124,J153447,-0.99
11000026,31002125,J145313,-0.99
11000027,31002126,J162753,-0.99
11000027,31002127,J135301,-0.99
11000027,31002128,J125254,-0.99
11000027,31002129,J145320,-0.99
11000027,31002130,J103116,-0.99
11000027,31002131,J120437,-0.99
11000027,31002132,J100252,-0.99
11000027,31002133,J153919,-0.99
11000027,31002134,J115520,-0.99
11000027,31002135,J100919,-0.99
11000027,31002136,J115933,-0.99
11000027,31002137,J133529,-0.99
11000027,31002138,J131549,-0.99
11000027,31002139,J205517,-0.99
11000027,31002140,J220546,-0.99
11000027,31002141,J102853,-0.99
11000027,31002142,J115418,-0.99
11000027,31002143,J155040,-0.99
11000027,31002144,J172937,-0.99
11000027,31002145,J122757,-0.99
11000027,31002146,J100759,-0.99
11000027,31002147,J145416,-0.99
11000027,31002148,J152034,-0.99
11000027,31002149,J125544,-0.99
11000027,31002150,J123235,-0.99
11000027,31002151,J151204,-0.99
11000027,31002152,J104537,-0.99
11000027,31002153,J162047,-0.99
11000027,31002154,J140514,-0.99
11000027,31002155,J154152,-0.99
11000027,31002156,J143626,-0.99
11000027,31002157,J161737,-0.99
11000027,31002158,J142110,-0.99
11000027,31002159,J112042,-0.99
11000027,31002160,J105719,-0.99
11000027,31002161,J101556,-0.99
11000027,31002162,J230047,-0.99
11000027,31002163,J213226,-0.99
11000027,31002164,J104218,-0.99
11000027,31002165,J115308,-0.99
11000027,31002166,J140418,-0.99
11000027,31002167,J101343,-0.99
11000027,31002168,J105135,-0.99
11000027,31002169,J111818,-0.99
11000027,31002170,J110841,-0.99
11000027,31002171,J134024,-0.99
11000027,31002172,J142349,-0.99
11000027,31002173,J212203,-0.99
11000027,31002174,J124942,-0.99
11000027,31002175,J131747,-0.99
11000027,31002176,J133553,-0.99
11000027,31002177,J115422,-0.99
11000027,31002178,J103448,-0.99
11000027,31002179,J161301,-0.99
11000027,31002180,J130334,-0.99
11000027,31002181,J172125,-0.99
11000027,31002182,J114537,-0.99
11000027,31002183,J134440,-0.99
11000027,31002184,J101912,-0.99
11000027,31002185,J214006,-0.99
11000027,31002186,J235108,-0.99
11000027,31002187,J124538,-0.99
11000027,31002188,J125641,-0.99
11000027,31002189,J141728,-0.99
11000027,31002190,J100616,-0.99
11000027,31002191,J204350,-0.99
11000027,31002192,J151300,-0.99
11000027,31002193,J114041,-0.99
11000028,31002194,J115644,-0.99
11000028,31002195,J103328,-0.99
11000028,31002196,J143127,-0.99
11000028,31002197,J121459,-0.99
11000028,31002198,J114441,-0.99
11000028,31002199,J102345,-0.99
11000028,31002200,J161609,-0.99
11000028,31002201,J131646,-0.99
11000028,31002202,J144543,-0.99
11000028,31002203,J123658,-0.99
11000028,31002204,J121450,-0.99
11000028,31002205,J145753,-0.99
11000028,31002206,J130510,-0.99
11000028,31002207,J135402,-0.99
11000028,31002208,J165220,-0.99
11000028,31002209,J124152,-0.99
11000028,31002210,J162349,-0.99
11000028,31002211,J210750,-0.99
11000028,31002212,J235305,-0.99
11000028,31002213,J120546,-0.99
11000028,31002214,J105059,-0.99
11000028,31002215,J140249,-0.99
11000028,31002216,J154551,-0.99
11000028,31002217,J151530,-0.99
11000028,31002218,J122520,-0.99
11000028,31002219,J151200,-0.99
11000028,31002220,J143245,-0.99
11000028,31002221,J124722,-0.99
11000028,31002222,J173506,-0.99
11000028,31002223,J121747,-0.99
11000028,31002224,J235456,-0.99
11000028,31002225,J113712,-0.99
11000028,31002226,J165940,-0.99
11000028,31002227,J165520,-0.99
11000028,31002228,J135653,-0.99
11000028,31002229,J132946,-0.99
11000028,31002230,J134702,-0.99
11000028,31002231,J111249,-0.99
11000028,31002232,J105607,-0.99
11000028,31002233,J100551,-0.99
11000028,31002234,J140524,-0.99
11000028,31002235,J234152,-0.99
11000028,31002236,J164732,-0.99
11000028,31002237,J131505,-0.99
11000028,31002238,J115405,-0.99
11000028,31002239,J215009,-0.99
11000028,31002240,J161940,-0.99
11000028,31002241,J145825,-0.99
11000028,31002242,J132605,-0.99
11000028,31002243,J115907,-0.99
11000028,31002244,J125634,-0.99
11000028,31002245,J110530,-0.99
11000028,31002246,J100854,-0.99
11000028,31002247,J102053,-0.99
11000028,31002248,J111518,-0.99
11000028,31002249,J145349,-0.99
11000028,31002250,J145846,-0.99
11000028,31002251,J215554,-0.99
11000028,31002252,J115950,-0.99
11000028,31002253,J100109,-0.99
11000028,31002254,J161838,-0.99
11000028,31002255,J173052,-0.99
11000028,31002256,J170807,-0.99
11000028,31002257,J105246,-0.99
11000028,31002258,J144944,-0.99
11000028,31002259,J170930,-0.99
11000028,31002260,J130039,-0.99
11000028,31002261,J103615,-0.99
11000028,31002262,J111227,-0.99
11000028,31002263,J153222,-0.99
11000028,31002264,J144434,-0.99
11000028,31002265,J230842,-0.99
11000028,31002266,J172139,-0.99
11000028,31002267,J232741,-0.99
11000028,31002268,J110634,-0.99
11000028,31002269,J124058,-0.99
11000028,31002270,J123432,-0.99
11000028,31002271,J151909,-0.99
11000028,31002272,J145706,-0.99
11000028,31002273,J230242,-0.99
11000028,31002274,J172840,-0.99
11000028,31002275,J131450,-0.99
11000028,31002276,J125101,-0.99
11000028,31002277,J142910,-0.99
11000028,31002278,J131142,-0.99
11000028,31002279,J152827,-0.99
11000028,31002280,J115901,-0.99
11000028,31002281,J114100,-0.99
11000028,31002282,J162132,-0.99
11000029,31002283,J171722,-0.99
11000029,31002284,J135554,-0.99
11000029,31002285,J214212,-0.99
11000029,31002286,J130305,-0.99
11000029,31002287,J111543,-0.99
11000029,31002288,J160623,-0.99
11000029,31002289,J234722,-0.99
11000029,31002290,J133513,-0.99
11000029,31002291,J104704,-0.99
11000029,31002292,J120354,-0.99
11000029,31002293,J165312,-0.99
11000029,31002294,J103812,-0.99
11000029,31002295,J143525,-0.99
11000029,31002296,J125716,-0.99
11000029,31002297,J143845,-0.99
11000029,31002298,J135626,-0.99
11000029,31002299,J115905,-0.99
11000029,31002300,J233917,-0.99
11000029,31002301,J140343,-0.99
11000029,31002302,J114315,-0.99
11000029,31002303,J142653,-0.99
11000029,31002304,J132546,-0.99
11000029,31002305,J165205,-0.99
11000029,31002306,J122518,-0.99
11000029,31002307,J153825,-0.99
11000029,31002308,J101435,-0.99
11000029,31002309,J143819,-0.99
11000029,31002310,J170417,-0.99
11000029,31002311,J115727,-0.99
11000029,31002312,J115124,-0.99
11000029,31002313,J135533,-0.99
11000029,31002314,J230745,-0.99
11000029,31002315,J112918,-0.99
11000029,31002316,J111640,-0.99
11000029,31002317,J231137,-0.99
11000029,31002318,J111613,-0.99
11000029,31002319,J145131,-0.99
11000029,31002320,J111003,-0.99
11000029,31002321,J131520,-0.99
11000029,31002322,J120922,-0.99
11000029,31002323,J142138,-0.99
11000029,31002324,J153106,-0.99
11000029,31002325,J111939,-0.99
11000029,31002326,J173550,-0.99
11000029,31002327,J145310,-0.99
11000029,31002328,J155928,-0.99
11000029,31002329,J234208,-0.99
11000029,31002330,J105722,-0.99
11000029,31002331,J123546,-0.99
11000029,31002332,J210235,-0.99
11000029,31002333,J170736,-0.99
11000029,31002334,J170240,-0.99
11000029,31002335,J125532,-0.99
11000029,31002336,J133923,-0.99
11000029,31002337,J131509,-0.99
11000029,31002338,J210519,-0.99
11000029,31002339,J233517,-0.99
11000029,31002340,J162612,-0.99
11000029,31002341,J123055,-0.99
11000029,31002342,J212302,-0.99
11000029,31002343,J102103,-0.99
11000029,31002344,J213956,-0.99
11000029,31002345,J161944,-0.99
11000029,31002346,J135705,-0.99
11000029,31002347,J103215,-0.99
11000029,31002348,J141032,-0.99
11000029,31002349,J135306,-0.99
11000029,31002350,J155256,-0.99
11000029,31002351,J162853,-0.99
11000029,31002352,J104809,-0.99
11000029,31002353,J144454,-0.99
11000029,31002354,J110759,-0.99
11000029,31002355,J215304,-0.99
11000029,31002356,J110946,-0.99
11000029,31002357,J230221,-0.99
11000029,31002358,J140133,-0.99
11000029,31002359,J105531,-0.99
11000029,31002360,J213502,-0.99
11000029,31002361,J101647,-0.99
11000029,31002362,J133023,-0.99
11000029,31002363,J164553,-0.99
11000029,31002364,J232959,-0.99
11000029,31002365,J152106,-0.99
11000029,31002366,J142535,-0.99
11000030,31002367,J104859,-0.99
11000030,31002368,J155838,-0.99
11000030,31002369,J164745,-0.99
11000030,31002370,J135504,-0.99
11000030,31002371,J115923,-0.99
11000030,31002372,J151325,-0.99
11000030,31002373,J105705,-0.99
11000030,31002374,J141434,-0.99
11000030,31002375,J115844,-0.99
11000030,31002376,J133906,-0.99
11000030,31002377,J115855,-0.99
11000030,31002378,J150020,-0.99
11000030,31002379,J142528,-0.99
11000030,31002380,J130900,-0.99
11000030,31002381,J222045,-0.99
11000030,31002382,J111450,-0.99
11000030,31002383,J103800,-0.99
11000030,31002384,J144420,-0.99
11000030,31002385,J152550,-0.99
11000030,31002386,J114003,-0.99
11000030,31002387,J143751,-0.99
11000030,31002388,J215930,-0.99
11000030,31002389,J120512,-0.99
11000030,31002390,J145939,-0.99
11000030,31002391,J135623,-0.99
11000030,31002392,J111918,-0.99
11000030,31002393,J162614,-0.99
11000030,31002394,J104921,-0.99
11000030,31002395,J230049,-0.99
11000030,31002396,J115935,-0.99
11000030,31002397,J151920,-0.99
11000030,31002398,J160855,-0.99
11000030,31002399,J155311,-0.99
11000030,31002400,J101553,-0.99
11000030,31002401,J110421,-0.99
11000030,31002402,J155207,-0.99
11000030,31002403,J143200,-0.99
11000030,31002404,J110834,-0.99
11000030,31002405,J142247,-0.99
11000030,31002406,J112028,-0.99
11000030,31002407,J111520,-0.99
11000030,31002408,J161335,-0.99
11000030,31002409,J170118,-0.99
11000030,31002410,J160722,-0.99
11000030,31002411,J124504,-0.99
11000030,31002412,J212612,-0.99
11000030,31002413,J154829,-0.99
11000030,31002414,J144436,-0.99
11000030,31002415,J165641,-0.99
11000030,31002416,J145510,-0.99
11000030,31002417,J110810,-0.99
11000030,31002418,J131916,-0.99
11000030,31002419,J120103,-0.99
11000030,31002420,J171404,-0.99
11000030,31002421,J104632,-0.99
11000030,31002422,J103400,-0.99
11000030,31002423,J154021,-0.99
11000030,31002424,J122249,-0.99
11000030,31002425,J213753,-0.99
11000030,31002426,J155650,-0.99
11000030,31002427,J152722,-0.99
11000030,31002428,J100501,-0.99
11000030,31002429,J140918,-0.99
11000030,31002430,J103414,-0.99
11000030,31002431,J223432,-0.99
11000030,31002432,J100409,-0.99
11000030,31002433,J141502,-0.99
11000030,31002434,J115008,-0.99
11000030,31002435,J112829,-0.99
11000030,31002436,J105801,-0.99
11000030,31002437,J105023,-0.99
11000030,31002438,J101652,-0.99
11000030,31002439,J163225,-0.99
11000030,31002440,J135220,-0.99
11000030,31002441,J114430,-0.99
11000030,31002442,J103504,-0.99
11000030,31002443,J123940,-0.99
11000030,31002444,J104857,-0.99
11000030,31002445,J112417,-0.99
11000030,31002446,J205141,-0.99
11000030,31002447,J104037,-0.99
11000030,31002448,J144902,-0.99
11000030,31002449,J122818,-0.99
11000030,31002450,J211353,-0.99
11000030,31002451,J104136,-0.99
11000030,31002452,J172842,-0.99
11000030,31002453,J122452,-0.99
11000030,31002454,J140200,-0.99
11000030,31002455,J232246,-0.99
11000030,31002456,J101748,-0.99
11000030,31002457,J133241,-0.99
11000030,31002458,J151817,-0.99
11000030,31002459,J124201,-0.99
11000030,31002460,J125111,-0.99
11000030,31002461,J101755,-0.99
11000030,31002462,J101708,-0.99
11000030,31002463,J135031,-0.99
11000030,31002464,J152117,-0.99
11000030,31002465,J164701,-0.99
11000030,31002466,J132106,-0.99
11000030,31002467,J141319,-0.99
11000030,31002468,J170845,-0.99
11000030,31002469,J161215,-0.99
11000030,31002470,J111447,-0.99
11000029,31002471,J222408,-0.99
11000028,31002472,J161747,-0.99
11000029,31002473,J132328,-0.99
11000030,31002474,J153217,-0.99
11000029,31002475,J142814,-0.99
11000026,31002476,J101248,-0.99
11000029,31002477,J135825,-0.99
11000030,31002478,J151838,-0.99
11000028,31002479,J100820,-0.99
11000029,31002480,J213344,-0.99
11000025,31002481,J103701,-0.99
11000025,31002482,J171246,-0.99
11000024,31002483,J170158,-0.99
11000030,31002484,J230559,-0.99
11000025,31002485,J145208,-0.99
11000024,31002486,J224721,-0.99
11000030,31002487,J105934,-0.99
11000025,31002488,J130818,-0.99
11000030,31002489,J140555,-0.99
11000027,31002490,J221356,-0.99
11000028,31002491,J111245,-0.99
11000030,31002492,J102834,-0.99
11000026,31002493,J154509,-0.99
11000025,31002494,J234928,-0.99
11000030,31002495,J222604,-0.99
11000025,31002496,J133011,-0.99
11000029,31002497,J125245,-0.99
11000030,31002498,J145523,-0.99
11000027,31002499,J143605,-0.99
11000024,31002500,J120750,-0.99
11000026,31002501,J104617,-0.99
11000030,31002502,J125122,-0.99
11000025,31002503,J114809,-0.99
11000027,31002504,J125657,-0.99
11000001,31002505,J015092,-0.99
11000001,31002506,J005834,-0.99
11000001,31002507,J012402,-0.99
11000001,31002508,J005926,-0.99
11000001,31002509,J010569,-0.99
11000001,31002510,J012157,-0.99
11000001,31002511,J002757,-0.99
11000001,31002512,J004791,-0.99
11000001,31002513,J004317,-0.99
11000001,31002514,J002216,-0.99
11000004,31002515,J005482,-0.99
11000004,31002516,J005900,-0.99
11000004,31002517,J013070,-0.99
11000004,31002518,J001057,-0.99
11000004,31002519,J011321,-0.99
11000004,31002520,J013123,-0.99
11000004,31002521,J012735,-0.99
11000004,31002522,J012635,-0.99
11000004,31002523,J010000,-0.99
11000004,31002524,J001890,-0.99
11000004,31002525,J002964,-0.99
11000004,31002526,J004686,-0.99
11000009,31002527,J011563,-0.99
11000009,31002528,J001348,-0.99
11000009,31002529,J002838,-0.99
11000009,31002530,J001670,-0.99
11000009,31002531,J014348,-0.99
11000009,31002532,J003789,-0.99
11000009,31002533,J012794,-0.99
11000009,31002534,J005923,-0.99
11000009,31002535,J001398,-0.99
11000009,31002536,J011339,-0.99
11000009,31002537,J004283,-0.99
11000016,31002538,J002625,-0.99
11000016,31002539,J004470,-0.99
11000016,31002540,J011824,-0.99
11000016,31002541,J010247,-0.99
11000016,31002542,J002423,-0.99
11000016,31002543,J001302,-0.99
11000016,31002544,J010556,-0.99
11000016,31002545,J011778,-0.99
11000016,31002546,J005259,-0.99
11000016,31002547,J005969,-0.99
11000016,31002548,J001769,-0.99
11000016,31002549,J004150,-0.99
11000016,31002550,J005872,-0.99
11000016,31002551,J011376,-0.99
11000016,31002552,J005299,-0.99
11000016,31002553,J011355,-0.99
11000016,31002554,J011195,-0.99
11000016,31002555,J005280,-0.99
11000024,31002556,J010811,-0.99
11000024,31002557,J001694,-0.99
11000024,31002558,J003941,-0.99
11000024,31002559,J011790,-0.99
11000024,31002560,J013146,-0.99
11000024,31002561,J004998,-0.99
11000024,31002562,J003382,-0.99
11000024,31002563,J003546,-0.99
11000024,31002564,J001820,-0.99
11000024,31002565,J012578,-0.99
11000024,31002566,J012773,-0.99
11000024,31002567,J005223,-0.99
11000024,31002568,J005663,-0.99
11000024,31002569,J003793,-0.99
11000024,31002570,J004128,-0.99
11000024,31002571,J005070,-0.99
11000024,31002572,J001025,-0.99
11000024,31002573,J005724,-0.99
11000024,31002574,J004921,-0.99
11000030,31002575,J012686,-0.99
11000030,31002576,J010366,-0.99
11000030,31002577,J012475,-0.99
11000030,31002578,J015227,-0.99
11000030,31002579,J010951,-0.99
11000032,31002580,J000895,-0.99
11000032,31002581,J000487,-0.99
11000032,31002582,J000621,-0.99
11000032,31002583,J000551,-0.99
11000032,31002584,J000630,-0.99
11000032,31002585,J000452,-0.99
11000032,31002586,J000327,-0.99
11000032,31002587,J000186,-0.99
11000032,31002588,J000528,-0.99
11000032,31002589,J000353,-0.99
11000032,31002590,J000461,-0.99
11000032,31002591,J000522,-0.99
11000032,31002592,J000965,-0.99
11000032,31002593,J000304,-0.99
11000032,31002594,J000595,-0.99
11000032,31002595,J000685,-0.99
11000032,31002596,J000844,-0.99
11000032,31002597,J000719,-0.99
11000032,31002598,J000726,-0.99
11000032,31002599,J000214,-0.99
11000032,31002600,J000652,-0.99
11000032,31002601,J000313,-0.99
11000032,31002602,J000687,-0.99
11000032,31002603,J000427,-0.99
11000032,31002604,J000102,-0.99
12000001,32000001,AD001,-0.99
12000001,32000002,AD002,-0.99
12000001,32000003,AD003,-0.99
12000001,32000004,AD004,-0.99
12000001,32000005,AD005,-0.99
12000001,32000006,AD006,-0.99
12000001,32000007,AD007,-0.99
12000001,32000008,AD008,-0.99
12000001,32000009,AD009,-0.99
12000001,32000010,AD010,-0.99
12000001,32000011,AD011,-0.99
12000001,32000012,AD012,-0.99
12000001,32000013,AD013,-0.99
12000001,32000014,AD014,-0.99
12000001,32000015,AD015,-0.99
12000001,32000016,AD016,-0.99
12000001,32000017,AD017,-0.99
12000001,32000018,AD018,-0.99
12000001,32000019,AD019,-0.99
12000001,32000020,AD020,-0.99
12000001,32000021,AD021,-0.99
12000001,32000022,AD022,-0.99
12000001,32000023,AD023,-0.99
12000001,32000024,AD024,-0.99
12000001,32000025,AD025,-0.99
12000001,32000026,AD026,-0.99
12000001,32000027,AD027,-0.99
12000001,32000028,AD028,-0.99
12000001,32000029,AD029,-0.99
12000001,32000030,AD030,-0.99
12000001,32000031,AD031,-0.99
12000001,32000032,AD032,-0.99
12000001,32000033,AD033,-0.99
12000001,32000034,AD034,-0.99
12000001,32000035,AD035,-0.99
12000001,32000036,AD036,-0.99
12000001,32000037,AD037,-0.99
12000001,32000038,AD038,-0.99
12000001,32000039,AD039,-0.99
12000001,32000040,AD040,-0.99
12000002,32000041,AD041,-0.99
12000002,32000042,AD042,-0.99
12000002,32000043,AD043,-0.99
12000002,32000044,AD044,-0.99
12000002,32000045,AD045,-0.99
12000002,32000046,AD046,-0.99
12000002,32000047,AD047,-0.99
12000002,32000048,AD048,-0.99
12000002,32000049,AD049,-0.99
12000002,32000050,AD050,-0.99
12000002,32000051,AD051,-0.99
12000002,32000052,AD052,-0.99
12000002,32000053,AD053,-0.99
12000002,32000054,AD054,-0.99
12000002,32000055,AD055,-0.99
12000002,32000056,AD056,-0.99
12000002,32000057,AD057,-0.99
12000002,32000058,AD058,-0.99
12000002,32000059,AD059,-0.99
12000002,32000060,AD060,-0.99
12000002,32000061,AD061,-0.99
12000002,32000062,AD062,-0.99
12000002,32000063,AD063,-0.99
12000002,32000064,AD064,-0.99
12000002,32000065,AD065,-0.99
12000002,32000066,AD066,-0.99
12000002,32000067,AD067,-0.99
12000002,32000068,AD068,-0.99
12000002,32000069,AD069,-0.99
12000002,32000070,AD070,-0.99
12000002,32000071,AD071,-0.99
12000002,32000072,AD072,-0.99
12000002,32000073,AD073,-0.99
12000002,32000074,AD074,-0.99
12000002,32000075,AD075,-0.99
12000002,32000076,AD076,-0.99
12000002,32000077,AD077,-0.99
12000002,32000078,AD078,-0.99
12000002,32000079,AD079,-0.99
12000002,32000080,AD080,-0.99
12000003,32000081,AD081,-0.99
12000003,32000082,AD082,-0.99
12000003,32000083,AD083,-0.99
12000003,32000084,AD084,-0.99
12000003,32000085,AD085,-0.99
12000003,32000086,AD086,-0.99
12000003,32000087,AD087,-0.99
12000003,32000088,AD088,-0.99
12000003,32000089,AD089,-0.99
12000003,32000090,AD090,-0.99
12000003,32000091,AD091,-0.99
12000003,32000092,AD092,-0.99
12000003,32000093,AD093,-0.99
12000003,32000094,AD094,-0.99
12000003,32000095,AD095,-0.99
12000003,32000096,AD096,-0.99
12000003,32000097,AD097,-0.99
12000003,32000098,AD098,-0.99
12000003,32000099,AD099,-0.99
12000003,32000100,AD100,-0.99
12000003,32000101,AD101,-0.99
12000003,32000102,AD102,-0.99
12000003,32000103,AD103,-0.99
12000003,32000104,AD104,-0.99
12000003,32000105,AD105,-0.99
12000003,32000106,AD106,-0.99
12000003,32000107,AD107,-0.99
12000003,32000108,AD108,-0.99
12000003,32000109,AD109,-0.99
12000003,32000110,AD110,-0.99
12000003,32000111,AD111,-0.99
12000003,32000112,AD112,-0.99
12000003,32000113,AD113,-0.99
12000003,32000114,AD114,-0.99
12000003,32000115,AD115,-0.99
12000003,32000116,AD116,-0.99
12000003,32000117,AD117,-0.99
12000003,32000118,AD118,-0.99
12000003,32000119,AD119,-0.99
12000003,32000120,AD120,-0.99
12000004,32000121,AD121,-0.99
12000004,32000122,AD122,-0.99
12000004,32000123,AD123,-0.99
12000004,32000124,AD124,-0.99
12000004,32000125,AD125,-0.99
12000004,32000126,AD126,-0.99
12000004,32000127,AD127,-0.99
12000004,32000128,AD128,-0.99
12000004,32000129,AD129,-0.99
12000004,32000130,AD130,-0.99
12000004,32000131,AD131,-0.99
12000004,32000132,AD132,-0.99
12000004,32000133,AD133,-0.99
12000004,32000134,AD134,-0.99
12000004,32000135,AD135,-0.99
12000004,32000136,AD136,-0.99
12000004,32000137,AD137,-0.99
12000004,32000138,AD138,-0.99
12000004,32000139,AD139,-0.99
12000004,32000140,AD140,-0.99
12000004,32000141,AD141,-0.99
12000004,32000142,AD142,-0.99
12000004,32000143,AD143,-0.99
12000004,32000144,AD144,-0.99
12000004,32000145,AD145,-0.99
12000004,32000146,AD146,-0.99
12000004,32000147,AD147,-0.99
12000004,32000148,AD148,-0.99
12000004,32000149,AD149,-0.99
12000004,32000150,AD150,-0.99
12000004,32000151,AD151,-0.99
12000004,32000152,AD152,-0.99
12000004,32000153,AD153,-0.99
12000004,32000154,AD154,-0.99
12000004,32000155,AD155,-0.99
12000004,32000156,AD156,-0.99
12000004,32000157,AD157,-0.99
12000004,32000158,AD158,-0.99
12000004,32000159,AD159,-0.99
12000004,32000160,AD160,-0.99
12000005,32000161,AD161,-0.99
12000005,32000162,AD162,-0.99
12000005,32000163,AD163,-0.99
12000005,32000164,AD164,-0.99
12000005,32000165,AD165,-0.99
12000005,32000166,AD166,-0.99
12000005,32000167,AD167,-0.99
12000005,32000168,AD168,-0.99
12000005,32000169,AD169,-0.99
12000005,32000170,AD170,-0.99
12000005,32000171,AD171,-0.99
12000005,32000172,AD172,-0.99
12000005,32000173,AD173,-0.99
12000005,32000174,AD174,-0.99
12000005,32000175,AD175,-0.99
12000005,32000176,AD176,-0.99
12000005,32000177,AD177,-0.99
12000005,32000178,AD178,-0.99
12000005,32000179,AD179,-0.99
12000005,32000180,AD180,-0.99
12000005,32000181,AD181,-0.99
12000005,32000182,AD182,-0.99
12000005,32000183,AD183,-0.99
12000005,32000184,AD184,-0.99
12000005,32000185,AD185,-0.99
12000005,32000186,AD186,-0.99
12000005,32000187,AD187,-0.99
12000005,32000188,AD188,-0.99
12000005,32000189,AD189,-0.99
12000005,32000190,AD190,-0.99
12000005,32000191,AD191,-0.99
12000005,32000192,AD192,-0.99
12000005,32000193,AD193,-0.99
12000005,32000194,AD194,-0.99
12000005,32000195,AD195,-0.99
12000005,32000196,AD196,-0.99
12000005,32000197,AD197,-0.99
12000005,32000198,AD198,-0.99
12000005,32000199,AD199,-0.99
12000005,32000200,AD200,-0.99
14000001,34000001,V-001,-0.99
14000001,34000002,V-002,-0.99
14000001,34000003,V-003,-0.99
14000001,34000004,V-004,-0.99
14000001,34000005,V-005,-0.99
14000001,34000006,V-006,-0.99
14000001,34000007,V-007,-0.99
14000001,34000008,V-008,-0.99
14000001,34000009,V-009,-0.99
14000001,34000010,V-010,-0.99
14000001,34000011,V-011,-0.99
14000001,34000012,V-012,-0.99
14000001,34000013,V-013,-0.99
14000001,34000014,V-014,-0.99
14000001,34000015,V-015,-0.99
14000001,34000016,V-016,-0.99
14000001,34000017,V-017,-0.99
14000001,34000018,V-018,-0.99
14000001,34000019,V-019,-0.99
14000001,34000020,V-020,-0.99
14000001,34000021,V-021,-0.99
14000001,34000022,V-022,-0.99
14000001,34000023,V-023,-0.99
14000001,34000024,V-024,-0.99
14000001,34000025,V-025,-0.99
14000001,34000026,V-026,-0.99
14000001,34000027,V-027,-0.99
14000001,34000028,V-028,-0.99
14000001,34000029,V-029,-0.99
14000001,34000030,V-030,-0.99
14000001,34000031,V-031,-0.99
14000001,34000032,V-032,-0.99
14000001,34000033,V-033,-0.99
14000001,34000034,V-034,-0.99
14000001,34000035,V-035,-0.99
14000001,34000036,V-036,-0.99
14000001,34000037,V-037,-0.99
14000001,34000038,V-038,-0.99
14000001,34000039,V-039,-0.99
14000001,34000040,V-040,-0.99
14000002,34000041,V-041,-0.99
14000002,34000042,V-042,-0.99
14000002,34000043,V-043,-0.99
14000002,34000044,V-044,-0.99
14000002,34000045,V-045,-0.99
14000002,34000046,V-046,-0.99
14000002,34000047,V-047,-0.99
14000002,34000048,V-048,-0.99
14000002,34000049,V-049,-0.99
14000002,34000050,V-050,-0.99
14000002,34000051,V-051,-0.99
14000002,34000052,V-052,-0.99
14000002,34000053,V-053,-0.99
14000002,34000054,V-054,-0.99
14000002,34000055,V-055,-0.99
14000002,34000056,V-056,-0.99
14000002,34000057,V-057,-0.99
14000002,34000058,V-058,-0.99
14000002,34000059,V-059,-0.99
14000002,34000060,V-060,-0.99
14000002,34000061,V-061,-0.99
14000002,34000062,V-062,-0.99
14000002,34000063,V-063,-0.99
14000002,34000064,V-064,-0.99
14000002,34000065,V-065,-0.99
14000002,34000066,V-066,-0.99
14000002,34000067,V-067,-0.99
14000002,34000068,V-068,-0.99
14000002,34000069,V-069,-0.99
14000002,34000070,V-070,-0.99
14000002,34000071,V-071,-0.99
14000002,34000072,V-072,-0.99
14000002,34000073,V-073,-0.99
14000002,34000074,V-074,-0.99
14000002,34000075,V-075,-0.99
14000002,34000076,V-076,-0.99
14000002,34000077,V-077,-0.99
14000002,34000078,V-078,-0.99
14000002,34000079,V-079,-0.99
14000002,34000080,V-080,-0.99
14000003,34000081,V-081,-0.99
14000003,34000082,V-082,-0.99
14000003,34000083,V-083,-0.99
14000003,34000084,V-084,-0.99
14000003,34000085,V-085,-0.99
14000003,34000086,V-086,-0.99
14000003,34000087,V-087,-0.99
14000003,34000088,V-088,-0.99
14000003,34000089,V-089,-0.99
14000003,34000090,V-090,-0.99
14000003,34000091,V-091,-0.99
14000003,34000092,V-092,-0.99
14000003,34000093,V-093,-0.99
14000003,34000094,V-094,-0.99
14000003,34000095,V-095,-0.99
14000003,34000096,V-096,-0.99
14000003,34000097,V-097,-0.99
14000003,34000098,V-098,-0.99
14000003,34000099,V-099,-0.99
14000003,34000100,V-100,-0.99
14000003,34000101,V-101,-0.99
14000003,34000102,V-102,-0.99
14000003,34000103,V-103,-0.99
14000003,34000104,V-104,-0.99
14000003,34000105,V-105,-0.99
14000003,34000106,V-106,-0.99
14000003,34000107,V-107,-0.99
14000003,34000108,V-108,-0.99
14000003,34000109,V-109,-0.99
14000003,34000110,V-110,-0.99
14000003,34000111,V-111,-0.99
14000003,34000112,V-112,-0.99
14000003,34000113,V-113,-0.99
14000003,34000114,V-114,-0.99
14000003,34000115,V-115,-0.99
14000003,34000116,V-116,-0.99
14000003,34000117,V-117,-0.99
14000003,34000118,V-118,-0.99
14000003,34000119,V-119,-0.99
14000003,34000120,V-120,-0.99
14000004,34000121,V-121,-0.99
14000004,34000122,V-122,-0.99
14000004,34000123,V-123,-0.99
14000004,34000124,V-124,-0.99
14000004,34000125,V-125,-0.99
14000004,34000126,V-126,-0.99
14000004,34000127,V-127,-0.99
14000004,34000128,V-128,-0.99
14000004,34000129,V-129,-0.99
14000004,34000130,V-130,-0.99
14000004,34000131,V-131,-0.99
14000004,34000132,V-132,-0.99
14000004,34000133,V-133,-0.99
14000004,34000134,V-134,-0.99
14000004,34000135,V-135,-0.99
14000004,34000136,V-136,-0.99
14000004,34000137,V-137,-0.99
14000004,34000138,V-138,-0.99
14000004,34000139,V-139,-0.99
14000004,34000140,V-140,-0.99
14000004,34000141,V-141,-0.99
14000004,34000142,V-142,-0.99
14000004,34000143,V-143,-0.99
14000004,34000144,V-144,-0.99
14000004,34000145,V-145,-0.99
14000004,34000146,V-146,-0.99
14000004,34000147,V-147,-0.99
14000004,34000148,V-148,-0.99
14000004,34000149,V-149,-0.99
14000004,34000150,V-150,-0.99
14000004,34000151,V-151,-0.99
14000004,34000152,V-152,-0.99
14000004,34000153,V-153,-0.99
14000004,34000154,V-154,-0.99
14000004,34000155,V-155,-0.99
14000004,34000156,V-156,-0.99
14000004,34000157,V-157,-0.99
14000004,34000158,V-158,-0.99
14000004,34000159,V-159,-0.99
14000004,34000160,V-160,-0.99
14000005,34000161,V-161,-0.99
14000005,34000162,V-162,-0.99
14000005,34000163,V-163,-0.99
14000005,34000164,V-164,-0.99
14000005,34000165,V-165,-0.99
14000005,34000166,V-166,-0.99
14000005,34000167,V-167,-0.99
14000005,34000168,V-168,-0.99
14000005,34000169,V-169,-0.99
14000005,34000170,V-170,-0.99
14000005,34000171,V-171,-0.99
14000005,34000172,V-172,-0.99
14000005,34000173,V-173,-0.99
14000005,34000174,V-174,-0.99
14000005,34000175,V-175,-0.99
14000005,34000176,V-176,-0.99
14000005,34000177,V-177,-0.99
14000005,34000178,V-178,-0.99
14000005,34000179,V-179,-0.99
14000005,34000180,V-180,-0.99
14000005,34000181,V-181,-0.99
14000005,34000182,V-182,-0.99
14000005,34000183,V-183,-0.99
14000005,34000184,V-184,-0.99
14000005,34000185,V-185,-0.99
14000005,34000186,V-186,-0.99
14000005,34000187,V-187,-0.99
14000005,34000188,V-188,-0.99
14000005,34000189,V-189,-0.99
14000005,34000190,V-190,-0.99
14000005,34000191,V-191,-0.99
14000005,34000192,V-192,-0.99
14000005,34000193,V-193,-0.99
14000005,34000194,V-194,-0.99
14000005,34000195,V-195,-0.99
14000005,34000196,V-196,-0.99
14000005,34000197,V-197,-0.99
14000005,34000198,V-198,-0.99
14000005,34000199,V-199,-0.99
14000005,34000200,V-200,-0.99
19000001,36000001,GPMS-01,1.0
